game_id,season,season_type,week,fav_team,dog_team,trigger_play_id,play_number,trigger_play_type,quarter,drive_number_in_game,fav_deficit,dog_score_at_trigger,fav_score_at_trigger,dog_points_from_explosives,dog_points_from_sustained,dog_points_from_returns,bucket_sum,delta,dog_explosive_play_count
400852668,2015,postseason,1,Arizona,New Mexico,400852668101904701,6,Field Goal Good,1,3,3,3,0,6,0,0,6,-3,6
400852687,2015,postseason,1,Western Kentucky,South Florida,400852687101947801,7,Rushing Touchdown,1,6,3,7,0,12,0,0,12,-5,12
400852687,2015,postseason,1,Western Kentucky,South Florida,400852687101947801,7,Rushing Touchdown,1,6,7,7,0,12,0,0,12,-5,12
400852708,2015,postseason,1,Utah State,Akron,400852708102974601,14,Field Goal Good,2,13,10,10,0,12,3,0,15,-5,4
400852709,2015,postseason,1,Temple,Toledo,400852709102878301,6,Passing Touchdown,2,7,3,9,3,12,0,2,14,-5,3
400852709,2015,postseason,1,Temple,Toledo,400852709102999901,8,Field Goal Good,2,13,7,12,3,18,0,2,20,-8,4
400852711,2015,postseason,1,Bowling Green,Georgia Southern,400852711101914701,9,Rushing Touchdown,1,2,3,7,0,18,6,2,26,-19,13
400852711,2015,postseason,1,Bowling Green,Georgia Southern,400852711101914701,9,Rushing Touchdown,1,2,7,7,0,18,6,2,26,-19,13
400852714,2015,postseason,1,Cincinnati,San Diego State,400852714101909101,10,Passing Touchdown,1,3,10,14,0,6,6,12,24,-10,3
400852714,2015,postseason,1,Cincinnati,San Diego State,400852714101909101,10,Passing Touchdown,1,3,14,14,0,6,6,12,24,-10,3
400852718,2015,postseason,1,Indiana,Duke,400852718101905101,13,Field Goal Good,1,2,3,3,0,12,9,6,27,-24,8
400852724,2015,postseason,1,Baylor,North Carolina,400852724101916201,14,Passing Touchdown,1,2,3,7,0,12,9,0,21,-14,7
400852724,2015,postseason,1,Baylor,North Carolina,400852724101916201,14,Passing Touchdown,1,2,7,7,0,12,9,0,21,-14,7
400852725,2015,postseason,1,Colorado State,Nevada,400852725101927801,10,Field Goal Good,1,2,3,3,0,6,0,6,12,-9,9
400852730,2015,postseason,1,USC,Wisconsin,400852730102866901,10,Field Goal Good,2,5,3,3,0,6,3,0,9,-6,7
400852731,2015,postseason,1,Florida State,Houston,400852731101948201,12,Rushing Touchdown,1,4,3,7,0,12,6,0,18,-11,7
400852731,2015,postseason,1,Florida State,Houston,400852731101948201,12,Rushing Touchdown,1,4,7,7,0,12,6,0,18,-11,7
400852738,2015,postseason,1,Ole Miss,Oklahoma State,400852738101954701,8,Field Goal Good,1,4,3,3,0,6,0,0,6,-3,7
400852742,2015,postseason,1,Arizona State,West Virginia,400852742102997101,11,Passing Touchdown,2,17,7,22,13,24,0,0,24,-2,15
400763495,2015,regular,1,Nebraska,BYU,400763495102945701,13,Field Goal Good,2,9,3,17,14,21,6,0,27,-10,9
400763587,2015,regular,1,Georgia State,Charlotte,400763587101914101,8,Field Goal Good,1,3,10,10,0,6,0,6,12,-2,6
400763593,2015,regular,1,UCF,Florida International,400763593101938901,17,Field Goal Good,1,2,3,3,0,12,0,0,12,-9,5
400787115,2015,regular,1,Northern Illinois,UNLV,400787115102958101,15,Field Goal Good,2,11,14,17,3,18,6,0,24,-7,9
400787302,2015,regular,1,Ohio,Idaho,400787302103915810,12,Rush,3,17,3,1,-13,12,0,0,12,-11,6
400787302,2015,regular,1,Ohio,Idaho,400787302103915810,12,Rush,3,17,7,1,-13,12,0,0,12,-11,6
400787302,2015,regular,1,Ohio,Idaho,400787302103915810,12,Rush,3,17,10,1,-13,12,0,0,12,-11,6
400787302,2015,regular,1,Ohio,Idaho,400787302103915810,12,Rush,3,17,14,1,-13,12,0,0,12,-11,6
400603867,2015,regular,2,South Carolina,Kentucky,400603867102927001,20,Field Goal Good,2,8,10,17,7,18,0,2,20,-3,8
400603868,2015,regular,2,Oklahoma,Tennessee,400603868101904801,12,Field Goal Good,1,2,3,3,0,12,6,0,18,-15,8
400603868,2015,regular,2,Oklahoma,Tennessee,400603868101984301,8,Passing Touchdown,1,6,7,10,0,6,6,0,12,-2,7
400603868,2015,regular,2,Oklahoma,Tennessee,400603868101984301,8,Passing Touchdown,1,6,10,10,0,6,6,0,12,-2,7
400760492,2015,regular,2,UConn,Army,400760492101918101,9,Field Goal Good,1,2,3,3,0,12,0,0,12,-9,4
400763499,2015,regular,2,Minnesota,Colorado State,400763499101889401,7,Rushing Touchdown,1,3,3,7,0,6,3,0,9,-2,2
400763499,2015,regular,2,Minnesota,Colorado State,400763499101889401,7,Rushing Touchdown,1,3,7,7,0,6,3,0,9,-2,2
400763502,2015,regular,2,Maryland,Bowling Green,400763502104857201,22,Passing Touchdown,4,23,3,27,20,18,18,0,36,-9,9
400763502,2015,regular,2,Maryland,Bowling Green,400763502104857201,22,Passing Touchdown,4,23,7,27,20,18,18,0,36,-9,9
400764862,2015,regular,2,Cincinnati,Temple,400764862101936001,5,Field Goal Good,1,4,3,3,0,6,0,6,12,-9,3
400764863,2015,regular,2,New Mexico,Tulsa,400764863101924301,9,Field Goal Good,1,4,3,10,7,12,3,0,15,-5,12
400764863,2015,regular,2,New Mexico,Tulsa,400764863103879901,13,Field Goal Good,3,15,7,23,14,27,3,0,30,-7,13
400787119,2015,regular,2,Wyoming,Eastern Michigan,400787119101984501,12,Passing Touchdown,1,5,3,14,7,30,3,0,33,-19,11
400787119,2015,regular,2,Wyoming,Eastern Michigan,400787119101984501,12,Passing Touchdown,1,5,7,14,7,30,3,0,33,-19,11
400787308,2015,regular,2,Western Michigan,Georgia Southern,400787308101967801,4,Rushing Touchdown,1,4,3,7,3,12,0,0,12,-5,8
400787308,2015,regular,2,Western Michigan,Georgia Southern,400787308102949301,12,Rushing Touchdown,2,8,7,16,3,27,3,2,32,-16,11
400787308,2015,regular,2,Western Michigan,Georgia Southern,400787308102949301,12,Rushing Touchdown,2,8,10,16,3,27,3,2,32,-16,11
400787415,2015,regular,2,New Mexico State,Georgia State,400787415101966801,13,Passing Touchdown,1,3,7,10,0,9,6,0,15,-5,8
400787415,2015,regular,2,New Mexico State,Georgia State,400787415101966801,13,Passing Touchdown,1,3,10,10,0,9,6,0,15,-5,8
400603850,2015,regular,3,Alabama,Ole Miss,400603850102926901,7,Rushing Touchdown,2,9,7,10,3,18,9,0,27,-17,11
400756921,2015,regular,3,Duke,Northwestern,400756921103905301,10,Field Goal Good,3,22,3,12,7,9,0,6,15,-3,4
400757027,2015,regular,3,UCLA,BYU,400757027101906001,11,Rushing Touchdown,1,2,3,7,0,6,3,0,9,-2,3
400757027,2015,regular,3,UCLA,BYU,400757027101906001,11,Rushing Touchdown,1,2,7,7,0,6,3,0,9,-2,3
400757034,2015,regular,3,California,Texas,400757034102874701,11,Field Goal Good,2,6,3,10,7,24,6,0,30,-20,12
400763417,2015,regular,3,Kansas State,Louisiana Tech,400763417102998601,10,Field Goal Good,2,12,3,10,6,12,3,0,15,-5,9
400763417,2015,regular,3,Kansas State,Louisiana Tech,400763417103948301,11,Field Goal Good,3,16,7,13,6,15,3,0,18,-5,9
400763509,2015,regular,3,Indiana,Western Kentucky,400763509102854301,14,Rushing Touchdown,2,6,3,14,7,18,0,0,18,-4,6
400763509,2015,regular,3,Indiana,Western Kentucky,400763509102854301,14,Rushing Touchdown,2,6,7,14,7,18,0,0,18,-4,6
400763604,2015,regular,3,UTEP,New Mexico State,400763604102968701,9,Field Goal Good,2,11,7,16,9,30,3,6,39,-23,10
400763605,2015,regular,3,Rice,North Texas,400763605101978101,16,Field Goal Good,1,2,3,3,0,18,0,0,18,-15,8
400763606,2015,regular,3,Texas State,Southern Miss,400763606101927701,6,Passing Touchdown,1,3,10,14,3,18,0,0,18,-4,7
400763606,2015,regular,3,Texas State,Southern Miss,400763606102854501,16,Rushing Touchdown,2,5,14,21,3,42,0,0,42,-21,11
400787243,2015,regular,3,San Diego State,South Alabama,400787243101934801,16,Field Goal Good,1,2,3,3,0,21,0,0,21,-18,8
400603842,2015,regular,4,Texas A&M,Arkansas,400603842101989101,13,Passing Touchdown,1,3,3,7,0,12,0,0,12,-5,11
400603842,2015,regular,4,Texas A&M,Arkansas,400603842101989101,13,Passing Touchdown,1,3,7,7,0,12,0,0,12,-5,11
400603847,2015,regular,4,Ole Miss,Vanderbilt,400603847101967401,19,Field Goal Good,1,4,3,3,0,9,3,0,12,-9,2
400756933,2015,regular,4,Georgia Tech,Duke,400756933101938501,14,Rushing Touchdown,1,3,3,7,3,12,6,6,24,-17,4
400757039,2015,regular,4,Oregon,Utah,400757039101948801,7,Field Goal Good,1,4,3,3,0,6,9,0,15,-12,10
400757039,2015,regular,4,Oregon,Utah,400757039102889901,14,Passing Touchdown,2,8,7,13,6,27,9,0,36,-23,10
400757039,2015,regular,4,Oregon,Utah,400757039102938401,8,Passing Touchdown,2,10,10,20,6,21,9,0,30,-10,10
400757039,2015,regular,4,Oregon,Utah,400757039102938401,8,Passing Touchdown,2,10,14,20,6,21,9,0,30,-10,10
400763523,2015,regular,4,Northwestern,Ball State,400763523101909301,9,Field Goal Good,1,3,3,3,0,15,0,0,15,-12,9
400603878,2015,regular,5,Ole Miss,Florida,400603878101909001,5,Passing Touchdown,1,3,3,7,0,6,6,0,12,-5,1
400603878,2015,regular,5,Ole Miss,Florida,400603878101909001,5,Passing Touchdown,1,3,7,7,0,6,6,0,12,-5,1
400603878,2015,regular,5,Ole Miss,Florida,400603878102997901,15,Passing Touchdown,2,13,21,25,0,12,18,0,30,-5,4
400756945,2015,regular,5,Virginia Tech,Pittsburgh,400756945101908701,8,Field Goal Good,1,2,3,3,0,6,0,0,6,-3,6
400760494,2015,regular,5,Army,Penn State,400760494101904201,8,Rushing Touchdown,1,3,3,7,0,9,0,0,9,-2,6
400760494,2015,regular,5,Army,Penn State,400760494101904201,8,Rushing Touchdown,1,3,7,7,0,9,0,0,9,-2,6
400763529,2015,regular,5,Ohio State,Indiana,400763529101927301,10,Field Goal Good,1,4,3,3,0,12,0,0,12,-9,6
400763529,2015,regular,5,Ohio State,Indiana,400763529102866101,17,Rushing Touchdown,2,6,7,10,0,18,0,0,18,-8,6
400763529,2015,regular,5,Ohio State,Indiana,400763529102866101,17,Rushing Touchdown,2,6,10,10,0,18,0,0,18,-8,6
400764878,2015,regular,5,UCF,Tulane,400764878102954501,11,Field Goal Good,2,9,3,10,7,12,18,0,30,-20,5
400787316,2015,regular,5,Ohio,Akron,400787316101924201,13,Field Goal Good,1,2,3,3,0,0,6,0,6,-3,3
400787447,2015,regular,5,Troy,South Alabama,400787447101916101,9,Rushing Touchdown,1,4,3,7,0,3,6,0,9,-2,6
400787447,2015,regular,5,Troy,South Alabama,400787447101916101,9,Rushing Touchdown,1,4,7,7,0,3,6,0,9,-2,6
400603903,2015,regular,6,South Carolina,LSU,400603903101948401,15,Rushing Touchdown,1,2,3,7,3,33,0,0,33,-26,14
400603903,2015,regular,6,South Carolina,LSU,400603903102925801,11,Passing Touchdown,2,6,7,14,3,21,0,0,21,-7,12
400603903,2015,regular,6,South Carolina,LSU,400603903102925801,11,Passing Touchdown,2,6,10,14,3,21,0,0,21,-7,12
400763433,2015,regular,6,TCU,Kansas State,400763433102934301,12,Rushing Touchdown,2,8,3,21,17,18,9,0,27,-6,6
400763536,2015,regular,6,Nebraska,Wisconsin,400763536102905401,19,Passing Touchdown,2,8,3,7,0,15,0,0,15,-8,12
400763536,2015,regular,6,Nebraska,Wisconsin,400763536102905401,19,Passing Touchdown,2,8,7,7,0,15,0,0,15,-8,12
400763537,2015,regular,6,Ohio State,Maryland,400763537101894701,9,Passing Touchdown,1,2,3,7,0,12,0,0,12,-5,5
400763537,2015,regular,6,Ohio State,Maryland,400763537101894701,9,Passing Touchdown,1,2,7,7,0,12,0,0,12,-5,5
400764881,2015,regular,6,BYU,East Carolina,400764881101927801,10,Rushing Touchdown,1,3,3,7,0,15,0,0,15,-8,10
400764881,2015,regular,6,BYU,East Carolina,400764881101927801,10,Rushing Touchdown,1,3,7,7,0,15,0,0,15,-8,10
400764881,2015,regular,6,BYU,East Carolina,400764881101946401,8,Blocked Punt,1,4,10,14,0,15,0,0,15,-1,10
400764881,2015,regular,6,BYU,East Carolina,400764881101946401,8,Blocked Punt,1,4,14,14,0,15,0,0,15,-1,10
400764882,2015,regular,6,Temple,Tulane,400764882101909201,9,Field Goal Good,1,2,3,3,0,6,0,0,6,-3,2
400764884,2015,regular,6,UCF,UConn,400764884101939701,11,Rushing Touchdown,1,2,3,7,3,6,21,0,27,-20,8
400787321,2015,regular,6,Bowling Green,Massachusetts,400787321101987101,12,Passing Touchdown,1,4,3,10,7,18,0,6,24,-14,10
400787324,2015,regular,6,Northern Illinois,Ball State,400787324101888101,10,Field Goal Good,1,2,3,3,0,12,0,0,12,-9,5
400787324,2015,regular,6,Northern Illinois,Ball State,400787324102854301,13,Passing Touchdown,2,6,7,10,0,12,3,0,15,-5,6
400787324,2015,regular,6,Northern Illinois,Ball State,400787324102854301,13,Passing Touchdown,2,6,10,10,0,12,3,0,15,-5,6
400756958,2015,regular,7,Virginia,Syracuse,400756958102897901,3,Fumble Recovery (Opponent),2,8,3,7,0,6,6,0,12,-5,2
400756958,2015,regular,7,Virginia,Syracuse,400756958102897901,3,Fumble Recovery (Opponent),2,8,7,7,0,6,6,0,12,-5,2
400763541,2015,regular,7,Indiana,Rutgers,400763541101948901,7,Rushing Touchdown,1,3,3,7,3,12,0,6,18,-11,7
400763545,2015,regular,7,Ohio State,Penn State,400763545101886701,6,Field Goal Good,1,2,3,3,0,6,0,0,6,-3,8
400763630,2015,regular,7,Old Dominion,Charlotte,400763630101887901,9,Rushing Touchdown,1,2,3,7,0,9,6,0,15,-8,8
400763630,2015,regular,7,Old Dominion,Charlotte,400763630101887901,9,Rushing Touchdown,1,2,7,7,0,9,6,0,15,-8,8
400763630,2015,regular,7,Old Dominion,Charlotte,400763630102857901,14,Field Goal Good,2,8,10,17,6,15,6,0,21,-4,8
400764886,2015,regular,7,BYU,Cincinnati,400764886101954501,15,Passing Touchdown,1,3,7,10,0,9,6,0,15,-5,8
400764886,2015,regular,7,BYU,Cincinnati,400764886101954501,15,Passing Touchdown,1,3,10,10,0,9,6,0,15,-5,8
400764887,2015,regular,7,UConn,South Florida,400764887102889101,5,Passing Touchdown,2,8,3,7,0,12,0,0,12,-5,10
400764887,2015,regular,7,UConn,South Florida,400764887102889101,5,Passing Touchdown,2,8,7,7,0,12,0,0,12,-5,10
400787264,2015,regular,7,Nevada,Wyoming,400787264102897101,10,Passing Touchdown,2,4,3,7,0,6,6,0,12,-5,8
400787264,2015,regular,7,Nevada,Wyoming,400787264102897101,10,Passing Touchdown,2,4,7,7,0,6,6,0,12,-5,8
400787328,2015,regular,7,Ohio,Western Michigan,400787328102966601,7,Passing Touchdown,2,10,3,7,0,24,0,0,24,-17,14
400787328,2015,regular,7,Ohio,Western Michigan,400787328102966601,7,Passing Touchdown,2,10,7,7,0,24,0,0,24,-17,14
400787328,2015,regular,7,Ohio,Western Michigan,400787328103947001,9,Rushing Touchdown,3,17,21,28,7,36,0,0,36,-8,15
400787329,2015,regular,7,Ball State,Georgia State,400787329101998401,13,Rushing Touchdown,1,5,3,7,3,21,0,0,21,-14,7
400787450,2015,regular,7,Arkansas State,South Alabama,400787450101919401,11,Passing Touchdown,1,2,3,7,0,18,3,0,21,-14,5
400787450,2015,regular,7,Arkansas State,South Alabama,400787450101919401,11,Passing Touchdown,1,2,7,7,0,18,3,0,21,-14,5
400787453,2015,regular,7,Troy,Idaho,400787453102898801,11,Field Goal Good,2,5,3,3,0,6,6,0,12,-9,6
400790882,2015,regular,7,Boise State,Utah State,400790882101926601,10,Passing Touchdown,1,3,3,7,3,18,15,0,33,-26,5
400790882,2015,regular,7,Boise State,Utah State,400790882101967701,7,Field Goal Good,1,5,7,10,3,18,12,0,30,-20,5
400756965,2015,regular,8,Pittsburgh,Syracuse,400756965102925501,19,Field Goal Good,2,7,7,10,3,15,0,0,15,-5,5
400763547,2015,regular,8,Wisconsin,Illinois,400763547101957801,11,Field Goal Good,1,5,3,3,0,9,0,0,9,-6,4
400763549,2015,regular,8,Michigan State,Indiana,400763549101908701,10,Rushing Touchdown,1,3,3,7,0,18,0,0,18,-11,4
400763549,2015,regular,8,Michigan State,Indiana,400763549101908701,10,Rushing Touchdown,1,3,7,7,0,18,0,0,18,-11,4
400763632,2015,regular,8,Southern Miss,Charlotte,400763632101928001,10,Field Goal Good,1,3,3,3,0,6,0,0,6,-3,5
400764890,2015,regular,8,East Carolina,Temple,400764890101906101,10,Field Goal Good,1,2,3,3,0,12,0,0,12,-9,9
400787268,2015,regular,8,Nevada,Hawai'i,400787268101938701,6,Field Goal Good,1,5,3,3,0,6,0,0,6,-3,5
400787333,2015,regular,8,Ohio,Buffalo,400787333101977901,8,Rushing Touchdown,1,5,3,14,7,6,0,12,18,-4,4
400787333,2015,regular,8,Ohio,Buffalo,400787333101977901,8,Rushing Touchdown,1,5,7,14,7,6,0,12,18,-4,4
400787333,2015,regular,8,Ohio,Buffalo,400787333102927701,12,Rushing Touchdown,2,7,10,21,10,12,3,12,27,-6,4
400787338,2015,regular,8,Toledo,Massachusetts,400787338101934701,8,Passing Touchdown,1,4,3,7,3,18,0,0,18,-11,6
400790884,2015,regular,8,Utah State,San Diego State,400790884101906401,7,Passing Touchdown,1,3,3,7,0,12,9,0,21,-14,10
400790884,2015,regular,8,Utah State,San Diego State,400790884101906401,7,Passing Touchdown,1,3,7,7,0,12,9,0,21,-14,10
400790884,2015,regular,8,Utah State,San Diego State,400790884102934801,13,Rushing Touchdown,2,9,21,24,0,27,9,0,36,-12,10
400756967,2015,regular,9,Louisville,Wake Forest,400756967101939501,4,Field Goal Good,1,6,3,3,0,6,0,2,8,-5,3
400756972,2015,regular,9,Georgia Tech,Virginia,400756972101925701,5,Field Goal Good,1,3,3,3,0,6,0,0,6,-3,4
400757063,2015,regular,9,USC,California,400757063101934003,14,Passing Touchdown,1,3,3,7,0,12,0,0,12,-5,7
400757063,2015,regular,9,USC,California,400757063101934003,14,Passing Touchdown,1,3,7,7,0,12,0,0,12,-5,7
400757066,2015,regular,9,Stanford,Washington State,400757066102915801,13,Field Goal Good,2,10,3,6,3,12,6,0,18,-12,8
400763446,2015,regular,9,Texas,Iowa State,400763446102999401,17,Field Goal Good,2,11,10,10,0,12,6,0,18,-8,9
400763553,2015,regular,9,Michigan,Minnesota,400763553101955201,11,Field Goal Good,1,3,3,3,0,18,0,0,18,-15,9
400763555,2015,regular,9,Nebraska,Purdue,400763555101949301,7,Rushing Touchdown,1,3,3,7,3,6,18,0,24,-17,3
400763555,2015,regular,9,Nebraska,Purdue,400763555102865101,7,Passing Touchdown,2,5,7,14,3,6,18,0,24,-10,3
400763555,2015,regular,9,Nebraska,Purdue,400763555102865101,7,Passing Touchdown,2,5,10,14,3,6,18,0,24,-10,3
400763638,2015,regular,9,Florida International,Florida Atlantic,400763638102869401,14,Rushing Touchdown,2,5,10,14,0,3,6,6,15,-1,5
400763638,2015,regular,9,Florida International,Florida Atlantic,400763638102869401,14,Rushing Touchdown,2,5,14,14,0,3,6,6,15,-1,5
400764896,2015,regular,9,East Carolina,UConn,400764896102925501,14,Rushing Touchdown,2,7,3,10,6,18,3,0,21,-11,5
400603910,2015,regular,10,Texas A&M,Auburn,400603910101935701,12,Passing Touchdown,1,2,3,7,3,15,0,0,15,-8,9
400756976,2015,regular,10,Louisville,Syracuse,400756976101998501,17,Field Goal Good,1,6,3,10,7,12,0,0,12,-2,4
400757067,2015,regular,10,USC,Arizona,400757067102854301,9,Passing Touchdown,2,9,10,14,0,15,0,0,15,-1,10
400757067,2015,regular,10,USC,Arizona,400757067102854301,9,Passing Touchdown,2,9,14,14,0,15,0,0,15,-1,10
400757068,2015,regular,10,Arizona State,Washington State,400757068103924201,10,Passing Touchdown,3,16,3,17,14,12,6,0,18,-1,4
400757072,2015,regular,10,Oregon,California,400757072101877801,7,Passing Touchdown,1,2,3,7,0,12,0,0,12,-5,6
400757072,2015,regular,10,Oregon,California,400757072101877801,7,Passing Touchdown,1,2,7,7,0,12,0,0,12,-5,6
400757072,2015,regular,10,Oregon,California,400757072101945501,9,Field Goal Good,1,4,10,10,0,12,6,0,18,-8,6
400763451,2015,regular,10,TCU,Oklahoma State,400763451102866201,5,Passing Touchdown,2,10,10,21,9,24,6,0,30,-9,6
400763560,2015,regular,10,Michigan State,Nebraska,400763560101928901,9,Field Goal Good,1,4,3,3,0,21,0,0,21,-18,14
400763645,2015,regular,10,Middle Tennessee,Marshall,400763645101957601,12,Passing Touchdown,1,4,3,7,0,6,9,0,15,-8,10
400763645,2015,regular,10,Middle Tennessee,Marshall,400763645101957601,12,Passing Touchdown,1,4,7,7,0,6,9,0,15,-8,10
400764902,2015,regular,10,East Carolina,South Florida,400764902102858303,14,Passing Touchdown,2,8,3,9,0,6,3,2,11,-2,5
400764902,2015,regular,10,East Carolina,South Florida,400764902102858303,14,Passing Touchdown,2,8,7,9,0,6,3,2,11,-2,5
400764904,2015,regular,10,Memphis,Navy,400764904102969201,7,Rushing Touchdown,2,6,3,14,10,12,3,0,15,-1,10
400787466,2015,regular,10,South Alabama,Idaho,400787466101977901,12,Passing Touchdown,1,3,7,10,0,21,6,0,27,-17,9
400787466,2015,regular,10,South Alabama,Idaho,400787466101977901,12,Passing Touchdown,1,3,10,10,0,21,6,0,27,-17,9
400787466,2015,regular,10,South Alabama,Idaho,400787466102887701,11,Rushing Touchdown,2,5,14,17,0,12,6,0,18,-1,9
400787468,2015,regular,10,Texas State,New Mexico State,400787468102904001,16,Field Goal Good,2,9,10,10,0,12,0,0,12,-2,8
400603932,2015,regular,11,LSU,Arkansas,400603932101919301,5,Passing Touchdown,1,3,3,7,0,6,6,0,12,-5,3
400603932,2015,regular,11,LSU,Arkansas,400603932101919301,5,Passing Touchdown,1,3,7,7,0,6,6,0,12,-5,3
400756981,2015,regular,11,Duke,Pittsburgh,400756981101939701,13,Passing Touchdown,1,2,3,7,0,15,0,0,15,-8,9
400756981,2015,regular,11,Duke,Pittsburgh,400756981101939701,13,Passing Touchdown,1,2,7,7,0,15,0,0,15,-8,9
400756982,2015,regular,11,Florida State,NC State,400756982101867501,5,Field Goal Good,1,2,3,3,0,6,0,0,6,-3,3
400757073,2015,regular,11,USC,Colorado,400757073101948401,7,Rushing Touchdown,1,4,3,7,3,0,12,0,12,-5,4
400757073,2015,regular,11,USC,Colorado,400757073102968501,12,Field Goal Good,2,10,14,17,3,6,12,0,18,-1,5
400757074,2015,regular,11,Utah,Arizona,400757074101908901,8,Passing Touchdown,1,3,7,10,0,18,3,0,21,-11,9
400757074,2015,regular,11,Utah,Arizona,400757074101908901,8,Passing Touchdown,1,3,10,10,0,18,3,0,21,-11,9
400757076,2015,regular,11,UCLA,Washington State,400757076101956801,14,Rushing Touchdown,1,3,3,7,3,12,6,0,18,-11,7
400757077,2015,regular,11,Stanford,Oregon,400757077101938401,8,Rushing Touchdown,1,2,3,7,3,27,0,0,27,-20,12
400763454,2015,regular,11,Baylor,Oklahoma,400763454102914601,11,Passing Touchdown,2,9,3,13,6,12,9,0,21,-8,8
400763454,2015,regular,11,Baylor,Oklahoma,400763454102914601,11,Passing Touchdown,2,9,7,13,6,12,9,0,21,-8,8
400763458,2015,regular,11,West Virginia,Texas,400763458101926801,9,Field Goal Good,1,4,3,3,0,9,0,0,9,-6,6
400763649,2015,regular,11,UTSA,Charlotte,400763649102977101,11,Passing Touchdown,2,11,3,7,0,12,0,0,12,-5,4
400763649,2015,regular,11,UTSA,Charlotte,400763649102977101,11,Passing Touchdown,2,11,7,7,0,12,0,0,12,-5,4
400764910,2015,regular,11,Temple,South Florida,400764910102908303,6,Rushing Touchdown,2,8,10,21,10,18,6,0,24,-3,9
400764910,2015,regular,11,Temple,South Florida,400764910102998403,12,Field Goal Good,2,12,21,31,10,27,6,0,33,-2,12
400785063,2015,regular,11,BYU,Missouri,400785063101994301,13,Field Goal Good,1,5,3,3,0,6,0,0,6,-3,6
400787281,2015,regular,11,Boise State,New Mexico,400787281102877101,6,Rushing Touchdown,2,7,10,14,3,12,3,0,15,-1,7
400787283,2015,regular,11,Hawai'i,Fresno State,400787283101997401,11,Passing Touchdown,1,8,3,7,0,12,6,0,18,-11,8
400787283,2015,regular,11,Hawai'i,Fresno State,400787283101997401,11,Passing Touchdown,1,8,7,7,0,12,6,0,18,-11,8
400787283,2015,regular,11,Hawai'i,Fresno State,400787283102945501,12,Passing Touchdown,2,12,10,21,7,18,6,0,24,-3,8
400787283,2015,regular,11,Hawai'i,Fresno State,400787283102945501,12,Passing Touchdown,2,12,14,21,7,18,6,0,24,-3,8
400787284,2015,regular,11,Nevada,San José State,400787284102997601,9,Passing Touchdown,2,9,3,14,10,6,3,6,15,-1,7
400787469,2015,regular,11,Louisiana,South Alabama,400787469102937901,11,Field Goal Good,2,7,3,10,6,18,0,0,18,-8,10
400787469,2015,regular,11,Louisiana,South Alabama,400787469102997901,17,Passing Touchdown,2,9,7,17,6,21,0,0,21,-4,10
400787469,2015,regular,11,Louisiana,South Alabama,400787469102997901,17,Passing Touchdown,2,9,10,17,6,21,0,0,21,-4,10
400787473,2015,regular,11,Texas State,Georgia State,400787473101988501,11,Rushing Touchdown,1,6,7,14,6,21,3,0,24,-10,12
400756991,2015,regular,12,Pittsburgh,Louisville,400756991101914701,8,Field Goal Good,1,3,3,3,0,18,0,0,18,-15,8
400763656,2015,regular,12,Southern Miss,Old Dominion,400763656102999901,21,Field Goal Good,2,12,3,17,14,18,0,0,18,-1,4
400763657,2015,regular,12,Louisiana Tech,UTEP,400763657102985001,15,Field Goal Good,2,8,7,10,3,9,0,2,11,-1,7
400764912,2015,regular,12,Cincinnati,South Florida,400764912101855412,6,Passing Touchdown,1,5,14,20,0,12,6,6,24,-4,11
400764912,2015,regular,12,Cincinnati,South Florida,400764912101855414,7,Rushing Touchdown,1,7,21,27,0,18,6,6,30,-3,12
400787356,2015,regular,12,Bowling Green,Toledo,400787356101874401,4,Rushing Touchdown,1,2,3,7,0,6,12,0,18,-11,5
400787356,2015,regular,12,Bowling Green,Toledo,400787356101874401,4,Rushing Touchdown,1,2,7,7,0,6,12,0,18,-11,5
400787358,2015,regular,12,Northern Illinois,Western Michigan,400787358101927301,10,Field Goal Good,1,2,3,3,0,6,0,0,6,-3,9
400603914,2015,regular,13,Florida,Florida State,400603914102878801,6,Field Goal Good,2,8,3,3,0,6,0,0,6,-3,8
400757087,2015,regular,13,California,Arizona State,400757087102889901,10,Passing Touchdown,2,6,10,17,3,12,6,0,18,-1,11
400757087,2015,regular,13,California,Arizona State,400757087102889901,10,Passing Touchdown,2,6,14,17,3,12,6,0,18,-1,11
400763463,2015,regular,13,Texas,Texas Tech,400763463102917401,7,Field Goal Good,2,13,7,10,3,18,0,0,18,-8,13
400763463,2015,regular,13,Texas,Texas Tech,400763463103924101,13,Rushing Touchdown,3,23,10,24,10,36,0,0,36,-12,16
400763463,2015,regular,13,Texas,Texas Tech,400763463103924101,13,Rushing Touchdown,3,23,14,24,10,36,0,0,36,-12,16
400763466,2015,regular,13,Oklahoma,Oklahoma State,400763466101935001,9,Field Goal Good,1,3,3,3,0,12,0,0,12,-9,7
400763582,2015,regular,13,Maryland,Rutgers,400763582102858201,10,Field Goal Good,2,6,10,10,0,30,0,0,30,-20,9
400763659,2015,regular,13,Louisiana Tech,Southern Miss,400763659101918201,7,Passing Touchdown,1,3,3,7,0,12,9,6,27,-20,9
400763659,2015,regular,13,Louisiana Tech,Southern Miss,400763659101918201,7,Passing Touchdown,1,3,7,7,0,12,9,6,27,-20,9
400763659,2015,regular,13,Louisiana Tech,Southern Miss,400763659102879301,9,Rushing Touchdown,2,7,10,14,3,24,9,6,39,-25,10
400763659,2015,regular,13,Louisiana Tech,Southern Miss,400763659102899301,7,Passing Touchdown,2,8,14,21,3,12,9,6,27,-6,9
400764922,2015,regular,13,Tulsa,Tulane,400764922102879901,16,Passing Touchdown,2,6,3,14,7,24,0,0,24,-10,9
400764922,2015,regular,13,Tulsa,Tulane,400764922102879901,16,Passing Touchdown,2,6,7,14,7,24,0,0,24,-10,9
400787298,2015,regular,13,UNLV,Wyoming,400787298102999301,9,Passing Touchdown,2,13,3,14,7,18,0,0,18,-4,5
400787298,2015,regular,13,UNLV,Wyoming,400787298102999301,9,Passing Touchdown,2,13,7,14,7,18,0,0,18,-4,5
400787362,2015,regular,13,Northern Illinois,Ohio,400787362101936301,8,Passing Touchdown,1,3,3,7,0,6,3,0,9,-2,5
400787362,2015,regular,13,Northern Illinois,Ohio,400787362101936301,8,Passing Touchdown,1,3,7,7,0,6,3,0,9,-2,5
400787364,2015,regular,13,Central Michigan,Eastern Michigan,400787364101905201,13,Passing Touchdown,1,2,3,7,0,12,0,6,18,-11,3
400787364,2015,regular,13,Central Michigan,Eastern Michigan,400787364101905201,13,Passing Touchdown,1,2,7,7,0,12,0,6,18,-11,3
400787365,2015,regular,13,Buffalo,Massachusetts,400787365101878301,7,Rushing Touchdown,1,2,3,7,0,12,0,0,12,-5,10
400787365,2015,regular,13,Buffalo,Massachusetts,400787365101878301,7,Rushing Touchdown,1,2,7,7,0,12,0,0,12,-5,10
400763468,2015,regular,14,Baylor,Texas,400763468101945401,11,Field Goal Good,1,4,10,10,0,9,6,0,15,-5,6
400787484,2015,regular,14,Georgia Southern,Georgia State,400787484102859201,7,Passing Touchdown,2,7,3,7,0,12,0,0,12,-5,8
400787484,2015,regular,14,Georgia Southern,Georgia State,400787484102859201,7,Passing Touchdown,2,7,7,7,0,12,0,0,12,-5,8
400852672,2015,regular,14,Western Kentucky,Southern Miss,400852672102887301,7,Passing Touchdown,2,9,3,14,7,12,0,6,18,-4,7
400852672,2015,regular,14,Western Kentucky,Southern Miss,400852672102887301,7,Passing Touchdown,2,9,7,14,7,12,0,6,18,-4,7
400852676,2015,regular,14,Clemson,North Carolina,400852676101915402,10,Field Goal Good,1,2,3,3,0,30,0,0,30,-27,13
400852682,2015,regular,14,Michigan State,Iowa,400852682102867101,12,Field Goal Good,2,7,3,6,3,6,3,0,9,-3,4
400760500,2015,regular,15,Navy,Army,400760500101916801,7,Field Goal Good,1,2,3,3,0,6,0,0,6,-3,7
400876040,2016,postseason,1,Toledo,App State,400876040101916801,11,Passing Touchdown,1,2,3,7,0,15,0,6,21,-14,9
400876040,2016,postseason,1,Toledo,App State,400876040101916801,11,Passing Touchdown,1,2,7,7,0,15,0,6,21,-14,9
400876045,2016,postseason,1,Colorado State,Idaho,400876045102997501,21,Passing Touchdown,2,14,7,20,7,42,6,0,48,-28,11
400876045,2016,postseason,1,Colorado State,Idaho,400876045102997501,21,Passing Touchdown,2,14,10,20,7,42,6,0,48,-28,11
400876045,2016,postseason,1,Colorado State,Idaho,400876045103888701,11,Rushing Touchdown,3,16,14,27,7,36,6,0,42,-15,11
400876047,2016,postseason,1,Navy,Louisiana Tech,400876047101905101,8,Field Goal Good,1,3,10,10,0,6,6,0,12,-2,7
400876092,2016,postseason,1,NC State,Vanderbilt,400876092101939301,9,Field Goal Good,1,4,3,3,0,0,6,0,6,-3,4
400876097,2016,postseason,1,Pittsburgh,Northwestern,400876097102856801,11,Rushing Touchdown,2,5,3,7,3,9,0,0,9,-2,8
400876099,2016,postseason,1,Texas A&M,Kansas State,400876099102878001,11,Rushing Touchdown,2,8,3,13,7,15,0,0,15,-2,8
400876101,2016,postseason,1,Virginia Tech,Arkansas,400876101101867601,4,Field Goal Good,1,2,3,3,0,6,0,0,6,-3,4
400876101,2016,postseason,1,Virginia Tech,Arkansas,400876101101977701,9,Rushing Touchdown,1,6,7,10,0,12,3,0,15,-5,6
400876101,2016,postseason,1,Virginia Tech,Arkansas,400876101101977701,9,Rushing Touchdown,1,6,10,10,0,12,3,0,15,-5,6
400876102,2016,postseason,1,Colorado,Oklahoma State,400876102102888401,7,Rushing Touchdown,2,7,7,10,0,12,0,0,12,-2,8
400876102,2016,postseason,1,Colorado,Oklahoma State,400876102102888401,7,Rushing Touchdown,2,7,10,10,0,12,0,0,12,-2,8
400876102,2016,postseason,1,Colorado,Oklahoma State,400876102102929901,9,Passing Touchdown,2,9,14,17,0,18,0,0,18,-1,9
400876102,2016,postseason,1,Colorado,Oklahoma State,400876102103945701,13,Passing Touchdown,3,16,21,24,0,27,0,0,27,-3,10
400876108,2016,postseason,1,Ohio State,Clemson,400876108101908301,7,Field Goal Good,1,4,3,3,0,6,6,0,12,-9,9
400876108,2016,postseason,1,Ohio State,Clemson,400876108101978301,10,Rushing Touchdown,1,6,7,10,0,15,6,0,21,-11,10
400876108,2016,postseason,1,Ohio State,Clemson,400876108101978301,10,Rushing Touchdown,1,6,10,10,0,15,6,0,21,-11,10
400878692,2016,postseason,1,Stanford,North Carolina,400878692101914101,12,Passing Touchdown,1,2,3,7,0,15,0,0,15,-8,10
400878692,2016,postseason,1,Stanford,North Carolina,400878692101914101,12,Passing Touchdown,1,2,7,7,0,15,0,0,15,-8,10
400868946,2016,regular,1,Notre Dame,Texas,400868946102928601,18,Rushing Touchdown,2,8,3,14,7,33,6,0,39,-25,10
400868946,2016,regular,1,Notre Dame,Texas,400868946102928601,18,Rushing Touchdown,2,8,7,14,7,33,6,0,39,-25,10
400868971,2016,regular,1,Clemson,Auburn,400868971102874101,16,Field Goal Good,2,6,3,3,0,9,0,0,9,-6,5
400868973,2016,regular,1,Kentucky,Southern Miss,400868973101906201,9,Rushing Touchdown,1,2,3,7,0,12,0,0,12,-5,8
400868973,2016,regular,1,Kentucky,Southern Miss,400868973101906201,9,Rushing Touchdown,1,2,7,7,0,12,0,0,12,-5,8
400868974,2016,regular,1,LSU,Wisconsin,400868974102958601,10,Field Goal Good,2,9,3,3,0,9,3,0,12,-9,6
400868978,2016,regular,1,Texas A&M,UCLA,400868978101886101,5,Field Goal Good,1,2,3,3,0,6,0,0,6,-3,5
400868979,2016,regular,1,Florida State,Ole Miss,400868979102875701,13,Passing Touchdown,2,7,10,14,3,24,0,0,24,-10,12
400869092,2016,regular,1,Minnesota,Oregon State,400869092101944701,11,Passing Touchdown,1,4,3,7,0,6,6,2,14,-7,7
400869092,2016,regular,1,Minnesota,Oregon State,400869092101944701,11,Passing Touchdown,1,4,7,7,0,6,6,2,14,-7,7
400869264,2016,regular,1,Ohio,Texas State,400869264102998401,11,Rushing Touchdown,2,16,3,14,6,27,0,0,27,-13,8
400869264,2016,regular,1,Ohio,Texas State,400869264102998401,11,Rushing Touchdown,2,16,7,14,6,27,0,0,27,-13,8
400869265,2016,regular,1,Arkansas State,Toledo,400869265102884101,15,Passing Touchdown,2,7,3,7,3,9,12,0,21,-14,7
400869265,2016,regular,1,Arkansas State,Toledo,400869265102938501,11,Rushing Touchdown,2,9,7,14,3,9,6,0,15,-1,7
400869265,2016,regular,1,Arkansas State,Toledo,400869265102938501,11,Rushing Touchdown,2,9,10,14,3,9,6,0,15,-1,7
400868981,2016,regular,2,TCU,Arkansas,400868981102899001,8,Interception Return Touchdown,2,6,7,13,0,12,6,0,18,-5,6
400868981,2016,regular,2,TCU,Arkansas,400868981102899001,8,Interception Return Touchdown,2,6,10,13,0,12,6,0,18,-5,6
400868991,2016,regular,2,Vanderbilt,Middle Tennessee,400868991101975803,11,Passing Touchdown,1,6,3,10,5,0,12,2,14,-4,4
400869435,2016,regular,2,NC State,East Carolina,400869435101899001,8,Field Goal Good,1,2,3,3,0,12,0,0,12,-9,6
400869435,2016,regular,2,NC State,East Carolina,400869435102879901,17,Field Goal Good,2,6,10,12,0,27,0,0,27,-15,8
400868948,2016,regular,3,Notre Dame,Michigan State,400868948102997601,12,Passing Touchdown,2,11,3,15,7,18,0,0,18,-3,8
400868948,2016,regular,3,Notre Dame,Michigan State,400868948102997601,12,Passing Touchdown,2,11,7,15,7,18,0,0,18,-3,8
400868998,2016,regular,3,Georgia,Missouri,400868998101917901,8,Field Goal Good,1,3,10,10,0,6,6,0,12,-2,5
400869109,2016,regular,3,Arizona State,UTSA,400869109101944101,14,Passing Touchdown,1,2,3,7,3,12,6,0,18,-11,7
400869116,2016,regular,3,Washington State,Idaho,400869116101905201,11,Field Goal Good,1,2,3,3,0,0,3,6,9,-6,1
400869361,2016,regular,3,Baylor,Rice,400869361102866801,17,Field Goal Good,2,8,3,3,0,6,0,0,6,-3,4
400869362,2016,regular,3,Southern Miss,Troy,400869362101947701,5,Field Goal Good,1,8,10,17,7,12,9,0,21,-4,7
400869440,2016,regular,3,Florida State,Louisville,400869440102998701,8,Rushing Touchdown,2,13,21,35,10,30,6,0,36,-1,13
400869442,2016,regular,3,Oklahoma State,Pittsburgh,400869442101944801,10,Field Goal Good,1,4,3,10,7,18,0,6,24,-14,12
400869518,2016,regular,3,Maryland,UCF,400869518101997501,9,Passing Touchdown,1,7,3,7,0,12,0,0,12,-5,9
400869518,2016,regular,3,Maryland,UCF,400869518101997501,9,Passing Touchdown,1,7,7,7,0,12,0,0,12,-5,9
400868960,2016,regular,4,Mississippi State,Massachusetts,400868960102985101,15,Passing Touchdown,2,12,7,14,6,12,6,0,18,-4,3
400869118,2016,regular,4,Utah,USC,400869118102996401,14,Field Goal Good,2,11,7,17,10,12,0,6,18,-1,10
400869120,2016,regular,4,Arizona State,California,400869120101899901,10,Passing Touchdown,1,3,3,7,0,15,0,0,15,-8,11
400869120,2016,regular,4,Arizona State,California,400869120101899901,10,Passing Touchdown,1,3,7,7,0,15,0,0,15,-8,11
400869120,2016,regular,4,Arizona State,California,400869120102886501,15,Passing Touchdown,2,9,10,14,3,24,0,0,24,-10,11
400869120,2016,regular,4,Arizona State,California,400869120102968001,13,Field Goal Good,2,13,14,17,3,21,0,0,21,-4,11
400869122,2016,regular,4,Oregon,Colorado,400869122101888301,9,Rushing Touchdown,1,2,3,7,0,12,0,0,12,-5,8
400869122,2016,regular,4,Oregon,Colorado,400869122101888301,9,Rushing Touchdown,1,2,7,7,0,12,0,0,12,-5,8
400869122,2016,regular,4,Oregon,Colorado,400869122101936401,9,Field Goal Good,1,4,10,10,0,12,0,0,12,-2,8
400869201,2016,regular,4,Wyoming,Eastern Michigan,400869201103915301,15,Field Goal Good,3,15,3,20,17,21,0,0,21,-1,10
400869202,2016,regular,4,Tulsa,Fresno State,400869202101959801,12,Rushing Touchdown,1,8,21,21,0,27,0,0,27,-6,8
400869205,2016,regular,4,UNLV,Idaho,400869205102885101,9,Field Goal Good,2,9,10,10,0,6,6,6,18,-8,6
400869288,2016,regular,4,Central Michigan,Virginia,400869288101905701,5,Passing Touchdown,1,4,3,7,0,12,0,0,12,-5,4
400869288,2016,regular,4,Central Michigan,Virginia,400869288101905701,5,Passing Touchdown,1,4,7,7,0,12,0,0,12,-5,4
400869288,2016,regular,4,Central Michigan,Virginia,400869288101939701,6,Rushing Touchdown,1,6,10,15,0,18,0,0,18,-3,5
400869288,2016,regular,4,Central Michigan,Virginia,400869288101939701,6,Rushing Touchdown,1,6,14,15,0,18,0,0,18,-3,5
400869288,2016,regular,4,Central Michigan,Virginia,400869288102857401,12,Passing Touchdown,2,8,21,21,0,30,6,0,36,-15,7
400869363,2016,regular,4,Temple,Charlotte,400869363101995701,19,Passing Touchdown,1,4,3,7,3,12,0,0,12,-5,5
400869449,2016,regular,4,North Carolina,Pittsburgh,400869449101978301,15,Field Goal Good,1,3,3,5,0,27,0,2,29,-24,9
400869526,2016,regular,4,Tulane,Louisiana,400869526101948301,11,Field Goal Good,1,3,3,3,0,12,12,0,24,-21,4
400869659,2016,regular,4,Michigan State,Wisconsin,400869659101997401,17,Passing Touchdown,1,4,3,7,3,9,6,6,21,-14,5
400869013,2016,regular,5,Tennessee,Georgia,400869013101986601,11,Rushing Touchdown,1,5,3,7,0,12,0,6,18,-11,5
400869013,2016,regular,5,Tennessee,Georgia,400869013101986601,11,Rushing Touchdown,1,5,7,7,0,12,0,6,18,-11,5
400869013,2016,regular,5,Tennessee,Georgia,400869013102887801,13,Field Goal Good,2,7,10,10,0,18,0,6,24,-14,6
400869125,2016,regular,5,Arizona,UCLA,400869125104858401,11,Rushing Touchdown,4,25,21,31,10,30,3,0,33,-2,10
400869208,2016,regular,5,Colorado State,Wyoming,400869208101906901,9,Field Goal Good,1,2,3,3,0,24,0,0,24,-21,13
400869208,2016,regular,5,Colorado State,Wyoming,400869208102989501,10,Interception Return Touchdown,2,13,7,24,14,27,0,0,27,-3,13
400869208,2016,regular,5,Colorado State,Wyoming,400869208102989501,10,Interception Return Touchdown,2,13,10,24,14,27,0,0,27,-3,13
400869212,2016,regular,5,San Diego State,South Alabama,400869212101896101,9,Rushing Touchdown,1,2,3,7,0,6,6,0,12,-5,3
400869212,2016,regular,5,San Diego State,South Alabama,400869212101896101,9,Rushing Touchdown,1,2,7,7,0,6,6,0,12,-5,3
400869293,2016,regular,5,Akron,Kent State,400869293101974801,7,Rushing Touchdown,1,6,3,7,3,3,6,0,9,-2,5
400869375,2016,regular,5,Southern Miss,Rice,400869375102909601,9,Passing Touchdown,2,9,3,7,3,18,0,0,18,-11,10
400869453,2016,regular,5,Clemson,Louisville,400869453102858101,12,Rushing Touchdown,2,7,3,7,0,21,0,0,21,-14,16
400869453,2016,regular,5,Clemson,Louisville,400869453102858101,12,Rushing Touchdown,2,7,7,7,0,21,0,0,21,-14,16
400869455,2016,regular,5,Florida State,North Carolina,400869455101924201,10,Passing Touchdown,1,2,3,7,0,21,0,0,21,-14,11
400869455,2016,regular,5,Florida State,North Carolina,400869455101924201,10,Passing Touchdown,1,2,7,7,0,21,0,0,21,-14,11
400869606,2016,regular,5,West Virginia,Kansas State,400869606102879001,13,Field Goal Good,2,7,10,10,0,12,0,0,12,-2,6
400869620,2016,regular,5,Oklahoma State,Texas,400869620102898601,15,Rushing Touchdown,2,8,3,19,16,24,0,0,24,-5,10
400869662,2016,regular,5,Iowa,Northwestern,400869662102896601,9,Passing Touchdown,2,8,10,17,7,12,6,0,18,-1,5
400869666,2016,regular,5,Penn State,Minnesota,400869666101994401,11,Field Goal Good,1,5,3,3,0,6,3,0,9,-6,8
400869666,2016,regular,5,Penn State,Minnesota,400869666102999801,13,Field Goal Good,2,11,10,13,3,15,3,0,18,-5,9
400868927,2016,regular,6,Michigan State,BYU,400868927103954701,14,Passing Touchdown,3,11,3,10,7,12,0,0,12,-2,6
400869134,2016,regular,6,California,Oregon State,400869134101925701,13,Field Goal Good,1,2,3,3,0,30,6,0,36,-33,12
400869134,2016,regular,6,California,Oregon State,400869134101984901,9,Rushing Touchdown,1,4,7,10,0,18,0,0,18,-8,10
400869134,2016,regular,6,California,Oregon State,400869134101984901,9,Rushing Touchdown,1,4,10,10,0,18,0,0,18,-8,10
400869134,2016,regular,6,California,Oregon State,400869134102938801,11,Rushing Touchdown,2,6,14,17,3,24,6,0,30,-13,11
400869213,2016,regular,6,Air Force,Wyoming,400869213102954801,16,Passing Touchdown,2,9,10,14,3,18,0,6,24,-10,6
400869299,2016,regular,6,Central Michigan,Ball State,400869299101967803,15,Rushing Touchdown,1,3,3,7,3,6,6,0,12,-5,2
400869301,2016,regular,6,Buffalo,Kent State,400869301103997001,13,Rushing Touchdown,3,16,21,27,6,21,6,6,33,-6,6
400869378,2016,regular,6,UTEP,Florida International,400869378101915601,9,Field Goal Good,1,2,3,3,0,12,0,0,12,-9,10
400869378,2016,regular,6,UTEP,Florida International,400869378103945901,13,Passing Touchdown,3,12,7,20,7,24,0,0,24,-4,12
400869378,2016,regular,6,UTEP,Florida International,400869378103945901,13,Passing Touchdown,3,12,10,20,7,24,0,0,24,-4,12
400869459,2016,regular,6,North Carolina,Virginia Tech,400869459101906601,4,Field Goal Good,1,5,3,3,0,6,0,0,6,-3,1
400869459,2016,regular,6,North Carolina,Virginia Tech,400869459102984901,6,Passing Touchdown,2,15,7,13,3,6,15,0,21,-8,4
400869459,2016,regular,6,North Carolina,Virginia Tech,400869459102984901,6,Passing Touchdown,2,15,10,13,3,6,15,0,21,-8,4
400869531,2016,regular,6,Memphis,Temple,400869531101925201,10,Field Goal Good,1,3,3,3,0,6,3,0,9,-6,6
400869531,2016,regular,6,Memphis,Temple,400869531102978401,15,Rushing Touchdown,2,12,7,13,0,6,12,0,18,-5,7
400869531,2016,regular,6,Memphis,Temple,400869531102978401,15,Rushing Touchdown,2,12,10,13,0,6,12,0,18,-5,7
400869536,2016,regular,6,Houston,Navy,400869536102896601,10,Rushing Touchdown,2,7,3,17,13,12,9,8,29,-12,10
400869590,2016,regular,6,Oklahoma State,Iowa State,400869590101944601,14,Field Goal Good,1,3,3,3,0,24,0,0,24,-21,10
400869599,2016,regular,6,TCU,Kansas,400869599101939701,10,Rushing Touchdown,1,5,3,7,0,12,3,0,15,-8,7
400869599,2016,regular,6,TCU,Kansas,400869599101939701,10,Rushing Touchdown,1,5,7,7,0,12,3,0,15,-8,7
400869667,2016,regular,6,Illinois,Purdue,400869667101979701,9,Rushing Touchdown,1,5,3,7,3,12,3,0,15,-8,6
400869667,2016,regular,6,Illinois,Purdue,400869667102904001,12,Rushing Touchdown,2,7,7,14,6,18,6,0,24,-10,6
400869824,2016,regular,6,UL Monroe,Idaho,400869824101976301,10,Field Goal Good,1,5,7,9,0,15,3,6,24,-15,4
400869220,2016,regular,7,Boise State,Colorado State,400869220101927501,13,Field Goal Good,1,2,3,3,0,12,0,0,12,-9,6
400869308,2016,regular,7,Ohio,Eastern Michigan,400869308101908701,13,Field Goal Good,1,2,3,3,0,12,0,0,12,-9,4
400869466,2016,regular,7,Virginia Tech,Syracuse,400869466102999501,11,Field Goal Good,2,15,14,17,3,18,0,0,18,-1,8
400869627,2016,regular,7,Texas Tech,West Virginia,400869627102929601,10,Passing Touchdown,2,9,10,17,7,21,0,0,21,-4,14
400869644,2016,regular,7,Ohio State,Wisconsin,400869644101909601,8,Field Goal Good,1,2,3,3,0,6,0,0,6,-3,9
400869723,2016,regular,7,Miami,North Carolina,400869723101886701,10,Field Goal Good,1,2,3,3,0,6,0,0,6,-3,9
400869723,2016,regular,7,Miami,North Carolina,400869723101986501,14,Passing Touchdown,1,4,7,10,0,9,3,0,12,-2,9
400869723,2016,regular,7,Miami,North Carolina,400869723101986501,14,Passing Touchdown,1,4,10,10,0,9,3,0,12,-2,9
400869031,2016,regular,8,Mississippi State,Kentucky,400869031102896301,8,Field Goal Good,2,8,3,3,0,18,0,0,18,-15,12
400869032,2016,regular,8,LSU,Ole Miss,400869032101955101,11,Field Goal Good,1,4,10,10,0,6,6,0,12,-2,1
400869033,2016,regular,8,Missouri,Middle Tennessee,400869033101889901,5,Passing Touchdown,1,2,3,7,0,6,9,0,15,-8,5
400869033,2016,regular,8,Missouri,Middle Tennessee,400869033101889901,5,Passing Touchdown,1,2,7,7,0,6,9,0,15,-8,5
400869033,2016,regular,8,Missouri,Middle Tennessee,400869033101924201,4,Field Goal Good,1,4,10,10,0,6,6,0,12,-2,4
400869142,2016,regular,8,UCLA,Utah,400869142101886101,4,Rushing Touchdown,1,3,10,14,0,18,0,6,24,-10,8
400869142,2016,regular,8,UCLA,Utah,400869142101886101,4,Rushing Touchdown,1,3,14,14,0,18,0,6,24,-10,8
400869225,2016,regular,8,Air Force,Hawai'i,400869225102999201,9,Rushing Touchdown,2,9,3,10,7,12,9,0,21,-11,6
400869225,2016,regular,8,Air Force,Hawai'i,400869225102999204,10,End of Half,2,9,7,17,7,15,15,0,30,-13,6
400869225,2016,regular,8,Air Force,Hawai'i,400869225102999204,10,End of Half,2,9,10,17,7,15,15,0,30,-13,6
400869226,2016,regular,8,UNLV,Colorado State,400869226101987101,10,Rushing Touchdown,1,3,10,14,0,12,6,0,18,-4,7
400869226,2016,regular,8,UNLV,Colorado State,400869226101987101,10,Rushing Touchdown,1,3,14,14,0,12,6,0,18,-4,7
400869226,2016,regular,8,UNLV,Colorado State,400869226102949201,13,Rushing Touchdown,2,7,21,21,0,18,6,0,24,-3,7
400869316,2016,regular,8,Bowling Green,Miami (OH),400869316102945101,13,Passing Touchdown,2,9,3,19,10,24,0,2,26,-7,7
400869316,2016,regular,8,Bowling Green,Miami (OH),400869316102945101,13,Passing Touchdown,2,9,7,19,10,24,0,2,26,-7,7
400869468,2016,regular,8,Boston College,Syracuse,400869468101928401,13,Rushing Touchdown,1,3,3,7,3,12,0,0,12,-5,9
400869542,2016,regular,8,South Florida,Temple,400869542102999401,5,Field Goal Good,2,9,7,20,13,12,12,2,26,-6,8
400869545,2016,regular,8,Houston,SMU,400869545101927401,11,Rushing Touchdown,1,3,3,7,0,18,9,0,27,-20,9
400869545,2016,regular,8,Houston,SMU,400869545101927401,11,Rushing Touchdown,1,3,7,7,0,18,9,0,27,-20,9
400869545,2016,regular,8,Houston,SMU,400869545102854701,8,Passing Touchdown,2,7,10,14,0,12,9,0,21,-7,8
400869545,2016,regular,8,Houston,SMU,400869545102854701,8,Passing Touchdown,2,7,14,14,0,12,9,0,21,-7,8
400869675,2016,regular,8,Michigan State,Maryland,400869675101974801,10,Rushing Touchdown,1,4,3,8,0,18,0,0,18,-10,9
400869675,2016,regular,8,Michigan State,Maryland,400869675101974801,10,Rushing Touchdown,1,4,7,8,0,18,0,0,18,-10,9
400869039,2016,regular,9,Tennessee,South Carolina,400869039103985001,12,Field Goal Good,3,17,10,17,7,12,6,0,18,-1,7
400869317,2016,regular,9,Akron,Buffalo,400869317102937701,6,Rushing Touchdown,2,13,3,10,3,18,0,0,18,-8,11
400869317,2016,regular,9,Akron,Buffalo,400869317102937701,6,Rushing Touchdown,2,13,7,10,3,18,0,0,18,-8,11
400869319,2016,regular,9,Central Michigan,Kent State,400869319101967801,9,Field Goal Good,1,5,3,3,0,6,6,0,12,-9,5
400869472,2016,regular,9,NC State,Boston College,400869472102854501,12,Field Goal Good,2,5,3,3,0,12,3,0,15,-12,7
400869475,2016,regular,9,Louisville,Virginia,400869475101897901,4,Field Goal Good,1,3,3,3,0,0,6,0,6,-3,1
400869549,2016,regular,9,Houston,UCF,400869549101908301,7,Rushing Touchdown,1,3,3,7,0,6,3,0,9,-2,6
400869549,2016,regular,9,Houston,UCF,400869549101908301,7,Rushing Touchdown,1,3,7,7,0,6,3,0,9,-2,6
400869549,2016,regular,9,Houston,UCF,400869549102969301,13,Rushing Touchdown,2,11,10,14,3,12,3,0,15,-1,7
400869552,2016,regular,9,Memphis,Tulsa,400869552101907001,4,Rushing Touchdown,1,3,10,14,0,6,12,0,18,-4,4
400869552,2016,regular,9,Memphis,Tulsa,400869552101907001,4,Rushing Touchdown,1,3,14,14,0,6,12,0,18,-4,4
400869621,2016,regular,9,West Virginia,Oklahoma State,400869621101987401,10,Field Goal Good,1,4,3,6,3,0,15,0,15,-9,3
400869621,2016,regular,9,West Virginia,Oklahoma State,400869621102998401,16,Passing Touchdown,2,10,7,20,10,3,24,0,27,-7,3
400869621,2016,regular,9,West Virginia,Oklahoma State,400869621102998401,16,Passing Touchdown,2,10,10,20,10,3,24,0,27,-7,3
400868882,2016,regular,10,Baylor,TCU,400868882101946301,11,Field Goal Good,1,6,3,10,7,33,0,6,39,-29,18
400868882,2016,regular,10,Baylor,TCU,400868882102854401,15,Rushing Touchdown,2,8,7,17,7,39,3,6,48,-31,18
400868882,2016,regular,10,Baylor,TCU,400868882102854401,15,Rushing Touchdown,2,8,10,17,7,39,3,6,48,-31,18
400869045,2016,regular,10,Ole Miss,Georgia Southern,400869045101949101,9,Passing Touchdown,1,4,3,7,3,12,0,0,12,-5,8
400869399,2016,regular,10,Rice,Florida Atlantic,400869399103934701,12,Rushing Touchdown,3,20,10,28,14,30,0,0,30,-2,15
400869399,2016,regular,10,Rice,Florida Atlantic,400869399103934701,12,Rushing Touchdown,3,20,14,28,14,30,0,0,30,-2,15
400869403,2016,regular,10,Middle Tennessee,UTSA,400869403102938601,15,Rushing Touchdown,2,7,10,21,7,18,15,0,33,-12,6
400869403,2016,regular,10,Middle Tennessee,UTSA,400869403102938601,15,Rushing Touchdown,2,7,14,21,7,18,15,0,33,-12,6
400869610,2016,regular,10,Kansas State,Oklahoma State,400869610102965501,11,Passing Touchdown,2,8,3,21,16,30,0,0,30,-9,11
400869838,2016,regular,10,Arkansas State,Georgia State,400869838102876301,12,Field Goal Good,2,7,3,3,0,6,0,6,12,-9,3
400869055,2016,regular,11,Texas A&M,Ole Miss,400869055101947601,14,Field Goal Good,1,3,3,3,0,21,0,0,21,-18,13
400869155,2016,regular,11,Utah,Arizona State,400869155101928101,10,Field Goal Good,1,4,3,3,0,15,0,0,15,-12,11
400869157,2016,regular,11,Washington,USC,400869157102914801,11,Passing Touchdown,2,6,3,10,3,9,0,2,11,-1,9
400869157,2016,regular,11,Washington,USC,400869157102914801,11,Passing Touchdown,2,6,7,10,3,9,0,2,11,-1,9
400869244,2016,regular,11,Wyoming,UNLV,400869244101949901,7,Rushing Touchdown,1,3,7,10,3,15,15,0,30,-20,9
400869327,2016,regular,11,Akron,Bowling Green,400869327101995501,5,Rushing Touchdown,1,10,3,7,0,6,6,0,12,-5,7
400869327,2016,regular,11,Akron,Bowling Green,400869327101995501,5,Rushing Touchdown,1,10,7,7,0,6,6,0,12,-5,7
400869327,2016,regular,11,Akron,Bowling Green,400869327102898001,8,Rushing Touchdown,2,12,10,14,3,15,6,6,27,-13,7
400869407,2016,regular,11,Middle Tennessee,Marshall,400869407101876301,5,Rushing Touchdown,1,2,3,7,0,12,0,0,12,-5,5
400869407,2016,regular,11,Middle Tennessee,Marshall,400869407101876301,5,Rushing Touchdown,1,2,7,7,0,12,0,0,12,-5,5
400869558,2016,regular,11,East Carolina,SMU,400869558101955401,8,Passing Touchdown,1,5,3,10,7,12,0,6,18,-8,9
400869558,2016,regular,11,East Carolina,SMU,400869558102939401,13,Passing Touchdown,2,9,7,24,17,21,6,12,39,-15,9
400869561,2016,regular,11,Navy,Tulsa,400869561101938801,9,Field Goal Good,1,4,3,10,7,18,0,0,18,-8,12
400869594,2016,regular,11,Iowa State,Kansas,400869594101947501,14,Passing Touchdown,1,5,3,7,3,9,0,0,9,-2,9
400869689,2016,regular,11,Penn State,Indiana,400869689103886101,10,Field Goal Good,3,19,3,17,14,24,0,0,24,-7,9
400869844,2016,regular,11,Georgia Southern,Louisiana,400869844102939001,12,Rushing Touchdown,2,8,7,14,6,21,0,0,21,-7,10
400869845,2016,regular,11,Georgia State,UL Monroe,400869845102944001,12,Rushing Touchdown,2,9,3,9,0,12,0,2,14,-5,9
400869845,2016,regular,11,Georgia State,UL Monroe,400869845102944001,12,Rushing Touchdown,2,9,7,9,0,12,0,2,14,-5,9
400869064,2016,regular,12,Tennessee,Missouri,400869064101909201,13,Rushing Touchdown,1,2,3,6,0,18,0,0,18,-12,16
400869066,2016,regular,12,Ole Miss,Vanderbilt,400869066103895101,12,Rushing Touchdown,3,17,7,21,10,27,0,0,27,-6,8
400869066,2016,regular,12,Ole Miss,Vanderbilt,400869066103895101,12,Rushing Touchdown,3,17,10,21,10,27,0,0,27,-6,8
400869247,2016,regular,12,Air Force,San José State,400869247102904501,16,Rushing Touchdown,2,5,10,20,10,18,9,0,27,-7,11
400869249,2016,regular,12,Utah State,Nevada,400869249101966201,10,Field Goal Good,1,4,3,3,0,6,0,6,12,-9,6
400869330,2016,regular,12,Kent State,Bowling Green,400869330101975601,17,Rushing Touchdown,1,6,3,7,0,30,0,0,30,-23,10
400869330,2016,regular,12,Kent State,Bowling Green,400869330101975601,17,Rushing Touchdown,1,6,7,7,0,30,0,0,30,-23,10
400869330,2016,regular,12,Kent State,Bowling Green,400869330102915901,16,Passing Touchdown,2,8,10,14,0,24,0,0,24,-10,10
400869330,2016,regular,12,Kent State,Bowling Green,400869330102915901,16,Passing Touchdown,2,8,14,14,0,24,0,0,24,-10,10
400869411,2016,regular,12,Marshall,Florida International,400869411103994001,15,Field Goal Good,3,16,10,17,7,24,0,0,24,-7,10
400869413,2016,regular,12,Southern Miss,North Texas,400869413101918701,10,Field Goal Good,1,3,3,3,0,21,0,2,23,-20,8
400869414,2016,regular,12,UTEP,Rice,400869414101939601,9,Rushing Touchdown,1,3,3,6,3,12,0,6,18,-12,12
400869414,2016,regular,12,UTEP,Rice,400869414102874001,11,Rushing Touchdown,2,7,7,13,3,27,0,6,33,-20,12
400869414,2016,regular,12,UTEP,Rice,400869414102874001,11,Rushing Touchdown,2,7,10,13,3,27,0,6,33,-20,12
400869564,2016,regular,12,UCF,Tulsa,400869564102855701,6,Rushing Touchdown,2,11,3,14,8,18,6,0,24,-10,8
400869595,2016,regular,12,Texas Tech,Iowa State,400869595101888201,6,Rushing Touchdown,1,2,3,7,0,12,6,6,24,-17,3
400869595,2016,regular,12,Texas Tech,Iowa State,400869595101888201,6,Rushing Touchdown,1,2,7,7,0,12,6,6,24,-17,3
400869623,2016,regular,12,TCU,Oklahoma State,400869623102966501,13,Field Goal Good,2,12,3,10,6,24,0,0,24,-14,17
400869698,2016,regular,12,Wisconsin,Purdue,400869698101954301,16,Field Goal Good,1,2,3,3,0,12,3,0,15,-12,5
400869847,2016,regular,12,Troy,Arkansas State,400869847102969701,11,Passing Touchdown,2,15,3,7,3,12,0,6,18,-11,9
400922541,2016,regular,12,Navy,East Carolina,400922541102898701,9,Field Goal Good,2,5,10,17,7,18,0,0,18,-1,6
400869072,2016,regular,13,Ole Miss,Mississippi State,400869072101945101,6,Rushing Touchdown,1,4,3,6,3,12,0,0,12,-6,7
400869072,2016,regular,13,Ole Miss,Mississippi State,400869072102874401,10,Rushing Touchdown,2,8,7,20,10,30,0,6,36,-16,11
400869072,2016,regular,13,Ole Miss,Mississippi State,400869072102874401,10,Rushing Touchdown,2,8,10,20,10,30,0,6,36,-16,11
400869167,2016,regular,13,Arizona State,Arizona,400869167102929201,5,Rushing Touchdown,2,12,21,28,7,30,0,0,30,-2,10
400869169,2016,regular,13,UCLA,California,400869169101966201,14,Field Goal Good,1,5,3,3,0,21,3,0,24,-21,8
400869169,2016,regular,13,UCLA,California,400869169102905701,9,Field Goal Good,2,9,7,9,0,12,0,0,12,-3,5
400869169,2016,regular,13,UCLA,California,400869169102979901,15,Field Goal Good,2,11,10,12,0,24,3,0,27,-15,8
400869252,2016,regular,13,Boise State,Air Force,400869252102938601,15,Field Goal Good,2,8,3,10,7,12,3,0,15,-5,4
400869253,2016,regular,13,San Diego State,Colorado State,400869253101918701,7,Passing Touchdown,1,3,10,14,0,24,0,0,24,-10,9
400869253,2016,regular,13,San Diego State,Colorado State,400869253101918701,7,Passing Touchdown,1,3,14,14,0,24,0,0,24,-10,9
400869254,2016,regular,13,Wyoming,New Mexico,400869254101915101,5,Rushing Touchdown,1,3,10,14,0,12,6,0,18,-4,11
400869254,2016,regular,13,Wyoming,New Mexico,400869254101915101,5,Rushing Touchdown,1,3,14,14,0,12,6,0,18,-4,11
400869417,2016,regular,13,Middle Tennessee,Florida Atlantic,400869417101885701,9,Passing Touchdown,1,2,3,7,0,18,0,0,18,-11,12
400869417,2016,regular,13,Middle Tennessee,Florida Atlantic,400869417101885701,9,Passing Touchdown,1,2,7,7,0,18,0,0,18,-11,12
400869500,2016,regular,13,Pittsburgh,Syracuse,400869500101925701,7,Rushing Touchdown,1,3,3,7,0,12,6,0,18,-11,7
400869500,2016,regular,13,Pittsburgh,Syracuse,400869500101925701,7,Rushing Touchdown,1,3,7,7,0,12,6,0,18,-11,7
400869567,2016,regular,13,Tulsa,Cincinnati,400869567101916801,4,Passing Touchdown,1,5,3,7,0,18,0,0,18,-11,5
400869567,2016,regular,13,Tulsa,Cincinnati,400869567101916801,4,Passing Touchdown,1,5,7,7,0,18,0,0,18,-11,5
400869570,2016,regular,13,UConn,Tulane,400869570101898901,7,Field Goal Good,1,2,3,3,0,12,0,0,12,-9,6
400869570,2016,regular,13,UConn,Tulane,400869570102909701,9,Rushing Touchdown,2,8,14,17,0,18,3,0,21,-4,7
400869596,2016,regular,13,West Virginia,Iowa State,400869596101888101,7,Field Goal Good,1,2,3,3,0,0,0,6,6,-3,8
400869650,2016,regular,13,Ohio State,Michigan,400869650102866801,13,Field Goal Good,2,5,3,3,0,0,15,0,15,-12,3
400868886,2016,regular,14,West Virginia,Baylor,400868886102854501,9,Rushing Touchdown,2,7,3,7,3,12,0,0,12,-5,8
400869618,2016,regular,14,Oklahoma,Oklahoma State,400869618101948301,9,Field Goal Good,1,5,3,3,0,6,0,0,6,-3,10
400869856,2016,regular,14,Troy,Georgia Southern,400869856102887501,13,Passing Touchdown,2,6,3,7,3,18,0,0,18,-11,8
400926947,2016,regular,14,Navy,Temple,400926947101969801,7,Passing Touchdown,1,3,10,14,0,15,0,0,15,-1,6
400926947,2016,regular,14,Navy,Temple,400926947101969801,7,Passing Touchdown,1,3,14,14,0,15,0,0,15,-1,6
400926949,2016,regular,14,San Diego State,Wyoming,400926949101919501,5,Field Goal Good,1,4,3,3,0,6,6,0,12,-9,4
400868921,2016,regular,15,Navy,Army,400868921101957601,14,Rushing Touchdown,1,2,3,7,0,6,6,0,12,-5,5
400868921,2016,regular,15,Navy,Army,400868921101957601,14,Rushing Touchdown,1,2,7,7,0,6,6,0,12,-5,5
400953323,2017,postseason,1,Oregon,Boise State,400953323101918201,14,Rushing Touchdown,1,2,3,7,0,15,0,6,21,-14,8
400953323,2017,postseason,1,Oregon,Boise State,400953323101918201,14,Rushing Touchdown,1,2,7,7,0,15,0,6,21,-14,8
400953325,2017,postseason,1,Arkansas State,Middle Tennessee,400953325101907401,7,Rushing Touchdown,1,3,3,7,3,6,0,6,12,-5,3
400953390,2017,postseason,1,South Florida,Texas Tech,400953390101996501,13,Passing Touchdown,1,5,7,10,3,12,6,0,18,-8,12
400953392,2017,postseason,1,Toledo,App State,400953392102864801,10,Rushing Touchdown,2,7,10,14,0,21,3,0,24,-10,12
400953392,2017,postseason,1,Toledo,App State,400953392102864801,10,Rushing Touchdown,2,7,14,14,0,21,3,0,24,-10,12
400953396,2017,postseason,1,Kansas State,UCLA,400953396101989901,14,Field Goal Good,1,4,3,3,0,12,0,0,12,-9,2
400953408,2017,postseason,1,Wisconsin,Miami,400953408101947801,8,Rushing Touchdown,1,4,3,7,3,12,0,0,12,-5,9
400953412,2017,postseason,1,Georgia,Oklahoma,400953412101886801,6,Passing Touchdown,1,2,3,7,0,0,3,6,9,-2,10
400953412,2017,postseason,1,Georgia,Oklahoma,400953412101886801,6,Passing Touchdown,1,2,7,7,0,0,3,6,9,-2,10
400953415,2017,postseason,1,Alabama,Georgia,400953415102858501,16,Field Goal Good,2,5,3,3,0,15,3,0,18,-15,6
400953416,2017,postseason,1,Oklahoma State,Virginia Tech,400953416101924001,11,Rushing Touchdown,1,2,3,7,3,12,0,0,12,-5,10
400954523,2017,postseason,1,SMU,Louisiana Tech,400954523101925601,10,Rushing Touchdown,1,4,3,7,0,9,12,12,33,-26,5
400954523,2017,postseason,1,SMU,Louisiana Tech,400954523101925601,10,Rushing Touchdown,1,4,7,7,0,9,12,12,33,-26,5
400959397,2017,postseason,1,Michigan State,Washington State,400959397101945401,14,Field Goal Good,1,3,3,3,0,6,6,0,12,-9,1
400933838,2017,regular,1,UCLA,Texas A&M,400933838101935801,13,Rushing Touchdown,1,2,3,7,3,27,6,0,33,-26,11
400933838,2017,regular,1,UCLA,Texas A&M,400933838101948802,4,Field Goal Good,1,4,7,10,3,12,0,0,12,-2,5
400933840,2017,regular,1,Tennessee,Georgia Tech,400933840101999301,13,Rushing Touchdown,1,6,3,7,0,18,0,0,18,-11,14
400933840,2017,regular,1,Tennessee,Georgia Tech,400933840101999301,13,Rushing Touchdown,1,6,7,7,0,18,0,0,18,-11,14
400934495,2017,regular,1,Texas,Maryland,400934495102885601,17,Blocked Field Goal Touchdown,2,7,10,21,7,39,0,0,39,-18,11
400934495,2017,regular,1,Texas,Maryland,400934495102885601,17,Blocked Field Goal Touchdown,2,7,14,21,7,39,0,0,39,-18,11
400934497,2017,regular,1,Virginia Tech,West Virginia,400934497102946201,11,Passing Touchdown,2,11,3,7,3,15,0,0,15,-8,11
400935229,2017,regular,1,Ohio State,Indiana,400935229101924901,12,Passing Touchdown,1,2,3,7,3,6,6,0,12,-5,4
400935231,2017,regular,1,Wisconsin,Utah State,400935231101954301,10,Field Goal Good,1,3,3,3,0,6,0,0,6,-3,4
400935234,2017,regular,1,Michigan State,Bowling Green,400935234101907001,6,Field Goal Good,1,2,3,3,0,0,0,6,6,-3,4
400935252,2017,regular,1,USC,Western Michigan,400935252102854601,12,Rushing Touchdown,2,6,3,14,7,9,0,6,15,-1,5
400935252,2017,regular,1,USC,Western Michigan,400935252102854601,12,Rushing Touchdown,2,6,7,14,7,9,0,6,15,-1,5
400935256,2017,regular,1,North Carolina,California,400935256101954201,7,Passing Touchdown,1,6,3,7,0,12,0,0,12,-5,5
400935256,2017,regular,1,North Carolina,California,400935256101954201,7,Passing Touchdown,1,6,7,7,0,12,0,0,12,-5,5
400937446,2017,regular,1,Boston College,Northern Illinois,400937446101929901,9,Field Goal Good,1,4,3,3,0,9,0,0,9,-6,3
400935240,2017,regular,2,Northwestern,Duke,400935240101994701,15,Rushing Touchdown,1,6,3,7,3,9,9,0,18,-11,5
400935241,2017,regular,2,Western Kentucky,Illinois,400935241101915401,7,Field Goal Good,1,4,3,3,0,0,0,6,6,-3,1
400935259,2017,regular,2,Arizona State,San Diego State,400935259102926001,15,Field Goal Good,2,9,10,17,7,15,3,6,24,-7,9
400935265,2017,regular,2,Oregon State,Minnesota,400935265101909201,4,Passing Touchdown,1,3,3,7,0,6,6,0,12,-5,3
400935265,2017,regular,2,Oregon State,Minnesota,400935265101909201,4,Passing Touchdown,1,3,7,7,0,6,6,0,12,-5,3
400935265,2017,regular,2,Oregon State,Minnesota,400935265101968701,9,Field Goal Good,1,5,10,10,0,12,12,0,24,-14,8
400935265,2017,regular,2,Oregon State,Minnesota,400935265102854901,6,Rushing Touchdown,2,7,14,17,0,12,6,0,18,-1,5
400937453,2017,regular,2,Boston College,Wake Forest,400937453101987101,4,Passing Touchdown,1,8,3,7,0,0,6,6,12,-5,2
400937453,2017,regular,2,Boston College,Wake Forest,400937453101987101,4,Passing Touchdown,1,8,7,7,0,0,6,6,12,-5,2
400937453,2017,regular,2,Boston College,Wake Forest,400937453102897901,8,Rushing Touchdown,2,12,10,14,0,0,12,6,18,-4,4
400937453,2017,regular,2,Boston College,Wake Forest,400937453102897901,8,Rushing Touchdown,2,12,14,14,0,0,12,6,18,-4,4
400937458,2017,regular,2,NC State,Marshall,400937458101937601,10,Passing Touchdown,1,3,3,7,3,9,0,0,9,-2,8
400937459,2017,regular,2,Syracuse,Middle Tennessee,400937459102855801,8,Rushing Touchdown,2,11,3,9,3,12,0,2,14,-5,7
400938601,2017,regular,2,SMU,North Texas,400938601101915401,5,Field Goal Good,1,3,10,10,0,12,0,0,12,-2,6
400944833,2017,regular,2,Idaho,UNLV,400944833101934001,13,Rushing Touchdown,1,2,3,7,0,24,6,0,30,-23,8
400944833,2017,regular,2,Idaho,UNLV,400944833101934001,13,Rushing Touchdown,1,2,7,7,0,24,6,0,30,-23,8
400944833,2017,regular,2,Idaho,UNLV,400944833102906701,8,Field Goal Good,2,6,10,10,0,15,6,0,21,-11,7
400933859,2017,regular,3,LSU,Mississippi State,400933859102866101,9,Rushing Touchdown,2,6,3,7,0,15,0,0,15,-8,12
400933859,2017,regular,3,LSU,Mississippi State,400933859102866101,9,Rushing Touchdown,2,6,7,7,0,15,0,0,15,-8,12
400933859,2017,regular,3,LSU,Mississippi State,400933859102999201,12,Rushing Touchdown,2,10,10,17,7,24,0,0,24,-7,12
400933860,2017,regular,3,Missouri,Purdue,400933860102884801,14,Rushing Touchdown,2,5,21,21,0,18,6,0,24,-3,9
400934510,2017,regular,3,TCU,SMU,400934510102878901,13,Field Goal Good,2,7,10,19,7,27,3,0,30,-11,10
400934512,2017,regular,3,Texas Tech,Arizona State,400934512101925101,9,Field Goal Good,1,3,3,3,0,6,0,0,6,-3,9
400934574,2017,regular,3,Notre Dame,Boston College,400934574101924701,12,Field Goal Good,1,3,3,3,0,9,0,0,9,-6,4
400935270,2017,regular,3,UCLA,Memphis,400935270103889601,15,Passing Touchdown,3,20,10,34,24,30,0,6,36,-2,11
400935276,2017,regular,3,Stanford,San Diego State,400935276102859401,17,Field Goal Good,2,6,3,3,0,3,12,0,15,-12,6
400941801,2017,regular,3,Miami (OH),Cincinnati,400941801101948701,14,Field Goal Good,1,2,3,3,0,9,0,6,15,-12,5
400933864,2017,regular,4,Arkansas,Texas A&M,400933864103915101,10,Rushing Touchdown,3,17,3,24,21,21,6,0,27,-3,7
400933866,2017,regular,4,Florida,Kentucky,400933866101949301,10,Passing Touchdown,1,3,3,7,0,6,9,0,15,-8,13
400933866,2017,regular,4,Florida,Kentucky,400933866101949301,10,Passing Touchdown,1,3,7,7,0,6,9,0,15,-8,13
400933869,2017,regular,4,South Carolina,Louisiana Tech,400933869101985801,15,Field Goal Good,1,2,3,3,0,0,9,0,9,-6,2
400934518,2017,regular,4,Houston,Texas Tech,400934518101904201,9,Field Goal Good,1,2,3,3,0,12,0,0,12,-9,6
400934518,2017,regular,4,Houston,Texas Tech,400934518102889101,12,Rushing Touchdown,2,8,7,13,0,12,3,0,15,-2,8
400934518,2017,regular,4,Houston,Texas Tech,400934518102889101,12,Rushing Touchdown,2,8,10,13,0,12,3,0,15,-2,8
400935278,2017,regular,4,Oregon,Arizona State,400935278101986901,8,Field Goal Good,1,5,10,17,7,12,6,0,18,-1,9
400935279,2017,regular,4,USC,California,400935279101895301,10,Field Goal Good,1,2,3,3,0,6,0,0,6,-3,7
400935279,2017,regular,4,USC,California,400935279102856801,16,Rushing Touchdown,2,6,7,10,3,12,0,0,12,-2,8
400935361,2017,regular,4,Maryland,UCF,400935361102865701,10,Rushing Touchdown,2,7,3,7,3,18,0,6,24,-17,10
400937471,2017,regular,4,North Carolina,Duke,400937471102916101,12,Field Goal Good,2,8,7,10,3,12,0,6,18,-8,5
400937472,2017,regular,4,Florida State,NC State,400937472101919001,12,Field Goal Good,1,2,3,3,0,12,0,0,12,-9,8
400937478,2017,regular,4,Wake Forest,App State,400937478101975001,7,Passing Touchdown,1,6,3,6,3,9,0,0,9,-3,7
400938614,2017,regular,4,Charlotte,Georgia State,400938614102877001,11,Rushing Touchdown,2,6,3,7,0,12,0,0,12,-5,5
400938614,2017,regular,4,Charlotte,Georgia State,400938614102877001,11,Rushing Touchdown,2,6,7,7,0,12,0,0,12,-5,5
400941806,2017,regular,4,SMU,Arkansas State,400941806101967101,10,Passing Touchdown,1,5,3,7,3,6,6,0,12,-5,5
400941838,2017,regular,4,UConn,East Carolina,400941838101898501,10,Passing Touchdown,1,2,3,7,0,18,6,0,24,-17,8
400941838,2017,regular,4,UConn,East Carolina,400941838101898501,10,Passing Touchdown,1,2,7,7,0,18,6,0,24,-17,8
400944842,2017,regular,4,Louisiana,UL Monroe,400944842101919901,11,Rushing Touchdown,1,3,3,7,0,24,12,2,38,-31,11
400944842,2017,regular,4,Louisiana,UL Monroe,400944842101919901,11,Rushing Touchdown,1,3,7,7,0,24,12,2,38,-31,11
400944842,2017,regular,4,Louisiana,UL Monroe,400944842102867701,8,Rushing Touchdown,2,7,10,16,0,12,6,2,20,-4,10
400944842,2017,regular,4,Louisiana,UL Monroe,400944842102867701,8,Rushing Touchdown,2,7,14,16,0,12,6,2,20,-4,10
400945258,2017,regular,4,Boise State,Virginia,400945258102958801,8,Passing Touchdown,2,8,3,14,7,18,0,0,18,-4,6
400945258,2017,regular,4,Boise State,Virginia,400945258102958801,8,Passing Touchdown,2,8,7,14,7,18,0,0,18,-4,6
400945259,2017,regular,4,San Diego State,Air Force,400945259101975301,10,Rushing Touchdown,1,4,3,6,0,0,9,0,9,-3,1
400933877,2017,regular,5,LSU,Troy,400933877102999901,14,Field Goal Good,2,10,10,10,0,12,6,0,18,-8,4
400934520,2017,regular,5,Oklahoma State,Texas Tech,400934520102858501,12,Passing Touchdown,2,6,3,14,7,12,0,6,18,-4,6
400934520,2017,regular,5,Oklahoma State,Texas Tech,400934520102858501,12,Passing Touchdown,2,6,7,14,7,12,0,6,18,-4,6
400934566,2017,regular,5,Army,UTEP,400934566101988201,16,Rushing Touchdown,1,3,3,7,0,6,0,6,12,-5,6
400934566,2017,regular,5,Army,UTEP,400934566101988201,16,Rushing Touchdown,1,3,7,7,0,6,0,6,12,-5,6
400938625,2017,regular,5,Cincinnati,Marshall,400938625101916001,11,Passing Touchdown,1,3,3,7,0,6,6,0,12,-5,5
400938625,2017,regular,5,Cincinnati,Marshall,400938625101916001,11,Passing Touchdown,1,3,7,7,0,6,6,0,12,-5,5
400938625,2017,regular,5,Cincinnati,Marshall,400938625102874401,17,Field Goal Good,2,7,10,10,0,18,12,0,30,-20,6
400938625,2017,regular,5,Cincinnati,Marshall,400938625102986101,14,Passing Touchdown,2,11,14,17,0,12,12,0,24,-7,5
400945262,2017,regular,5,Utah State,BYU,400945262102854801,9,Passing Touchdown,2,7,3,14,7,9,0,6,15,-1,6
400945262,2017,regular,5,Utah State,BYU,400945262102854801,9,Passing Touchdown,2,7,7,14,7,9,0,6,15,-1,6
400945263,2017,regular,5,Air Force,New Mexico,400945263101977701,14,Rushing Touchdown,1,4,3,7,0,30,12,0,42,-35,9
400945263,2017,regular,5,Air Force,New Mexico,400945263101977701,14,Rushing Touchdown,1,4,7,7,0,30,12,0,42,-35,9
400933883,2017,regular,6,Arkansas,South Carolina,400933883101905301,4,Field Goal Good,1,3,3,3,0,6,0,0,6,-3,3
400933883,2017,regular,6,Arkansas,South Carolina,400933883103907101,9,Field Goal Good,3,15,10,20,10,6,3,12,21,-1,4
400934522,2017,regular,6,TCU,West Virginia,400934522101926901,15,Field Goal Good,1,2,3,3,0,12,6,0,18,-15,6
400934524,2017,regular,6,Texas,Kansas State,400934524101928001,9,Field Goal Good,1,4,3,3,0,18,0,0,18,-15,10
400935371,2017,regular,6,Iowa,Illinois,400935371101906701,11,Field Goal Good,1,3,3,3,0,6,3,0,9,-6,8
400938676,2017,regular,6,UTSA,Southern Miss,400938676101906501,5,Passing Touchdown,1,2,3,7,3,18,0,0,18,-11,8
400944989,2017,regular,6,Miami (OH),Bowling Green,400944989101914201,8,Field Goal Good,1,2,3,3,0,12,0,0,12,-9,9
400944991,2017,regular,6,Toledo,Eastern Michigan,400944991101998701,10,Passing Touchdown,1,4,3,6,3,9,0,0,9,-3,6
400944993,2017,regular,6,Western Michigan,Buffalo,400944993101954801,12,Rushing Touchdown,1,6,3,14,10,30,15,0,45,-31,9
400945270,2017,regular,6,Hawai'i,Nevada,400945270102998101,7,Passing Touchdown,2,10,3,21,14,24,0,0,24,-3,13
400945270,2017,regular,6,Hawai'i,Nevada,400945270102998101,7,Passing Touchdown,2,10,7,21,14,24,0,0,24,-3,13
400981507,2017,regular,6,Miami,Florida State,400981507101957901,11,Field Goal Good,1,5,3,3,0,15,0,0,15,-12,8
400935294,2017,regular,7,Washington State,California,400935294101888701,8,Field Goal Good,1,2,3,3,0,0,9,6,15,-12,4
400935294,2017,regular,7,Washington State,California,400935294102999901,10,Passing Touchdown,2,14,14,17,3,3,12,6,21,-4,5
400935295,2017,regular,7,UCLA,Arizona,400935295101929501,8,Field Goal Good,1,5,10,10,0,18,0,6,24,-14,12
400935298,2017,regular,7,Colorado,Oregon State,400935298101914001,10,Rushing Touchdown,1,2,3,7,0,12,0,0,12,-5,10
400935298,2017,regular,7,Colorado,Oregon State,400935298101914001,10,Rushing Touchdown,1,2,7,7,0,12,0,0,12,-5,10
400935378,2017,regular,7,Illinois,Rutgers,400935378102869201,12,Rushing Touchdown,2,7,10,14,3,18,0,0,18,-4,10
400935380,2017,regular,7,Michigan State,Minnesota,400935380101895801,4,Field Goal Good,1,3,3,3,0,6,0,0,6,-3,4
400938634,2017,regular,7,Marshall,Old Dominion,400938634102915201,10,Field Goal Good,2,7,3,3,0,0,0,6,6,-3,2
400944856,2017,regular,7,UL Monroe,Georgia State,400944856102985701,8,Rushing Touchdown,2,12,7,23,10,24,0,0,24,-1,10
400944856,2017,regular,7,UL Monroe,Georgia State,400944856102985701,8,Rushing Touchdown,2,12,10,23,10,24,0,0,24,-1,10
400944995,2017,regular,7,Miami (OH),Kent State,400944995102879201,11,Field Goal Good,2,6,3,3,0,6,0,0,6,-3,4
400944996,2017,regular,7,Northern Illinois,Buffalo,400944996101975201,7,Field Goal Good,1,7,3,3,0,6,0,0,6,-3,8
400944997,2017,regular,7,Ohio,Bowling Green,400944997101886401,7,Field Goal Good,1,2,3,3,0,9,0,0,9,-6,8
400945272,2017,regular,7,Air Force,UNLV,400945272101987101,12,Rushing Touchdown,1,5,10,14,0,9,12,0,21,-7,6
400945272,2017,regular,7,Air Force,UNLV,400945272101987101,12,Rushing Touchdown,1,5,14,14,0,9,12,0,21,-7,6
400945276,2017,regular,7,Utah State,Wyoming,400945276102908501,15,Rushing Touchdown,2,8,3,9,6,9,3,8,20,-11,8
400945277,2017,regular,7,Hawai'i,San José State,400945277101908501,7,Field Goal Good,1,3,3,3,0,9,0,6,15,-12,8
400945277,2017,regular,7,Hawai'i,San José State,400945277101956801,9,Passing Touchdown,1,5,7,10,0,9,3,6,18,-8,9
400945277,2017,regular,7,Hawai'i,San José State,400945277101956801,9,Passing Touchdown,1,5,10,10,0,9,3,6,18,-8,9
400935300,2017,regular,8,Arizona,California,400935300101914801,12,Rushing Touchdown,1,2,3,7,0,3,12,0,15,-8,3
400935300,2017,regular,8,Arizona,California,400935300101914801,12,Rushing Touchdown,1,2,7,7,0,3,12,0,15,-8,3
400935301,2017,regular,8,Utah,Arizona State,400935301101976601,14,Field Goal Good,1,5,7,9,0,9,3,6,18,-9,7
400937498,2017,regular,8,Virginia,Boston College,400937498101934801,15,Field Goal Good,1,2,3,3,0,18,3,6,27,-24,7
400937498,2017,regular,8,Virginia,Boston College,400937498101958301,4,Rushing Touchdown,1,4,7,10,0,6,0,6,12,-2,2
400937498,2017,regular,8,Virginia,Boston College,400937498101958301,4,Rushing Touchdown,1,4,10,10,0,6,0,6,12,-2,2
400941827,2017,regular,8,Tulsa,UConn,400941827101995501,8,Field Goal Good,1,6,3,3,0,6,0,0,6,-3,4
400941827,2017,regular,8,Tulsa,UConn,400941827103898601,14,Rushing Touchdown,3,13,7,10,0,12,0,0,12,-2,5
400941827,2017,regular,8,Tulsa,UConn,400941827103898601,14,Rushing Touchdown,3,13,10,10,0,12,0,0,12,-2,5
400941828,2017,regular,8,BYU,East Carolina,400941828102896401,17,Field Goal Good,2,6,3,10,7,21,6,0,27,-17,7
400945280,2017,regular,8,Colorado State,New Mexico,400945280101996401,10,Rushing Touchdown,1,3,3,7,0,9,0,0,9,-2,11
400945280,2017,regular,8,Colorado State,New Mexico,400945280101996401,10,Rushing Touchdown,1,3,7,7,0,9,0,0,9,-2,11
400945282,2017,regular,8,San Diego State,Fresno State,400945282102979401,13,Field Goal Good,2,8,14,17,3,21,0,0,21,-4,6
400934536,2017,regular,9,Kansas State,Kansas,400934536101905601,10,Field Goal Good,1,2,3,3,0,6,0,0,6,-3,8
400935307,2017,regular,9,Washington,UCLA,400935307101919901,11,Field Goal Good,1,2,3,3,0,0,0,6,6,-3,2
400935309,2017,regular,9,Utah,Oregon,400935309102944501,9,Fumble Recovery (Opponent),2,6,10,17,3,18,0,0,18,-1,9
400935309,2017,regular,9,Utah,Oregon,400935309102944501,9,Fumble Recovery (Opponent),2,6,14,17,3,18,0,0,18,-1,9
400935389,2017,regular,9,Michigan State,Northwestern,400935389104895001,5,Passing Touchdown,4,18,3,17,10,6,12,0,18,-1,6
400935389,2017,regular,9,Michigan State,Northwestern,400935389104895001,5,Passing Touchdown,4,18,7,17,10,6,12,0,18,-1,6
400937504,2017,regular,9,Florida State,Boston College,400937504102898901,10,Passing Touchdown,2,7,10,14,0,12,12,0,24,-10,5
400937504,2017,regular,9,Florida State,Boston College,400937504102898901,10,Passing Touchdown,2,7,14,14,0,12,12,0,24,-10,5
400937507,2017,regular,9,Louisville,Wake Forest,400937507101928501,10,Rushing Touchdown,1,2,3,7,0,24,0,0,24,-17,11
400937507,2017,regular,9,Louisville,Wake Forest,400937507101928501,10,Rushing Touchdown,1,2,7,7,0,24,0,0,24,-17,11
400937507,2017,regular,9,Louisville,Wake Forest,400937507102896401,10,Passing Touchdown,2,6,14,21,3,24,0,0,24,-3,11
400937508,2017,regular,9,Miami,North Carolina,400937508101954701,8,Field Goal Good,1,5,3,3,0,6,0,0,6,-3,8
400938643,2017,regular,9,Marshall,Florida International,400938643101934001,12,Rushing Touchdown,1,4,10,14,0,15,9,6,30,-16,6
400938643,2017,regular,9,Marshall,Florida International,400938643101934001,12,Rushing Touchdown,1,4,14,14,0,15,9,6,30,-16,6
400938893,2017,regular,9,App State,Massachusetts,400938893101938901,5,Field Goal Good,1,6,10,10,0,12,6,0,18,-8,2
400941831,2017,regular,9,SMU,Tulsa,400941831102879801,12,Rushing Touchdown,2,7,10,21,7,24,0,0,24,-3,9
400941831,2017,regular,9,SMU,Tulsa,400941831102879801,12,Rushing Touchdown,2,7,14,21,7,24,0,0,24,-3,9
400945005,2017,regular,9,Northern Illinois,Eastern Michigan,400945005102956005,8,Blocked Punt Touchdown,2,12,3,14,7,15,0,0,15,-1,6
400945005,2017,regular,9,Northern Illinois,Eastern Michigan,400945005102956005,8,Blocked Punt Touchdown,2,12,7,14,7,15,0,0,15,-1,6
400933907,2017,regular,10,Kentucky,Ole Miss,400933907101946401,11,Passing Touchdown,1,3,3,7,3,15,3,0,18,-11,7
400934541,2017,regular,10,Baylor,Kansas,400934541102857501,17,Field Goal Good,2,6,3,3,0,6,0,0,6,-3,5
400934543,2017,regular,10,Texas Tech,Kansas State,400934543102878101,9,Rushing Touchdown,2,5,7,10,0,12,6,6,24,-14,5
400934543,2017,regular,10,Texas Tech,Kansas State,400934543102878101,9,Rushing Touchdown,2,5,10,10,0,12,6,6,24,-14,5
400934544,2017,regular,10,Oklahoma State,Oklahoma,400934544101909601,4,Passing Touchdown,1,5,3,7,3,24,0,0,24,-17,7
400934544,2017,regular,10,Oklahoma State,Oklahoma,400934544102854601,11,Rushing Touchdown,2,9,7,21,10,42,3,0,45,-24,15
400934544,2017,regular,10,Oklahoma State,Oklahoma,400934544102854601,11,Rushing Touchdown,2,9,10,21,10,42,3,0,45,-24,15
400934580,2017,regular,10,Notre Dame,Wake Forest,400934580101915301,15,Field Goal Good,1,2,3,3,0,24,6,0,30,-27,10
400935312,2017,regular,10,Arizona State,Colorado,400935312101906601,14,Field Goal Good,1,2,3,3,0,15,3,0,18,-15,6
400935312,2017,regular,10,Arizona State,Colorado,400935312102885301,15,Rushing Touchdown,2,6,7,10,0,18,3,0,21,-11,6
400935312,2017,regular,10,Arizona State,Colorado,400935312102885301,15,Rushing Touchdown,2,6,10,10,0,18,3,0,21,-11,6
400935315,2017,regular,10,Stanford,Washington State,400935315103894801,13,Field Goal Good,3,13,10,17,7,18,0,0,18,-1,6
400935396,2017,regular,10,Wisconsin,Indiana,400935396102858801,12,Field Goal Good,2,5,10,10,0,12,0,0,12,-2,6
400935400,2017,regular,10,Nebraska,Northwestern,400935400101906301,10,Rushing Touchdown,1,2,3,7,0,12,0,0,12,-5,8
400935400,2017,regular,10,Nebraska,Northwestern,400935400101906301,10,Rushing Touchdown,1,2,7,7,0,12,0,0,12,-5,8
400938651,2017,regular,10,Louisiana Tech,North Texas,400938651101958701,11,Rushing Touchdown,1,3,3,7,0,15,0,0,15,-8,9
400938651,2017,regular,10,Louisiana Tech,North Texas,400938651101958701,11,Rushing Touchdown,1,3,7,7,0,15,0,0,15,-8,9
400941834,2017,regular,10,Navy,Temple,400941834102906401,14,Passing Touchdown,2,5,10,17,3,21,3,0,24,-7,5
400941834,2017,regular,10,Navy,Temple,400941834102906401,14,Passing Touchdown,2,5,14,17,3,21,3,0,24,-7,5
400944867,2017,regular,10,App State,UL Monroe,400944867101934001,8,Passing Touchdown,1,3,3,7,0,12,0,6,18,-11,10
400944867,2017,regular,10,App State,UL Monroe,400944867101934001,8,Passing Touchdown,1,3,7,7,0,12,0,6,18,-11,10
400944869,2017,regular,10,South Alabama,Louisiana,400944869101958201,7,Field Goal Good,1,4,3,3,0,6,0,0,6,-3,7
400944869,2017,regular,10,South Alabama,Louisiana,400944869102866501,11,Passing Touchdown,2,6,7,9,0,12,0,0,12,-3,7
400945291,2017,regular,10,New Mexico,Utah State,400945291101988901,12,Rushing Touchdown,1,7,3,7,0,6,0,6,12,-5,3
400945291,2017,regular,10,New Mexico,Utah State,400945291101988901,12,Rushing Touchdown,1,7,7,7,0,6,0,6,12,-5,3
400933913,2017,regular,11,Georgia,Auburn,400933913102959001,7,Passing Touchdown,2,10,3,16,7,12,6,0,18,-2,7
400933913,2017,regular,11,Georgia,Auburn,400933913102959001,7,Passing Touchdown,2,10,7,16,7,12,6,0,18,-2,7
400933920,2017,regular,11,Vanderbilt,Kentucky,400933920102888401,10,Rushing Touchdown,2,8,3,14,7,18,12,0,30,-16,9
400933920,2017,regular,11,Vanderbilt,Kentucky,400933920102888401,10,Rushing Touchdown,2,8,7,14,7,18,12,0,30,-16,9
400934581,2017,regular,11,Notre Dame,Miami,400934581101959801,8,Passing Touchdown,1,4,3,7,0,6,3,0,9,-2,7
400934581,2017,regular,11,Notre Dame,Miami,400934581101959801,8,Passing Touchdown,1,4,7,7,0,6,3,0,9,-2,7
400935318,2017,regular,11,UCLA,Arizona State,400935318101966001,13,Rushing Touchdown,1,6,10,14,0,18,0,0,18,-4,13
400935318,2017,regular,11,UCLA,Arizona State,400935318101966001,13,Rushing Touchdown,1,6,14,14,0,18,0,0,18,-4,13
400937517,2017,regular,11,Virginia Tech,Georgia Tech,400937517101947401,10,Rushing Touchdown,1,3,3,7,3,12,0,0,12,-5,5
400937517,2017,regular,11,Virginia Tech,Georgia Tech,400937517102958701,12,Rushing Touchdown,2,9,7,14,3,18,0,0,18,-4,6
400937517,2017,regular,11,Virginia Tech,Georgia Tech,400937517102958701,12,Rushing Touchdown,2,9,10,14,3,18,0,0,18,-4,6
400944872,2017,regular,11,Arkansas State,South Alabama,400944872101994701,9,Field Goal Good,1,6,10,10,0,12,0,0,12,-2,7
400945015,2017,regular,11,Eastern Michigan,Central Michigan,400945015102909901,10,Passing Touchdown,2,10,10,21,10,18,6,6,30,-9,6
400945017,2017,regular,11,Toledo,Ohio,400945017101978401,6,Rushing Touchdown,1,4,3,7,0,6,9,0,15,-8,8
400945017,2017,regular,11,Toledo,Ohio,400945017101978401,6,Rushing Touchdown,1,4,7,7,0,6,9,0,15,-8,8
400945017,2017,regular,11,Toledo,Ohio,400945017103897001,10,Rushing Touchdown,3,16,10,17,7,12,9,0,21,-4,9
400945296,2017,regular,11,Boise State,Colorado State,400945296101958101,9,Passing Touchdown,1,3,10,14,3,18,6,0,24,-10,7
400945296,2017,regular,11,Boise State,Colorado State,400945296102888001,12,Rushing Touchdown,2,7,21,28,3,24,6,0,30,-2,7
400945297,2017,regular,11,Fresno State,Hawai'i,400945297101974701,12,Passing Touchdown,1,4,3,7,0,6,0,6,12,-5,2
400945297,2017,regular,11,Fresno State,Hawai'i,400945297101974701,12,Passing Touchdown,1,4,7,7,0,6,0,6,12,-5,2
400934554,2017,regular,12,West Virginia,Texas,400934554102894401,12,Passing Touchdown,2,8,3,7,0,12,6,0,18,-11,10
400934554,2017,regular,12,West Virginia,Texas,400934554102894401,12,Passing Touchdown,2,8,7,7,0,12,6,0,18,-11,10
400935321,2017,regular,12,Oregon,Arizona,400935321101925801,11,Rushing Touchdown,1,2,3,7,0,6,6,0,12,-5,4
400935321,2017,regular,12,Oregon,Arizona,400935321101925801,11,Rushing Touchdown,1,2,7,7,0,6,6,0,12,-5,4
400935324,2017,regular,12,Washington,Utah,400935324102875201,14,Field Goal Good,2,5,3,10,6,15,3,0,18,-8,6
400935411,2017,regular,12,Iowa,Purdue,400935411101919801,17,Passing Touchdown,1,2,3,7,0,12,3,0,15,-8,3
400935411,2017,regular,12,Iowa,Purdue,400935411101919801,17,Passing Touchdown,1,2,7,7,0,12,3,0,15,-8,3
400938665,2017,regular,12,Middle Tennessee,Western Kentucky,400938665101935801,9,Passing Touchdown,1,3,3,7,0,12,0,0,12,-5,6
400938665,2017,regular,12,Middle Tennessee,Western Kentucky,400938665101935801,9,Passing Touchdown,1,3,7,7,0,12,0,0,12,-5,6
400938895,2017,regular,12,BYU,Massachusetts,400938895102948401,18,Field Goal Good,2,8,3,3,0,9,3,0,12,-9,3
400941844,2017,regular,12,UCF,Temple,400941844101958701,13,Field Goal Good,1,3,3,3,0,12,0,0,12,-9,6
400941845,2017,regular,12,Cincinnati,East Carolina,400941845101938001,9,Rushing Touchdown,1,3,10,14,0,24,0,0,24,-10,11
400941845,2017,regular,12,Cincinnati,East Carolina,400941845101938001,9,Rushing Touchdown,1,3,14,14,0,24,0,0,24,-10,11
400941845,2017,regular,12,Cincinnati,East Carolina,400941845102909701,13,Passing Touchdown,2,7,21,21,0,30,0,0,30,-9,11
400941846,2017,regular,12,Houston,Tulane,400941846102999901,16,Field Goal Good,2,9,10,13,3,15,0,0,15,-2,7
400944877,2017,regular,12,South Alabama,Georgia Southern,400944877101979901,9,Rushing Touchdown,1,7,21,21,0,12,12,0,24,-3,13
400945019,2017,regular,12,Central Michigan,Kent State,400945019101935501,13,Field Goal Good,1,2,3,3,0,18,0,0,18,-15,9
400945020,2017,regular,12,Ohio,Akron,400945020101958601,4,Passing Touchdown,1,5,3,10,7,12,0,0,12,-2,4
400945021,2017,regular,12,Miami (OH),Eastern Michigan,400945021101977201,9,Rushing Touchdown,1,4,3,7,0,6,6,0,12,-5,12
400945021,2017,regular,12,Miami (OH),Eastern Michigan,400945021101977201,9,Rushing Touchdown,1,4,7,7,0,6,6,0,12,-5,12
400945302,2017,regular,12,New Mexico,UNLV,400945302101968801,10,Rushing Touchdown,1,3,7,10,0,24,0,0,24,-14,11
400945302,2017,regular,12,New Mexico,UNLV,400945302101968801,10,Rushing Touchdown,1,3,10,10,0,24,0,0,24,-14,11
400945305,2017,regular,12,San Diego State,Nevada,400945305101939201,8,Field Goal Good,1,2,3,3,0,12,0,0,12,-9,4
400933930,2017,regular,13,Mississippi State,Ole Miss,400933930102895901,7,Field Goal Good,2,9,10,10,0,24,0,0,24,-14,8
400933932,2017,regular,13,Alabama,Auburn,400933932101956101,13,Passing Touchdown,1,3,3,7,0,18,0,0,18,-11,10
400933932,2017,regular,13,Alabama,Auburn,400933932101956101,13,Passing Touchdown,1,3,7,7,0,18,0,0,18,-11,10
400933938,2017,regular,13,Tennessee,Vanderbilt,400933938104857901,14,Passing Touchdown,4,14,10,28,17,24,6,0,30,-2,11
400934557,2017,regular,13,Texas,Texas Tech,400934557102855001,9,Field Goal Good,2,8,3,10,7,12,6,0,18,-8,8
400935420,2017,regular,13,Ohio State,Michigan,400935420101939701,14,Rushing Touchdown,1,3,3,7,0,6,6,0,12,-5,7
400935420,2017,regular,13,Ohio State,Michigan,400935420101939701,14,Rushing Touchdown,1,3,7,7,0,6,6,0,12,-5,7
400938668,2017,regular,13,Western Kentucky,Florida International,400938668101947001,13,Field Goal Good,1,2,3,3,0,24,0,6,30,-27,6
400938669,2017,regular,13,UTSA,Louisiana Tech,400938669102996301,15,Field Goal Good,2,8,10,10,0,15,0,0,15,-5,6
400938670,2017,regular,13,Marshall,Southern Miss,400938670102859001,13,Rushing Touchdown,2,5,3,7,0,12,0,0,12,-5,6
400938670,2017,regular,13,Marshall,Southern Miss,400938670102859001,13,Rushing Touchdown,2,5,7,7,0,12,0,0,12,-5,6
400941851,2017,regular,13,Cincinnati,UConn,400941851101924901,15,Field Goal Good,1,2,3,3,0,3,3,0,6,-3,6
400944881,2017,regular,13,Louisiana,Georgia Southern,400944881101915101,12,Rushing Touchdown,1,2,3,7,0,24,0,0,24,-17,10
400944881,2017,regular,13,Louisiana,Georgia Southern,400944881101915101,12,Rushing Touchdown,1,2,7,7,0,24,0,0,24,-17,10
400945309,2017,regular,13,Wyoming,San José State,400945309102896001,5,Field Goal Good,2,13,10,10,0,6,6,0,12,-2,6
400944886,2017,regular,14,Georgia Southern,Coastal Carolina,400944886102854401,11,Rushing Touchdown,2,5,10,14,3,18,0,0,18,-4,9
400955151,2017,regular,14,UCF,Memphis,400955151102999901,9,Field Goal Good,2,15,7,31,24,36,0,0,36,-5,12
401032057,2018,postseason,1,App State,Middle Tennessee,401032057101948401,9,Field Goal Good,1,3,3,3,0,9,0,0,9,-6,8
401032062,2018,postseason,1,BYU,Western Michigan,401032062102997501,12,Field Goal Good,2,11,3,10,7,12,0,0,12,-2,2
401032068,2018,postseason,1,Georgia Tech,Minnesota,401032068101958501,7,Passing Touchdown,1,3,7,10,0,12,0,0,12,-2,7
401032068,2018,postseason,1,Georgia Tech,Minnesota,401032068101958501,7,Passing Touchdown,1,3,10,10,0,12,0,0,12,-2,7
401032070,2018,postseason,1,Temple,Duke,401032070101896301,6,Rushing Touchdown,1,2,3,7,0,6,6,0,12,-5,5
401032070,2018,postseason,1,Temple,Duke,401032070101896301,6,Rushing Touchdown,1,2,7,7,0,6,6,0,12,-5,5
401032072,2018,postseason,1,Vanderbilt,Baylor,401032072101978001,10,Rushing Touchdown,1,4,3,10,7,18,0,0,18,-8,12
401032074,2018,postseason,1,Syracuse,West Virginia,401032074101935702,11,Field Goal Good,1,4,3,3,0,6,6,0,12,-9,9
401032076,2018,postseason,1,Michigan,Florida,401032076101946201,10,Field Goal Good,1,4,3,3,0,24,0,6,30,-27,12
401032077,2018,postseason,1,South Carolina,Virginia,401032077101966901,13,Passing Touchdown,1,4,3,7,0,6,6,0,12,-5,3
401032077,2018,postseason,1,South Carolina,Virginia,401032077101966901,13,Passing Touchdown,1,4,7,7,0,6,6,0,12,-5,3
401032077,2018,postseason,1,South Carolina,Virginia,401032077102995701,15,Rushing Touchdown,2,8,10,14,0,12,6,0,18,-4,3
401032077,2018,postseason,1,South Carolina,Virginia,401032077102995701,15,Rushing Touchdown,2,8,14,14,0,12,6,0,18,-4,3
401032088,2018,postseason,1,Penn State,Kentucky,401032088101877601,5,Field Goal Good,1,2,3,3,0,6,0,0,6,-3,7
401012676,2018,regular,1,Arizona,BYU,401012676102904101,9,Rushing Touchdown,2,6,3,7,0,6,6,0,12,-5,3
401012676,2018,regular,1,Arizona,BYU,401012676102904101,9,Rushing Touchdown,2,6,7,7,0,6,6,0,12,-5,3
401012681,2018,regular,1,Oregon,Bowling Green,401012681101895301,11,Field Goal Good,1,2,3,3,0,6,0,0,6,-3,4
401012804,2018,regular,1,Illinois,Kent State,401012804102925501,16,Field Goal Good,2,7,7,10,3,18,0,0,18,-8,10
401012872,2018,regular,1,Texas,Maryland,401012872102857301,10,Field Goal Good,2,9,10,17,7,18,0,0,18,-1,7
401013095,2018,regular,1,Miami,LSU,401013095101917301,10,Field Goal Good,1,2,3,3,0,12,3,6,21,-18,7
401013095,2018,regular,1,Miami,LSU,401013095101996401,8,Rushing Touchdown,1,6,7,10,3,6,3,6,15,-5,6
401013095,2018,regular,1,Miami,LSU,401013095102907801,12,Rushing Touchdown,2,8,10,17,3,15,3,6,24,-7,8
401013095,2018,regular,1,Miami,LSU,401013095102907801,12,Rushing Touchdown,2,8,14,17,3,15,3,6,24,-7,8
401013342,2018,regular,1,Purdue,Northwestern,401013342101924101,11,Rushing Touchdown,1,2,3,7,0,18,0,0,18,-11,7
401013342,2018,regular,1,Purdue,Northwestern,401013342101924101,11,Rushing Touchdown,1,2,7,7,0,18,0,0,18,-11,7
401013349,2018,regular,1,Penn State,App State,401013349101958903,13,Field Goal Good,1,4,3,10,7,18,0,6,24,-14,9
401013448,2018,regular,1,Old Dominion,Liberty,401013448101908601,7,Passing Touchdown,1,3,10,14,0,30,0,0,30,-16,11
401013448,2018,regular,1,Old Dominion,Liberty,401013448101908601,7,Passing Touchdown,1,3,14,14,0,30,0,0,30,-16,11
401014975,2018,regular,1,Miami (OH),Marshall,401014975101967101,13,Rushing Touchdown,1,3,10,14,0,18,0,0,18,-4,9
401014975,2018,regular,1,Miami (OH),Marshall,401014975101967101,13,Rushing Touchdown,1,3,14,14,0,18,0,0,18,-4,9
401014977,2018,regular,1,Houston,Rice,401014977102898901,8,Field Goal Good,2,10,7,10,3,6,6,0,12,-2,6
401019475,2018,regular,1,Navy,Hawai'i,401019475101968601,10,Rushing Touchdown,1,3,10,14,0,24,0,0,24,-10,9
401019475,2018,regular,1,Navy,Hawai'i,401019475101968601,10,Rushing Touchdown,1,3,14,14,0,24,0,0,24,-10,9
401012270,2018,regular,2,Clemson,Texas A&M,401012270101957101,10,Field Goal Good,1,3,3,3,0,21,0,0,21,-18,12
401012729,2018,regular,2,Nebraska,Colorado,401012729101909901,10,Passing Touchdown,1,2,3,7,0,6,6,0,12,-5,4
401012729,2018,regular,2,Nebraska,Colorado,401012729101909901,10,Passing Touchdown,1,2,7,7,0,6,6,0,12,-5,4
401013103,2018,regular,2,North Carolina,East Carolina,401013103101907801,9,Rushing Touchdown,1,2,3,7,3,6,3,0,9,-2,6
401019479,2018,regular,2,Memphis,Navy,401019479101919301,13,Field Goal Good,1,2,3,3,0,6,0,0,6,-3,6
401012272,2018,regular,3,Arkansas,North Texas,401012272101906301,8,Rushing Touchdown,1,4,3,7,0,6,3,6,15,-8,8
401012272,2018,regular,3,Arkansas,North Texas,401012272101906301,8,Rushing Touchdown,1,4,7,7,0,6,3,6,15,-8,8
401012272,2018,regular,3,Arkansas,North Texas,401012272101935001,10,Punt,1,5,10,14,0,18,3,6,27,-13,8
401012272,2018,regular,3,Arkansas,North Texas,401012272101935001,10,Punt,1,5,14,14,0,18,3,6,27,-13,8
401012273,2018,regular,3,Auburn,LSU,401012273102916201,13,Field Goal Good,2,8,10,10,0,9,6,0,15,-5,4
401012874,2018,regular,3,Maryland,Temple,401012874101976601,10,Passing Touchdown,1,6,3,7,0,6,0,6,12,-5,6
401012874,2018,regular,3,Maryland,Temple,401012874101976601,10,Passing Touchdown,1,6,7,7,0,6,0,6,12,-5,6
401012874,2018,regular,3,Maryland,Temple,401012874102936101,13,Rushing Touchdown,2,10,10,14,0,12,0,6,18,-4,7
401012874,2018,regular,3,Maryland,Temple,401012874102936101,13,Rushing Touchdown,2,10,14,14,0,12,0,6,18,-4,7
401013111,2018,regular,3,Florida State,Syracuse,401013111101927601,15,Field Goal Good,1,4,3,3,0,24,0,0,24,-21,13
401013356,2018,regular,3,Wisconsin,BYU,401013356102878201,11,Passing Touchdown,2,6,3,14,7,9,6,0,15,-1,7
401013356,2018,regular,3,Wisconsin,BYU,401013356102878201,11,Passing Touchdown,2,6,7,14,7,9,6,0,15,-1,7
401013491,2018,regular,3,Boise State,Oklahoma State,401013491102978701,12,Field Goal Good,2,10,10,17,7,15,12,0,27,-10,7
401019488,2018,regular,3,Tulsa,Arkansas State,401019488102956601,11,Rushing Touchdown,2,9,3,10,7,9,0,8,17,-7,8
401021660,2018,regular,3,South Alabama,Texas State,401021660101884501,6,Field Goal Good,1,2,3,3,0,12,0,0,12,-9,9
401012286,2018,regular,4,Mississippi State,Kentucky,401012286103939601,11,Rushing Touchdown,3,14,3,14,7,18,0,0,18,-4,10
401012286,2018,regular,4,Mississippi State,Kentucky,401012286103939601,11,Rushing Touchdown,3,14,7,14,7,18,0,0,18,-4,10
401012748,2018,regular,4,USC,Washington State,401012748102867001,18,Rushing Touchdown,2,6,3,10,7,24,3,0,27,-17,5
401012749,2018,regular,4,Stanford,Oregon,401012749102867301,17,Passing Touchdown,2,4,10,14,0,21,0,0,21,-7,9
401012749,2018,regular,4,Stanford,Oregon,401012749102867301,17,Passing Touchdown,2,4,14,14,0,21,0,0,21,-7,9
401012865,2018,regular,4,Wisconsin,Iowa,401012865103898701,11,Field Goal Good,3,10,3,10,7,12,0,0,12,-2,9
401013119,2018,regular,4,Boston College,Purdue,401013119101925101,12,Rushing Touchdown,1,2,3,7,0,18,3,0,21,-14,7
401013119,2018,regular,4,Boston College,Purdue,401013119101925101,12,Rushing Touchdown,1,2,7,7,0,18,3,0,21,-14,7
401021663,2018,regular,4,Louisiana,Coastal Carolina,401021663102918501,22,Rushing Touchdown,2,6,3,10,7,21,0,0,21,-11,11
401021664,2018,regular,4,Troy,UL Monroe,401021664101916701,14,Rushing Touchdown,1,2,3,7,0,18,0,0,18,-11,9
401021664,2018,regular,4,Troy,UL Monroe,401021664101916701,14,Rushing Touchdown,1,2,7,7,0,18,0,0,18,-11,9
401022522,2018,regular,4,Utah State,Air Force,401022522102928601,16,Rushing Touchdown,2,8,3,14,7,15,0,0,15,-1,8
401022522,2018,regular,4,Utah State,Air Force,401022522102928601,16,Rushing Touchdown,2,8,7,14,7,15,0,0,15,-1,8
401012296,2018,regular,5,South Carolina,Kentucky,401012296102857801,13,Rushing Touchdown,2,6,7,10,3,12,3,0,15,-5,10
401013132,2018,regular,5,Duke,Virginia Tech,401013132101936501,9,Field Goal Good,1,4,3,3,0,12,0,0,12,-9,6
401013347,2018,regular,5,Ohio State,Penn State,401013347101954101,8,Field Goal Good,1,3,3,3,0,18,3,0,21,-18,13
401013451,2018,regular,5,New Mexico,Liberty,401013451101969601,9,Rushing Touchdown,1,6,3,14,7,24,12,0,36,-22,10
401013451,2018,regular,5,New Mexico,Liberty,401013451101969601,9,Rushing Touchdown,1,6,7,14,7,24,12,0,36,-22,10
401013466,2018,regular,5,Miami,North Carolina,401013466101919501,12,Field Goal Good,1,2,3,3,0,6,0,0,6,-3,13
401019496,2018,regular,5,Memphis,Tulane,401019496102999901,18,Field Goal Good,2,9,10,17,7,30,0,2,32,-15,8
401020688,2018,regular,5,Eastern Michigan,Northern Illinois,401020688102999901,14,Field Goal Good,2,13,3,13,10,0,15,0,15,-2,4
401020689,2018,regular,5,Fresno State,Toledo,401020689102869101,11,Field Goal Good,2,5,3,10,7,12,3,0,15,-5,7
401012759,2018,regular,6,California,Arizona,401012759101985001,9,Field Goal Good,1,3,10,10,0,0,0,12,12,-2,3
401012761,2018,regular,6,Colorado,Arizona State,401012761101945201,17,Rushing Touchdown,1,2,3,7,0,12,0,0,12,-5,7
401012761,2018,regular,6,Colorado,Arizona State,401012761101945201,17,Rushing Touchdown,1,2,7,7,0,12,0,0,12,-5,7
401012763,2018,regular,6,Stanford,Utah,401012763101995201,14,Rushing Touchdown,1,4,3,7,0,18,6,0,24,-17,4
401012763,2018,regular,6,Stanford,Utah,401012763101995201,14,Rushing Touchdown,1,4,7,7,0,18,6,0,24,-17,4
401012763,2018,regular,6,Stanford,Utah,401012763102894901,14,Interception Return Touchdown,2,5,10,14,0,18,6,0,24,-10,4
401012763,2018,regular,6,Stanford,Utah,401012763102894901,14,Interception Return Touchdown,2,5,14,14,0,18,6,0,24,-10,4
401012808,2018,regular,6,Illinois,Rutgers,401012808101948101,14,Rushing Touchdown,1,4,3,7,3,3,6,0,9,-2,4
401013031,2018,regular,6,Baylor,Kansas State,401013031101909501,7,Rushing Touchdown,1,2,3,7,3,18,0,0,18,-11,9
401013042,2018,regular,6,Oklahoma State,Iowa State,401013042102876201,10,Rushing Touchdown,2,7,3,16,7,30,3,0,33,-17,11
401013042,2018,regular,6,Oklahoma State,Iowa State,401013042102876201,10,Rushing Touchdown,2,7,7,16,7,30,3,0,33,-17,11
401013067,2018,regular,6,Oklahoma,Texas,401013067102898101,13,Passing Touchdown,2,6,7,17,10,18,9,0,27,-10,6
401013141,2018,regular,6,Miami,Florida State,401013141101905801,10,Passing Touchdown,1,2,3,7,0,3,9,6,18,-11,4
401013141,2018,regular,6,Miami,Florida State,401013141101905801,10,Passing Touchdown,1,2,7,7,0,3,9,6,18,-11,4
401015012,2018,regular,6,Rice,UTSA,401015012101995501,14,Field Goal Good,1,5,3,3,0,6,9,0,15,-12,5
401016407,2018,regular,6,BYU,Utah State,401016407101984901,14,Passing Touchdown,1,5,10,14,0,15,12,6,33,-19,6
401016407,2018,regular,6,BYU,Utah State,401016407101984901,14,Passing Touchdown,1,5,14,14,0,15,12,6,33,-19,6
401020812,2018,regular,6,Akron,Miami (OH),401020812102899901,18,Rushing Touchdown,2,6,3,7,0,27,3,0,30,-23,6
401020812,2018,regular,6,Akron,Miami (OH),401020812102899901,18,Rushing Touchdown,2,6,7,7,0,27,3,0,30,-23,6
401020812,2018,regular,6,Akron,Miami (OH),401020812102954201,10,Passing Touchdown,2,8,10,14,0,18,3,0,21,-7,5
401020812,2018,regular,6,Akron,Miami (OH),401020812102954201,10,Passing Touchdown,2,8,14,14,0,18,3,0,21,-7,5
401022528,2018,regular,6,Boise State,San Diego State,401022528101908501,4,Field Goal Good,1,5,3,3,0,0,6,0,6,-3,3
401022530,2018,regular,6,UNLV,New Mexico,401022530102854201,6,Rushing Touchdown,2,7,3,6,0,12,6,0,18,-12,8
401022530,2018,regular,6,UNLV,New Mexico,401022530102906501,8,Rushing Touchdown,2,9,7,12,0,18,15,0,33,-21,9
401022530,2018,regular,6,UNLV,New Mexico,401022530102906501,8,Rushing Touchdown,2,9,10,12,0,18,15,0,33,-21,9
401022530,2018,regular,6,UNLV,New Mexico,401022530102956201,7,Field Goal Good,2,11,14,15,0,12,12,0,24,-9,8
401012310,2018,regular,7,Georgia,LSU,401012310101906701,9,Field Goal Good,1,3,3,3,0,15,6,0,21,-18,8
401012310,2018,regular,7,Georgia,LSU,401012310102866501,13,Rushing Touchdown,2,5,7,10,0,18,6,0,24,-14,9
401012310,2018,regular,7,Georgia,LSU,401012310102866501,13,Rushing Touchdown,2,5,10,10,0,18,6,0,24,-14,9
401012310,2018,regular,7,Georgia,LSU,401012310102949001,16,Field Goal Good,2,9,14,16,0,24,6,0,30,-14,9
401012312,2018,regular,7,Florida,Vanderbilt,401012312101937601,10,Passing Touchdown,1,3,3,7,0,6,9,0,15,-8,4
401012312,2018,regular,7,Florida,Vanderbilt,401012312101937601,10,Passing Touchdown,1,3,7,7,0,6,9,0,15,-8,4
401012767,2018,regular,7,California,UCLA,401012767102896701,11,Field Goal Good,2,7,10,10,0,12,6,0,18,-8,7
401013076,2018,regular,7,TCU,Texas Tech,401013076101938501,14,Field Goal Good,1,2,3,3,0,12,0,0,12,-9,6
401013146,2018,regular,7,Miami,Virginia,401013146102865301,9,Field Goal Good,2,7,3,3,0,0,6,0,6,-3,3
401015013,2018,regular,7,Western Kentucky,Charlotte,401015013103905701,11,Rushing Touchdown,3,11,7,16,7,18,9,0,27,-11,7
401015014,2018,regular,7,Florida International,Middle Tennessee,401015014102909301,25,Rushing Touchdown,2,4,3,7,3,12,0,0,12,-5,7
401019508,2018,regular,7,Temple,Navy,401019508102854401,20,Field Goal Good,2,4,3,3,0,12,0,0,12,-9,7
401022536,2018,regular,7,Utah State,UNLV,401022536101946101,11,Rushing Touchdown,1,4,3,7,0,12,0,0,12,-5,12
401022536,2018,regular,7,Utah State,UNLV,401022536101946101,11,Rushing Touchdown,1,4,7,7,0,12,0,0,12,-5,12
401012768,2018,regular,8,Stanford,Arizona State,401012768101997201,8,Field Goal Good,1,6,3,3,0,6,0,0,6,-3,6
401013348,2018,regular,8,Ohio State,Purdue,401013348101988901,16,Passing Touchdown,1,5,3,7,0,24,6,6,36,-29,10
401013348,2018,regular,8,Ohio State,Purdue,401013348101988901,16,Passing Touchdown,1,5,7,7,0,24,6,6,36,-29,10
401013348,2018,regular,8,Ohio State,Purdue,401013348102997201,8,Passing Touchdown,2,11,10,14,3,12,0,6,18,-4,9
401013348,2018,regular,8,Ohio State,Purdue,401013348103916301,12,Rushing Touchdown,3,14,14,21,6,24,0,6,30,-9,10
401013363,2018,regular,8,Massachusetts,Coastal Carolina,401013363103934901,16,Rushing Touchdown,3,14,3,10,6,15,0,0,15,-5,12
401015021,2018,regular,8,Florida Atlantic,Marshall,401015021102857601,5,Field Goal Good,2,7,3,3,0,12,6,0,18,-15,7
401019511,2018,regular,8,South Florida,UConn,401019511101916601,5,Rushing Touchdown,1,3,3,7,0,6,3,0,9,-2,7
401019511,2018,regular,8,South Florida,UConn,401019511101916601,5,Rushing Touchdown,1,3,7,7,0,6,3,0,9,-2,7
401019512,2018,regular,8,Houston,Navy,401019512101915401,10,Field Goal Good,1,2,3,3,0,12,0,0,12,-9,9
401019512,2018,regular,8,Houston,Navy,401019512102919401,15,Rushing Touchdown,2,6,7,17,7,18,3,0,21,-4,10
401019512,2018,regular,8,Houston,Navy,401019512102919401,15,Rushing Touchdown,2,6,10,17,7,18,3,0,21,-4,10
401022539,2018,regular,8,Air Force,UNLV,401022539101978301,15,Passing Touchdown,1,3,3,7,3,24,0,0,24,-17,7
401012321,2018,regular,9,Texas A&M,Mississippi State,401012321101928001,14,Passing Touchdown,1,2,3,7,0,18,0,0,18,-11,8
401012321,2018,regular,9,Texas A&M,Mississippi State,401012321101928001,14,Passing Touchdown,1,2,7,7,0,18,0,0,18,-11,8
401012323,2018,regular,9,South Carolina,Tennessee,401012323102978801,17,Passing Touchdown,2,8,10,14,3,6,9,0,15,-1,3
401012775,2018,regular,9,Oregon,Arizona,401012775101889101,7,Passing Touchdown,1,2,3,7,0,6,6,0,12,-5,5
401012775,2018,regular,9,Oregon,Arizona,401012775101889101,7,Passing Touchdown,1,2,7,7,0,6,6,0,12,-5,5
401012776,2018,regular,9,USC,Arizona State,401012776102858701,10,Field Goal Good,2,6,10,17,7,12,6,0,18,-1,8
401012811,2018,regular,9,Maryland,Illinois,401012811101885801,5,Field Goal Good,1,2,3,3,0,18,0,0,18,-15,7
401012858,2018,regular,9,Indiana,Minnesota,401012858101937901,7,Rushing Touchdown,1,2,3,7,3,12,0,0,12,-5,6
401012868,2018,regular,9,Penn State,Iowa,401012868101899001,11,Field Goal Good,1,2,3,5,0,0,9,8,17,-12,5
401013154,2018,regular,9,Miami,Boston College,401013154101914201,11,Passing Touchdown,1,2,3,7,0,6,3,0,9,-2,7
401013154,2018,regular,9,Miami,Boston College,401013154101914201,11,Passing Touchdown,1,2,7,7,0,6,3,0,9,-2,7
401013154,2018,regular,9,Miami,Boston College,401013154102909501,23,Field Goal Good,2,6,10,17,7,18,3,0,21,-4,8
401013157,2018,regular,9,Louisville,Wake Forest,401013157101938301,8,Rushing Touchdown,1,4,3,14,7,30,0,6,36,-22,12
401013157,2018,regular,9,Louisville,Wake Forest,401013157101938301,8,Rushing Touchdown,1,4,7,14,7,30,0,6,36,-22,12
401013159,2018,regular,9,NC State,Syracuse,401013159101897901,10,Field Goal Good,1,2,3,3,0,27,0,0,27,-24,9
401015026,2018,regular,9,Southern Miss,Charlotte,401015026101918101,12,Rushing Touchdown,1,2,3,7,0,3,0,6,9,-2,5
401015026,2018,regular,9,Southern Miss,Charlotte,401015026101918101,12,Rushing Touchdown,1,2,7,7,0,3,0,6,9,-2,5
401020767,2018,regular,9,Western Michigan,Toledo,401020767102879101,12,Field Goal Good,2,8,10,17,7,42,0,0,42,-25,10
401021680,2018,regular,9,App State,Georgia Southern,401021680102955401,6,Field Goal Good,2,12,10,17,7,18,6,0,24,-7,9
401021681,2018,regular,9,Arkansas State,Louisiana,401021681102908801,12,Rushing Touchdown,2,9,10,28,14,30,0,0,30,-2,12
401021681,2018,regular,9,Arkansas State,Louisiana,401021681102908801,12,Rushing Touchdown,2,9,14,28,14,30,0,0,30,-2,12
401022545,2018,regular,9,Utah State,New Mexico,401022545101875901,7,Field Goal Good,1,2,3,3,0,0,0,8,8,-5,4
401012324,2018,regular,10,Auburn,Texas A&M,401012324101928901,14,Field Goal Good,1,2,3,3,0,18,0,0,18,-15,7
401012325,2018,regular,10,Florida,Missouri,401012325101965301,10,Rushing Touchdown,1,5,3,7,3,24,0,0,24,-17,8
401012328,2018,regular,10,Ole Miss,South Carolina,401012328101908701,9,Rushing Touchdown,1,3,10,14,3,18,0,0,18,-4,8
401012328,2018,regular,10,Ole Miss,South Carolina,401012328101976101,9,Field Goal Good,1,5,14,17,3,18,0,0,18,-1,8
401012780,2018,regular,10,Arizona,Colorado,401012780101946401,11,Rushing Touchdown,1,4,3,7,0,12,6,0,18,-11,6
401012780,2018,regular,10,Arizona,Colorado,401012780101946401,11,Rushing Touchdown,1,4,7,7,0,12,6,0,18,-11,6
401012812,2018,regular,10,Minnesota,Illinois,401012812102854801,8,Field Goal Good,2,7,10,17,7,36,0,0,36,-19,10
401013160,2018,regular,10,Virginia,Pittsburgh,401013160101939001,10,Rushing Touchdown,1,2,3,7,0,6,3,0,9,-2,8
401013160,2018,regular,10,Virginia,Pittsburgh,401013160101939001,10,Rushing Touchdown,1,2,7,7,0,6,3,0,9,-2,8
401013188,2018,regular,10,West Virginia,Texas,401013188101956301,8,Rushing Touchdown,1,4,3,7,3,12,0,0,12,-5,8
401019517,2018,regular,10,UCF,Temple,401019517102864701,15,Rushing Touchdown,2,9,7,24,14,27,0,0,27,-3,14
401019517,2018,regular,10,UCF,Temple,401019517102864701,15,Rushing Touchdown,2,9,10,24,14,27,0,0,27,-3,14
401019522,2018,regular,10,Houston,SMU,401019522101895401,7,Field Goal Good,1,2,3,3,0,12,0,0,12,-9,7
401021686,2018,regular,10,Georgia State,Texas State,401021686101945301,7,Rushing Touchdown,1,4,3,13,7,12,6,0,18,-5,5
401012336,2018,regular,11,Kentucky,Tennessee,401012336101949001,8,Field Goal Good,1,4,3,3,0,12,0,0,12,-9,10
401012786,2018,regular,11,Arizona State,UCLA,401012786101938601,9,Rushing Touchdown,1,2,3,7,3,6,0,6,12,-5,5
401013054,2018,regular,11,Kansas State,Kansas,401013054102946101,22,Field Goal Good,2,7,3,3,0,12,0,0,12,-9,5
401013077,2018,regular,11,West Virginia,TCU,401013077101918901,11,Field Goal Good,1,2,3,3,0,6,0,0,6,-3,2
401013333,2018,regular,11,Purdue,Minnesota,401013333102909601,8,Passing Touchdown,2,9,7,10,3,9,0,6,15,-5,9
401015040,2018,regular,11,Louisiana Tech,Rice,401015040102854301,8,Field Goal Good,2,8,3,3,0,6,0,0,6,-3,5
401015043,2018,regular,11,UAB,Southern Miss,401015043102869901,15,Field Goal Good,2,6,10,10,0,6,9,0,15,-5,2
401019526,2018,regular,11,Tulane,East Carolina,401019526101896801,6,Field Goal Good,1,2,3,3,0,12,0,0,12,-9,11
401019527,2018,regular,11,Houston,Temple,401019527101916501,12,Rushing Touchdown,1,4,10,14,0,24,6,0,30,-16,12
401019527,2018,regular,11,Houston,Temple,401019527101916501,12,Rushing Touchdown,1,4,14,14,0,24,6,0,30,-16,12
401020776,2018,regular,11,Ohio,Miami (OH),401020776102888701,14,Rushing Touchdown,2,6,3,14,7,18,0,2,20,-6,4
401020776,2018,regular,11,Ohio,Miami (OH),401020776102888701,14,Rushing Touchdown,2,6,7,14,7,18,0,2,20,-6,4
401020779,2018,regular,11,Central Michigan,Bowling Green,401020779103948401,10,Field Goal Good,3,16,3,17,13,12,0,6,18,-1,5
401021689,2018,regular,11,Troy,Georgia Southern,401021689101934801,7,Passing Touchdown,1,3,3,7,3,12,0,0,12,-5,5
401022556,2018,regular,11,Fresno State,Boise State,401022556101936201,11,Field Goal Good,1,3,3,3,0,6,0,0,6,-3,4
401022558,2018,regular,11,San Diego State,UNLV,401022558101886901,6,Field Goal Good,1,2,3,3,0,6,0,0,6,-3,2
401012348,2018,regular,12,Vanderbilt,Ole Miss,401012348101947701,13,Field Goal Good,1,3,3,3,0,15,3,0,18,-15,11
401012791,2018,regular,12,USC,UCLA,401012791101924601,9,Passing Touchdown,1,2,3,7,3,15,0,0,15,-8,8
401012878,2018,regular,12,Ohio State,Maryland,401012878101979301,6,Field Goal Good,1,6,14,17,3,18,0,6,24,-7,9
401013036,2018,regular,12,Baylor,TCU,401013036101878801,8,Field Goal Good,1,2,3,3,0,6,0,0,6,-3,4
401013055,2018,regular,12,Oklahoma,Kansas,401013055101974901,8,Rushing Touchdown,1,3,3,7,0,12,6,0,18,-11,8
401013055,2018,regular,12,Oklahoma,Kansas,401013055101974901,8,Rushing Touchdown,1,3,7,7,0,12,6,0,18,-11,8
401013175,2018,regular,12,Boston College,Florida State,401013175102914201,7,Field Goal Good,2,11,3,3,0,15,0,0,15,-12,10
401013178,2018,regular,12,NC State,Louisville,401013178101907301,9,Field Goal Good,1,2,3,3,0,6,0,0,6,-3,8
401013334,2018,regular,12,Minnesota,Northwestern,401013334101977901,5,Rushing Touchdown,1,6,3,7,0,6,3,0,9,-2,5
401013334,2018,regular,12,Minnesota,Northwestern,401013334101977901,5,Rushing Touchdown,1,6,7,7,0,6,3,0,9,-2,5
401013353,2018,regular,12,Purdue,Wisconsin,401013353103937201,12,Field Goal Good,3,14,3,13,10,24,0,0,24,-11,11
401019530,2018,regular,12,Memphis,SMU,401019530101997701,12,Field Goal Good,1,5,3,3,0,12,0,2,14,-11,4
401019534,2018,regular,12,Navy,Tulsa,401019534101929601,14,Rushing Touchdown,1,2,3,7,0,18,0,2,20,-13,5
401019534,2018,regular,12,Navy,Tulsa,401019534101929601,14,Rushing Touchdown,1,2,7,7,0,18,0,2,20,-13,5
401020780,2018,regular,12,Western Michigan,Ball State,401020780101926601,6,Passing Touchdown,1,3,3,7,0,12,0,0,12,-5,5
401020780,2018,regular,12,Western Michigan,Ball State,401020780101926601,6,Passing Touchdown,1,3,7,7,0,12,0,0,12,-5,5
401020782,2018,regular,12,Northern Illinois,Miami (OH),401020782102945901,15,Field Goal Good,2,6,3,3,0,0,3,6,9,-6,4
401022559,2018,regular,12,Wyoming,Air Force,401022559102984901,20,Field Goal Good,2,6,3,17,14,21,0,0,21,-4,8
401022564,2018,regular,12,Hawai'i,UNLV,401022564101998101,18,Passing Touchdown,1,4,3,7,3,12,6,0,18,-11,3
401012798,2018,regular,13,Washington State,Washington,401012798102946201,9,Rushing Touchdown,2,6,10,14,0,18,0,0,18,-4,11
401012798,2018,regular,13,Washington State,Washington,401012798102946201,9,Rushing Touchdown,2,6,14,14,0,18,0,0,18,-4,11
401012799,2018,regular,13,Arizona State,Arizona,401012799101929301,9,Field Goal Good,1,2,3,3,0,15,3,2,20,-17,10
401012800,2018,regular,13,Notre Dame,USC,401012800102884801,14,Field Goal Good,2,5,10,10,0,12,0,0,12,-2,6
401012895,2018,regular,13,Michigan,Ohio State,401012895101887001,7,Passing Touchdown,1,2,3,7,0,12,6,0,18,-11,7
401012895,2018,regular,13,Michigan,Ohio State,401012895101887001,7,Passing Touchdown,1,2,7,7,0,12,6,0,18,-11,7
401012895,2018,regular,13,Michigan,Ohio State,401012895102968101,9,Passing Touchdown,2,10,10,21,6,24,6,0,30,-9,10
401012895,2018,regular,13,Michigan,Ohio State,401012895102968101,9,Passing Touchdown,2,10,14,21,6,24,6,0,30,-9,10
401013078,2018,regular,13,Oklahoma State,TCU,401013078102989001,9,Passing Touchdown,2,13,3,7,3,12,0,6,18,-11,10
401013183,2018,regular,13,Virginia,Virginia Tech,401013183102975501,8,Passing Touchdown,2,9,3,7,0,6,3,0,9,-2,6
401013183,2018,regular,13,Virginia,Virginia Tech,401013183102975501,8,Passing Touchdown,2,9,7,7,0,6,3,0,9,-2,6
401013185,2018,regular,13,Duke,Wake Forest,401013185101987001,13,Passing Touchdown,1,7,21,21,0,30,6,6,42,-21,12
401013335,2018,regular,13,Wisconsin,Minnesota,401013335101976201,10,Field Goal Good,1,3,3,3,0,12,3,0,15,-12,5
401013335,2018,regular,13,Wisconsin,Minnesota,401013335102977801,11,Rushing Touchdown,2,7,7,10,0,12,6,0,18,-8,5
401013335,2018,regular,13,Wisconsin,Minnesota,401013335102977801,11,Rushing Touchdown,2,7,10,10,0,12,6,0,18,-8,5
401015053,2018,regular,13,UAB,Middle Tennessee,401015053102904201,10,Field Goal Good,2,6,3,6,3,15,0,0,15,-9,9
401015055,2018,regular,13,Old Dominion,Rice,401015055101985501,9,Rushing Touchdown,1,4,3,6,3,12,6,0,18,-12,4
401019537,2018,regular,13,Memphis,Houston,401019537101886201,9,Passing Touchdown,1,2,3,7,0,6,0,6,12,-5,8
401019537,2018,regular,13,Memphis,Houston,401019537101886201,9,Passing Touchdown,1,2,7,7,0,6,0,6,12,-5,8
401020785,2018,regular,13,Miami (OH),Ball State,401020785101908801,9,Rushing Touchdown,1,3,3,7,0,12,0,0,12,-5,7
401020785,2018,regular,13,Miami (OH),Ball State,401020785101908801,9,Rushing Touchdown,1,3,7,7,0,12,0,0,12,-5,7
401021701,2018,regular,13,UL Monroe,Louisiana,401021701101955801,13,Passing Touchdown,1,3,10,14,0,15,0,0,15,-1,8
401021701,2018,regular,13,UL Monroe,Louisiana,401021701101955801,13,Passing Touchdown,1,3,14,14,0,15,0,0,15,-1,8
401022568,2018,regular,13,San Diego State,Hawai'i,401022568101916101,9,Field Goal Good,1,2,3,3,0,12,6,0,18,-15,9
401056705,2018,regular,14,Alabama,Georgia,401056705101969101,7,Passing Touchdown,1,5,3,7,0,12,0,0,12,-5,7
401056705,2018,regular,14,Alabama,Georgia,401056705101969101,7,Passing Touchdown,1,5,7,7,0,12,0,0,12,-5,7
401135261,2019,postseason,1,Utah State,Kent State,401135261101946201,12,Rushing Touchdown,1,4,3,14,7,24,15,0,39,-25,7
401135261,2019,postseason,1,Utah State,Kent State,401135261101946201,12,Rushing Touchdown,1,4,7,14,7,24,15,0,39,-25,7
401135264,2019,postseason,1,SMU,Florida Atlantic,401135264101968801,13,Rushing Touchdown,1,6,3,7,0,21,12,6,39,-32,9
401135264,2019,postseason,1,SMU,Florida Atlantic,401135264101968801,13,Rushing Touchdown,1,6,7,7,0,21,12,6,39,-32,9
401135265,2019,postseason,1,Florida International,Arkansas State,401135265101907401,16,Passing Touchdown,1,2,3,7,0,21,3,0,24,-17,9
401135265,2019,postseason,1,Florida International,Arkansas State,401135265101907401,16,Passing Touchdown,1,2,7,7,0,21,3,0,24,-17,9
401135265,2019,postseason,1,Florida International,Arkansas State,401135265101994401,15,Passing Touchdown,1,6,10,14,0,15,3,0,18,-4,9
401135265,2019,postseason,1,Florida International,Arkansas State,401135265101994401,15,Passing Touchdown,1,6,14,14,0,15,3,0,18,-4,9
401135269,2019,postseason,1,BYU,Hawai'i,401135269101926701,10,Passing Touchdown,1,3,3,7,0,18,0,0,18,-11,9
401135269,2019,postseason,1,BYU,Hawai'i,401135269101926701,10,Passing Touchdown,1,3,7,7,0,18,0,0,18,-11,9
401135277,2019,postseason,1,Penn State,Memphis,401135277101894701,11,Field Goal Good,1,2,3,3,0,18,3,0,21,-18,11
401135279,2019,postseason,1,Clemson,Ohio State,401135279102927901,18,Field Goal Good,2,9,14,16,0,18,0,0,18,-2,7
401135280,2019,postseason,1,Western Kentucky,Western Michigan,401135280101958201,13,Field Goal Good,1,3,3,3,0,6,0,6,12,-9,4
401135283,2019,postseason,1,Virginia Tech,Kentucky,401135283101957901,16,Rushing Touchdown,1,2,3,7,3,15,0,0,15,-8,6
401135291,2019,postseason,1,Tennessee,Indiana,401135291103907001,17,Rushing Touchdown,3,11,3,10,6,9,0,6,15,-5,7
401110730,2019,regular,1,Tennessee,Georgia State,401110730101879901,7,Rushing Touchdown,1,2,3,7,0,6,3,0,9,-2,3
401110730,2019,regular,1,Tennessee,Georgia State,401110730101879901,7,Rushing Touchdown,1,2,7,7,0,6,3,0,9,-2,3
401112435,2019,regular,1,Virginia Tech,Boston College,401112435101879801,5,Passing Touchdown,1,3,3,7,0,6,6,0,12,-5,6
401112435,2019,regular,1,Virginia Tech,Boston College,401112435101879801,5,Passing Touchdown,1,3,7,7,0,6,6,0,12,-5,6
401114164,2019,regular,1,Arizona,Hawai'i,401114164101907701,8,Passing Touchdown,1,3,3,7,0,24,0,0,24,-17,9
401114164,2019,regular,1,Arizona,Hawai'i,401114164101907701,8,Passing Touchdown,1,3,7,7,0,24,0,0,24,-17,9
401114184,2019,regular,1,Colorado,Colorado State,401114184102916001,12,Passing Touchdown,2,6,3,14,10,18,3,0,21,-7,6
401110784,2019,regular,2,Clemson,Texas A&M,401110784102858101,20,Field Goal Good,2,5,3,3,0,6,0,0,6,-3,2
401110785,2019,regular,2,Purdue,Vanderbilt,401110785101936701,6,Rushing Touchdown,1,5,3,7,0,6,6,0,12,-5,5
401110785,2019,regular,2,Purdue,Vanderbilt,401110785101936701,6,Rushing Touchdown,1,5,7,7,0,6,6,0,12,-5,5
401112146,2019,regular,2,Illinois,UConn,401112146101964301,12,Field Goal Good,1,4,10,10,0,6,3,6,15,-5,5
401112441,2019,regular,2,Georgia Tech,South Florida,401112441101965901,9,Field Goal Good,1,4,3,3,0,6,0,0,6,-3,5
401114224,2019,regular,2,Utah,Northern Illinois,401114224101968101,13,Rushing Touchdown,1,3,3,7,0,9,0,0,9,-2,4
401114224,2019,regular,2,Utah,Northern Illinois,401114224101968101,13,Rushing Touchdown,1,3,7,7,0,9,0,0,9,-2,4
401110792,2019,regular,3,Mississippi State,Kansas State,401110792101977601,9,Field Goal Good,1,4,3,3,0,18,0,6,24,-21,7
401110792,2019,regular,3,Mississippi State,Kansas State,401110792102866801,8,Rushing Touchdown,2,6,7,10,0,12,0,6,18,-8,7
401110792,2019,regular,3,Mississippi State,Kansas State,401110792102866801,8,Rushing Touchdown,2,6,10,10,0,12,0,6,18,-8,7
401112098,2019,regular,3,Boston College,Kansas,401112098102965801,14,Passing Touchdown,2,10,3,21,17,30,6,0,36,-15,14
401112098,2019,regular,3,Boston College,Kansas,401112098103897501,13,Field Goal Good,3,14,7,31,24,27,6,0,33,-2,14
401112147,2019,regular,3,Illinois,Eastern Michigan,401112147101919701,6,Passing Touchdown,1,3,3,7,3,12,0,0,12,-5,7
401114185,2019,regular,3,Colorado,Air Force,401114185102897201,13,Rushing Touchdown,2,6,3,13,10,18,0,0,18,-5,7
401114219,2019,regular,3,USC,BYU,401114219101969801,5,Field Goal Good,1,6,3,10,7,12,3,0,15,-5,5
401114219,2019,regular,3,USC,BYU,401114219102898001,11,Passing Touchdown,2,8,7,17,10,15,6,0,21,-4,7
401114230,2019,regular,3,Washington State,Houston,401114230102926601,17,Passing Touchdown,2,4,3,7,0,15,0,0,15,-8,10
401114230,2019,regular,3,Washington State,Houston,401114230102926601,17,Passing Touchdown,2,4,7,7,0,15,0,0,15,-8,10
401114260,2019,regular,3,Troy,Southern Miss,401114260101946901,17,Rushing Touchdown,1,2,3,7,0,30,0,6,36,-29,11
401114260,2019,regular,3,Troy,Southern Miss,401114260101946901,17,Rushing Touchdown,1,2,7,7,0,30,0,6,36,-29,11
401114348,2019,regular,3,Buffalo,Liberty,401114348102939001,9,Passing Touchdown,2,7,10,21,7,24,0,0,24,-3,6
401114348,2019,regular,3,Buffalo,Liberty,401114348102939001,9,Passing Touchdown,2,7,14,21,7,24,0,0,24,-3,6
401112148,2019,regular,4,Nebraska,Illinois,401112148101918701,5,Passing Touchdown,1,5,10,14,0,6,12,0,18,-4,3
401112148,2019,regular,4,Nebraska,Illinois,401112148101918701,5,Passing Touchdown,1,5,14,14,0,6,12,0,18,-4,3
401112265,2019,regular,4,Boston College,Rutgers,401112265102854701,16,Field Goal Good,2,6,3,10,7,9,3,0,12,-2,7
401114215,2019,regular,4,Washington State,UCLA,401114215101868801,3,Passing Touchdown,1,2,3,7,0,12,0,6,18,-11,3
401114215,2019,regular,4,Washington State,UCLA,401114215101868801,3,Passing Touchdown,1,2,7,7,0,12,0,6,18,-11,3
401114340,2019,regular,4,New Mexico,New Mexico State,401114340101956301,12,Rushing Touchdown,1,4,3,14,7,21,6,0,27,-13,6
401114340,2019,regular,4,New Mexico,New Mexico State,401114340101956301,12,Rushing Touchdown,1,4,7,14,7,21,6,0,27,-13,6
401117509,2019,regular,4,Tulsa,Wyoming,401117509101925301,9,Rushing Touchdown,1,2,3,7,0,12,0,0,12,-5,7
401117509,2019,regular,4,Tulsa,Wyoming,401117509101925301,9,Rushing Touchdown,1,2,7,7,0,12,0,0,12,-5,7
401110806,2019,regular,5,Alabama,Ole Miss,401110806101976301,15,Field Goal Good,1,5,3,10,7,24,0,0,24,-14,12
401112076,2019,regular,5,Iowa State,Baylor,401112076102994101,14,Passing Touchdown,2,12,3,7,0,12,0,0,12,-5,5
401112076,2019,regular,5,Iowa State,Baylor,401112076102994101,14,Passing Touchdown,2,12,7,7,0,12,0,0,12,-5,5
401112465,2019,regular,5,Virginia Tech,Duke,401112465102935601,11,Passing Touchdown,2,10,7,14,3,12,9,0,21,-7,6
401112465,2019,regular,5,Virginia Tech,Duke,401112465102935601,11,Passing Touchdown,2,10,10,14,3,12,9,0,21,-7,6
401112468,2019,regular,5,Florida State,NC State,401112468102937401,11,Field Goal Good,2,11,3,6,3,6,3,0,9,-3,4
401114156,2019,regular,5,California,Arizona State,401114156101917701,9,Rushing Touchdown,1,3,3,7,0,6,3,0,9,-2,6
401114156,2019,regular,5,California,Arizona State,401114156101917701,9,Rushing Touchdown,1,3,7,7,0,6,3,0,9,-2,6
401114270,2019,regular,5,North Texas,Houston,401114270101967201,9,Passing Touchdown,1,4,10,14,0,15,0,6,21,-7,7
401114270,2019,regular,5,North Texas,Houston,401114270101967201,9,Passing Touchdown,1,4,14,14,0,15,0,6,21,-7,7
401114356,2019,regular,5,Akron,Massachusetts,401114356102917701,13,Field Goal Good,2,10,10,17,7,15,9,6,30,-13,10
401117213,2019,regular,5,BYU,Toledo,401117213102889701,11,Field Goal Good,2,7,3,3,0,6,6,0,12,-9,7
401117513,2019,regular,5,Utah State,Colorado State,401117513101928501,7,Rushing Touchdown,1,5,3,7,0,0,3,6,9,-2,4
401117513,2019,regular,5,Utah State,Colorado State,401117513101928501,7,Rushing Touchdown,1,5,7,7,0,0,3,6,9,-2,4
401117514,2019,regular,5,Wyoming,UNLV,401117514101909601,10,Field Goal Good,1,2,3,3,0,6,0,0,6,-3,6
401117515,2019,regular,5,Nevada,Hawai'i,401117515101918201,6,Passing Touchdown,1,3,3,7,0,6,6,2,14,-7,4
401117515,2019,regular,5,Nevada,Hawai'i,401117515101918201,6,Passing Touchdown,1,3,7,7,0,6,6,2,14,-7,4
401117515,2019,regular,5,Nevada,Hawai'i,401117515102895901,10,Passing Touchdown,2,7,10,14,0,21,6,2,29,-15,9
401117515,2019,regular,5,Nevada,Hawai'i,401117515102895901,10,Passing Touchdown,2,7,14,14,0,21,6,2,29,-15,9
401112101,2019,regular,6,Oklahoma,Kansas,401112101101966401,11,Passing Touchdown,1,3,3,7,0,12,0,0,12,-5,7
401112101,2019,regular,6,Oklahoma,Kansas,401112101101966401,11,Passing Touchdown,1,3,7,7,0,12,0,0,12,-5,7
401112126,2019,regular,6,Oklahoma State,Texas Tech,401112126101875003,4,Field Goal Good,1,2,3,3,0,6,0,0,6,-3,6
401112126,2019,regular,6,Oklahoma State,Texas Tech,401112126101949801,7,Rushing Touchdown,1,6,7,10,0,18,3,0,21,-11,11
401112126,2019,regular,6,Oklahoma State,Texas Tech,401112126101949801,7,Rushing Touchdown,1,6,10,10,0,18,3,0,21,-11,11
401112474,2019,regular,6,Duke,Pittsburgh,401112474101986401,8,Field Goal Good,1,8,7,10,3,0,12,6,18,-8,5
401112474,2019,regular,6,Duke,Pittsburgh,401112474102969201,8,Field Goal Good,2,12,10,13,3,0,12,6,18,-5,5
401112476,2019,regular,6,Miami,Virginia Tech,401112476101905101,8,Rushing Touchdown,1,2,3,7,0,24,0,0,24,-17,7
401112476,2019,regular,6,Miami,Virginia Tech,401112476101905101,8,Rushing Touchdown,1,2,7,7,0,24,0,0,24,-17,7
401114167,2019,regular,6,Colorado,Arizona,401114167101998401,8,Passing Touchdown,1,4,3,7,3,18,0,0,18,-11,5
401114278,2019,regular,6,UTEP,UTSA,401114278102905501,19,Field Goal Good,2,6,10,10,0,21,0,0,21,-11,8
401117516,2019,regular,6,Air Force,Navy,401117516102926003,9,Rushing Touchdown,2,10,7,14,3,12,0,6,18,-4,9
401117516,2019,regular,6,Air Force,Navy,401117516102926003,9,Rushing Touchdown,2,10,10,14,3,12,0,6,18,-4,9
401119273,2019,regular,6,Eastern Michigan,Central Michigan,401119273103924901,11,Rushing Touchdown,3,16,21,28,3,24,6,0,30,-2,9
401119274,2019,regular,6,Ohio,Buffalo,401119274102876901,17,Passing Touchdown,2,3,3,7,0,6,6,0,12,-5,4
401119274,2019,regular,6,Ohio,Buffalo,401119274102876901,17,Passing Touchdown,2,3,7,7,0,6,6,0,12,-5,4
401121949,2019,regular,6,Arkansas State,Georgia State,401121949102854401,10,Rushing Touchdown,2,5,10,14,0,27,0,0,27,-13,17
401121949,2019,regular,6,Arkansas State,Georgia State,401121949102854401,10,Rushing Touchdown,2,5,14,14,0,27,0,0,27,-13,17
401110817,2019,regular,7,Georgia,South Carolina,401110817101984101,11,Passing Touchdown,1,4,3,7,3,3,0,6,9,-2,3
401110818,2019,regular,7,Kentucky,Arkansas,401110818102854201,10,Field Goal Good,2,5,10,10,0,6,6,0,12,-2,4
401112078,2019,regular,7,Baylor,Texas Tech,401112078101999901,9,Field Goal Good,1,7,3,3,0,9,9,0,18,-15,5
401112481,2019,regular,7,Wake Forest,Louisville,401112481101907101,4,Rushing Touchdown,1,4,3,7,0,6,6,6,18,-11,5
401112481,2019,regular,7,Wake Forest,Louisville,401112481101907101,4,Rushing Touchdown,1,4,7,7,0,6,6,6,18,-11,5
401112481,2019,regular,7,Wake Forest,Louisville,401112481101946501,7,Passing Touchdown,1,6,10,14,0,18,12,6,36,-22,7
401112481,2019,regular,7,Wake Forest,Louisville,401112481101946501,7,Passing Touchdown,1,6,14,14,0,18,12,6,36,-22,7
401114222,2019,regular,7,Notre Dame,USC,401114222101978601,8,Field Goal Good,1,5,3,3,0,6,0,0,6,-3,5
401117881,2019,regular,7,Memphis,Temple,401117881102875601,15,Field Goal Good,2,8,14,16,0,15,6,0,21,-5,6
401117882,2019,regular,7,Tulsa,Navy,401117882101999001,5,Rushing Touchdown,1,7,3,7,3,12,0,0,12,-5,7
401117882,2019,regular,7,Tulsa,Navy,401117882102909301,11,Rushing Touchdown,2,9,7,14,3,33,0,0,33,-19,11
401117882,2019,regular,7,Tulsa,Navy,401117882102909301,11,Rushing Touchdown,2,9,10,14,3,33,0,0,33,-19,11
401119278,2019,regular,7,Western Michigan,Miami (OH),401119278101898201,9,Field Goal Good,1,2,3,3,0,6,3,0,9,-6,5
401121952,2019,regular,7,Coastal Carolina,Georgia State,401121952101937401,8,Field Goal Good,1,5,3,3,0,12,0,0,12,-9,7
401121952,2019,regular,7,Coastal Carolina,Georgia State,401121952102984801,17,Passing Touchdown,2,11,7,17,6,18,3,0,21,-4,9
401121952,2019,regular,7,Coastal Carolina,Georgia State,401121952102984801,17,Passing Touchdown,2,11,10,17,6,18,3,0,21,-4,9
401110830,2019,regular,8,Missouri,Vanderbilt,401110830102879901,11,Rushing Touchdown,2,7,3,7,0,12,0,0,12,-5,8
401110830,2019,regular,8,Missouri,Vanderbilt,401110830102879901,11,Rushing Touchdown,2,7,7,7,0,12,0,0,12,-5,8
401112487,2019,regular,8,Florida State,Wake Forest,401112487102854701,14,Field Goal Good,2,5,7,9,0,18,0,0,18,-9,6
401114210,2019,regular,8,Stanford,UCLA,401114210101918301,10,Passing Touchdown,1,2,3,7,3,21,0,0,21,-14,8
401114210,2019,regular,8,Stanford,UCLA,401114210103889701,13,Field Goal Good,3,15,14,24,10,27,0,0,27,-3,8
401114287,2019,regular,8,Florida International,UTEP,401114287101949301,16,Rushing Touchdown,1,3,3,7,3,9,0,0,9,-2,7
401114292,2019,regular,8,Rice,UTSA,401114292101994001,14,Passing Touchdown,1,3,3,7,3,15,0,6,21,-14,6
401110832,2019,regular,9,Missouri,Kentucky,401110832102877201,8,Rushing Touchdown,2,6,3,6,0,9,6,0,15,-9,6
401110833,2019,regular,9,LSU,Auburn,401110833101916001,19,Field Goal Good,1,3,3,3,0,3,12,0,15,-12,4
401110834,2019,regular,9,South Carolina,Tennessee,401110834102904901,7,Punt,2,7,3,10,7,12,0,0,12,-2,9
401112132,2019,regular,9,TCU,Texas,401112132101936701,13,Field Goal Good,1,2,3,3,0,15,0,0,15,-12,10
401112152,2019,regular,9,Purdue,Illinois,401112152101975211,8,Field Goal Good,1,6,3,3,0,12,0,6,18,-15,5
401112491,2019,regular,9,North Carolina,Duke,401112491101956601,13,Field Goal Good,1,5,3,3,0,6,6,0,12,-9,4
401114159,2019,regular,9,Arizona State,UCLA,401114159102957701,17,Rushing Touchdown,2,8,10,21,7,18,6,0,24,-3,7
401114159,2019,regular,9,Arizona State,UCLA,401114159102957701,17,Rushing Touchdown,2,8,14,21,7,18,6,0,24,-3,7
401114188,2019,regular,9,USC,Colorado,401114188102854401,15,Passing Touchdown,2,4,3,10,7,21,0,0,21,-11,8
401114197,2019,regular,9,Oregon,Washington State,401114197101927301,11,Field Goal Good,1,2,3,3,0,24,0,0,24,-21,6
401119288,2019,regular,9,Western Michigan,Bowling Green,401119288101949001,15,Field Goal Good,1,3,3,3,0,6,0,0,6,-3,3
401119291,2019,regular,9,Kent State,Miami (OH),401119291101907701,8,Field Goal Good,1,2,3,3,0,9,0,0,9,-6,12
401119292,2019,regular,9,Ball State,Ohio,401119292101908901,10,Rushing Touchdown,1,2,3,7,0,9,3,0,12,-5,8
401119292,2019,regular,9,Ball State,Ohio,401119292101908901,10,Rushing Touchdown,1,2,7,7,0,9,3,0,12,-5,8
401112497,2019,regular,10,Florida State,Miami,401112497101908901,5,Passing Touchdown,1,3,3,7,0,12,0,0,12,-5,4
401112497,2019,regular,10,Florida State,Miami,401112497101908901,5,Passing Touchdown,1,3,7,7,0,12,0,0,12,-5,4
401112497,2019,regular,10,Florida State,Miami,401112497102999901,13,Field Goal Good,2,13,14,17,3,21,0,0,21,-4,6
401112499,2019,regular,10,North Carolina,Virginia,401112499101975301,14,Rushing Touchdown,1,4,3,7,3,21,0,0,21,-14,7
401112499,2019,regular,10,North Carolina,Virginia,401112499102908101,9,Field Goal Good,2,6,7,10,3,12,0,0,12,-2,7
401114227,2019,regular,10,Utah,Washington,401114227101926301,14,Passing Touchdown,1,2,3,7,0,12,0,0,12,-5,3
401114227,2019,regular,10,Utah,Washington,401114227101926301,14,Passing Touchdown,1,2,7,7,0,12,0,0,12,-5,3
401117216,2019,regular,10,Utah State,BYU,401117216101907701,13,Rushing Touchdown,1,2,3,7,0,30,0,0,30,-23,15
401117216,2019,regular,10,Utah State,BYU,401117216101907701,13,Rushing Touchdown,1,2,7,7,0,30,0,0,30,-23,15
401117535,2019,regular,10,Boise State,San José State,401117535101967301,16,Rushing Touchdown,1,3,10,14,0,27,3,0,30,-16,10
401117535,2019,regular,10,Boise State,San José State,401117535101967301,16,Rushing Touchdown,1,3,14,14,0,27,3,0,30,-16,10
401117537,2019,regular,10,Hawai'i,Fresno State,401117537101937001,11,Passing Touchdown,1,2,3,7,0,24,0,0,24,-17,8
401117537,2019,regular,10,Hawai'i,Fresno State,401117537101937001,11,Passing Touchdown,1,2,7,7,0,24,0,0,24,-17,8
401117897,2019,regular,10,Memphis,SMU,401117897101945001,12,Passing Touchdown,1,3,3,7,0,21,6,0,27,-20,8
401117897,2019,regular,10,Memphis,SMU,401117897101945001,12,Passing Touchdown,1,3,7,7,0,21,6,0,27,-20,8
401119295,2019,regular,10,Northern Illinois,Central Michigan,401119295101896201,7,Passing Touchdown,1,2,3,7,0,12,3,0,15,-8,12
401119295,2019,regular,10,Northern Illinois,Central Michigan,401119295101896201,7,Passing Touchdown,1,2,7,7,0,12,3,0,15,-8,12
401121960,2019,regular,10,App State,Georgia Southern,401121960101959601,8,Rushing Touchdown,1,4,3,7,0,12,0,0,12,-5,5
401121960,2019,regular,10,App State,Georgia Southern,401121960101959601,8,Rushing Touchdown,1,4,7,7,0,12,0,0,12,-5,5
401121960,2019,regular,10,App State,Georgia Southern,401121960102885401,9,Field Goal Good,2,6,10,10,0,18,0,0,18,-8,5
401110842,2019,regular,11,Alabama,LSU,401110842101954501,7,Field Goal Good,1,4,10,10,0,6,6,0,12,-2,9
401112198,2019,regular,11,Wisconsin,Iowa,401112198101926101,5,Field Goal Good,1,4,3,3,0,6,0,0,6,-3,4
401112502,2019,regular,11,Boston College,Florida State,401112502103877502,8,Rushing Touchdown,3,6,3,17,14,18,0,0,18,-1,7
401114180,2019,regular,11,Washington State,California,401114180102854601,9,Passing Touchdown,2,8,7,13,5,18,0,0,18,-5,8
401114306,2019,regular,11,Louisiana Tech,North Texas,401114306101879201,4,Field Goal Good,1,3,3,3,0,6,0,0,6,-3,2
401117541,2019,regular,11,Boise State,Wyoming,401117541102999801,13,Field Goal Good,2,9,3,10,7,12,0,0,12,-2,5
401117900,2019,regular,11,UCF,Tulsa,401117900101936901,10,Rushing Touchdown,1,3,3,7,0,12,9,0,21,-14,3
401117900,2019,regular,11,UCF,Tulsa,401117900101936901,10,Rushing Touchdown,1,3,7,7,0,12,9,0,21,-14,3
401121966,2019,regular,11,Georgia State,UL Monroe,401121966101944001,11,Rushing Touchdown,1,3,3,7,3,12,6,0,18,-11,10
401112082,2019,regular,12,Oklahoma,Baylor,401112082101947301,11,Rushing Touchdown,1,3,3,7,3,12,6,0,18,-11,5
401112507,2019,regular,12,Pittsburgh,North Carolina,401112507101938501,8,Passing Touchdown,1,3,3,7,3,9,0,0,9,-2,6
401112509,2019,regular,12,Duke,Syracuse,401112509101906301,4,Passing Touchdown,1,2,3,7,0,6,0,6,12,-5,6
401112509,2019,regular,12,Duke,Syracuse,401112509101906301,4,Passing Touchdown,1,2,7,7,0,6,0,6,12,-5,6
401112509,2019,regular,12,Duke,Syracuse,401112509101966201,11,Rushing Touchdown,1,4,10,14,0,24,6,6,36,-22,9
401112509,2019,regular,12,Duke,Syracuse,401112509101966201,11,Rushing Touchdown,1,4,14,14,0,24,6,6,36,-22,9
401114310,2019,regular,12,Middle Tennessee,Rice,401114310101894901,7,Field Goal Good,1,2,3,3,0,12,0,0,12,-9,6
401117903,2019,regular,12,Cincinnati,South Florida,401117903102907501,13,Field Goal Good,2,8,10,10,0,12,0,0,12,-2,6
401117905,2019,regular,12,Tulane,Temple,401117905101889401,8,Field Goal Good,1,3,3,3,0,3,6,0,9,-6,5
401117905,2019,regular,12,Tulane,Temple,401117905102887601,14,Passing Touchdown,2,7,7,10,0,6,15,0,21,-11,6
401117905,2019,regular,12,Tulane,Temple,401117905102887601,14,Passing Touchdown,2,7,10,10,0,6,15,0,21,-11,6
401119300,2019,regular,12,Ohio,Western Michigan,401119300102999101,14,Passing Touchdown,2,8,7,10,0,24,0,0,24,-14,7
401119300,2019,regular,12,Ohio,Western Michigan,401119300102999101,14,Passing Touchdown,2,8,10,10,0,24,0,0,24,-14,7
401119304,2019,regular,12,Ball State,Central Michigan,401119304101919601,10,Field Goal Good,1,2,3,3,0,12,6,0,18,-15,9
401121968,2019,regular,12,App State,Georgia State,401121968101917901,9,Passing Touchdown,1,4,3,7,0,12,0,6,18,-11,8
401121968,2019,regular,12,App State,Georgia State,401121968101917901,9,Passing Touchdown,1,4,7,7,0,12,0,6,18,-11,8
401121969,2019,regular,12,Arkansas State,Coastal Carolina,401121969102964006,9,Passing Touchdown,2,11,3,13,7,0,15,0,15,-2,6
401121972,2019,regular,12,Troy,Texas State,401121972101926901,12,Field Goal Good,1,2,3,3,0,21,0,0,21,-18,7
401110861,2019,regular,13,Missouri,Tennessee,401110861102875001,10,Rushing Touchdown,2,5,3,7,3,9,0,0,9,-2,11
401112094,2019,regular,13,Iowa State,Kansas,401112094101937401,11,Field Goal Good,1,4,3,3,0,21,0,0,21,-18,10
401112517,2019,regular,13,Miami,Florida International,401112517101899101,5,Field Goal Good,1,3,3,3,0,6,0,0,6,-3,3
401112517,2019,regular,13,Miami,Florida International,401112517101964001,11,Passing Touchdown,1,5,7,10,0,15,6,0,21,-11,5
401112517,2019,regular,13,Miami,Florida International,401112517101964001,11,Passing Touchdown,1,5,10,10,0,15,6,0,21,-11,5
401114162,2019,regular,13,Oregon,Arizona State,401114162102965901,14,Field Goal Good,2,8,3,10,7,21,3,0,24,-14,10
401114191,2019,regular,13,Washington,Colorado,401114191101927601,8,Field Goal Good,1,3,3,3,0,6,0,0,6,-3,10
401114206,2019,regular,13,Washington State,Oregon State,401114206101908301,5,Rushing Touchdown,1,2,3,7,0,12,0,0,12,-5,9
401114206,2019,regular,13,Washington State,Oregon State,401114206101908301,5,Rushing Touchdown,1,2,7,7,0,12,0,0,12,-5,9
401114317,2019,regular,13,North Texas,Rice,401114317101898301,8,Field Goal Good,1,2,3,3,0,6,0,0,6,-3,4
401114319,2019,regular,13,New Mexico State,UTEP,401114319102956301,11,Field Goal Good,2,8,3,10,7,21,0,0,21,-11,11
401117551,2019,regular,13,Fresno State,Nevada,401117551101978501,11,Passing Touchdown,1,3,10,14,0,24,0,0,24,-10,9
401117551,2019,regular,13,Fresno State,Nevada,401117551101978501,11,Passing Touchdown,1,3,14,14,0,24,0,0,24,-10,9
401119305,2019,regular,13,Northern Illinois,Eastern Michigan,401119305101934301,9,Rushing Touchdown,1,3,3,7,0,15,6,0,21,-14,7
401119305,2019,regular,13,Northern Illinois,Eastern Michigan,401119305101934301,9,Rushing Touchdown,1,3,7,7,0,15,6,0,21,-14,7
401119305,2019,regular,13,Northern Illinois,Eastern Michigan,401119305102885801,9,Passing Touchdown,2,7,10,14,0,15,6,0,21,-7,7
401119305,2019,regular,13,Northern Illinois,Eastern Michigan,401119305102885801,9,Passing Touchdown,2,7,14,14,0,15,6,0,21,-7,7
401121976,2019,regular,13,Georgia State,South Alabama,401121976101904201,8,Field Goal Good,1,2,3,3,0,12,0,0,12,-9,6
401112138,2019,regular,14,Texas,Texas Tech,401112138101908901,12,Passing Touchdown,1,2,3,7,0,12,0,0,12,-5,7
401112138,2019,regular,14,Texas,Texas Tech,401112138101908901,12,Passing Touchdown,1,2,7,7,0,12,0,0,12,-5,7
401112156,2019,regular,14,Illinois,Northwestern,401112156101969401,13,Field Goal Good,1,3,3,3,0,18,0,0,18,-15,6
401112522,2019,regular,14,Pittsburgh,Boston College,401112522101946601,11,Field Goal Good,1,5,3,3,0,9,0,0,9,-6,4
401112522,2019,regular,14,Pittsburgh,Boston College,401112522102905001,12,Passing Touchdown,2,9,7,13,3,12,3,0,15,-2,4
401112522,2019,regular,14,Pittsburgh,Boston College,401112522102905001,12,Passing Touchdown,2,9,10,13,3,12,3,0,15,-2,4
401112523,2019,regular,14,Miami,Duke,401112523101969301,8,Field Goal Good,1,7,3,3,0,6,6,0,12,-9,4
401112524,2019,regular,14,North Carolina,NC State,401112524101944001,10,Field Goal Good,1,2,3,3,0,6,0,0,6,-3,5
401112525,2019,regular,14,Wake Forest,Syracuse,401112525101937201,13,Passing Touchdown,1,3,3,7,3,12,6,6,24,-17,8
401114321,2019,regular,14,Marshall,Florida International,401114321102887001,6,Rushing Touchdown,2,8,3,7,3,6,3,0,9,-2,4
401117557,2019,regular,14,San José State,Fresno State,401117557101925001,9,Passing Touchdown,1,2,3,7,0,6,0,2,8,-1,3
401117557,2019,regular,14,San José State,Fresno State,401117557101925001,9,Passing Touchdown,1,2,7,7,0,6,0,2,8,-1,3
401117558,2019,regular,14,Nevada,UNLV,401117558101898001,7,Field Goal Good,1,2,3,3,0,21,6,0,27,-24,5
401117558,2019,regular,14,Nevada,UNLV,401117558101986101,4,Passing Touchdown,1,6,14,17,0,12,6,0,18,-1,4
401117915,2019,regular,14,Tulsa,East Carolina,401117915101985701,10,Field Goal Good,1,7,3,3,0,6,0,0,6,-3,5
401119311,2019,regular,14,Western Michigan,Northern Illinois,401119311101997401,5,Field Goal Good,1,5,3,3,0,6,0,0,6,-3,6
401119313,2019,regular,14,Eastern Michigan,Kent State,401119313101964901,12,Rushing Touchdown,1,4,3,14,7,12,3,0,15,-1,6
401119313,2019,regular,14,Eastern Michigan,Kent State,401119313101964901,12,Rushing Touchdown,1,4,7,14,7,12,3,0,15,-1,6
401119314,2019,regular,14,Ball State,Miami (OH),401119314101904601,7,Rushing Touchdown,1,2,3,7,0,3,6,0,9,-2,4
401119314,2019,regular,14,Ball State,Miami (OH),401119314101904601,7,Rushing Touchdown,1,2,7,7,0,3,6,0,9,-2,4
401121979,2019,regular,14,Arkansas State,South Alabama,401121979103939601,12,Rushing Touchdown,3,18,10,20,10,24,0,0,24,-4,9
401132973,2019,regular,15,Utah,Oregon,401132973101919901,10,Rushing Touchdown,1,2,3,7,0,24,0,0,24,-17,10
401132973,2019,regular,15,Utah,Oregon,401132973101919901,10,Rushing Touchdown,1,2,7,7,0,24,0,0,24,-17,10
401132973,2019,regular,15,Utah,Oregon,401132973101958201,7,Field Goal Good,1,4,10,10,0,18,0,0,18,-8,10
401132974,2019,regular,15,Oklahoma,Baylor,401132974102999101,11,Field Goal Good,2,16,3,13,10,15,3,0,18,-5,6
401132979,2019,regular,15,Boise State,Hawai'i,401132979101935501,14,Field Goal Good,1,2,3,3,0,6,0,0,6,-3,6
401240173,2020,postseason,1,Clemson,Ohio State,401240173102896401,9,Passing Touchdown,2,8,3,21,14,24,0,0,24,-3,14
401240173,2020,postseason,1,Clemson,Ohio State,401240173102896401,9,Passing Touchdown,2,8,7,21,14,24,0,0,24,-3,14
401240173,2020,postseason,1,Clemson,Ohio State,401240173102998801,14,Passing Touchdown,2,12,21,35,14,36,0,0,36,-1,15
401256110,2020,postseason,1,Indiana,Ole Miss,401256110102928201,19,Passing Touchdown,2,7,7,13,3,18,0,0,18,-5,9
401256110,2020,postseason,1,Indiana,Ole Miss,401256110102928201,19,Passing Touchdown,2,7,10,13,3,18,0,0,18,-5,9
401256136,2020,postseason,1,Tulane,Nevada,401256136102854701,9,Passing Touchdown,2,5,7,13,0,12,12,0,24,-11,8
401256136,2020,postseason,1,Tulane,Nevada,401256136102854701,9,Passing Touchdown,2,5,10,13,0,12,12,0,24,-11,8
401256143,2020,postseason,1,Coastal Carolina,Liberty,401256143101934004,10,Rushing Touchdown,1,2,3,7,0,9,9,0,18,-11,13
401256143,2020,postseason,1,Coastal Carolina,Liberty,401256143101934004,10,Rushing Touchdown,1,2,7,7,0,9,9,0,18,-11,13
401256145,2020,postseason,1,Georgia State,Western Kentucky,401256145101958401,16,Rushing Touchdown,1,4,3,7,0,12,0,0,12,-5,5
401256145,2020,postseason,1,Georgia State,Western Kentucky,401256145101958401,16,Rushing Touchdown,1,4,7,7,0,12,0,0,12,-5,5
401256197,2020,postseason,1,West Virginia,Army,401256197102906801,17,Rushing Touchdown,2,6,3,7,3,0,12,0,12,-5,2
401268773,2020,postseason,1,San José State,Ball State,401268773101899901,8,Rushing Touchdown,1,3,7,13,0,12,0,6,18,-5,10
401268773,2020,postseason,1,San José State,Ball State,401268773101899901,8,Rushing Touchdown,1,3,10,13,0,12,0,6,18,-5,10
401268773,2020,postseason,1,San José State,Ball State,401268773101948401,9,Rushing Touchdown,1,5,14,20,0,18,0,6,24,-4,10
401207113,2020,regular,2,Texas State,UTSA,401207113102877201,13,Field Goal Good,2,8,3,10,7,33,3,0,36,-26,11
401207113,2020,regular,2,Texas State,UTSA,401207113102965601,6,Rushing Touchdown,2,12,7,17,7,18,0,0,18,-1,7
401207113,2020,regular,2,Texas State,UTSA,401207113102965601,6,Rushing Touchdown,2,12,10,17,7,18,0,0,18,-1,7
401207113,2020,regular,2,Texas State,UTSA,401207113102995501,10,Rushing Touchdown,2,14,14,24,7,24,3,0,27,-3,11
401234574,2020,regular,2,Notre Dame,Duke,401234574101929801,10,Field Goal Good,1,3,3,3,0,0,6,0,6,-3,6
401236658,2020,regular,2,Kansas,Coastal Carolina,401236658101937701,10,Rushing Touchdown,1,2,3,7,0,18,0,0,18,-11,7
401236658,2020,regular,2,Kansas,Coastal Carolina,401236658101937701,10,Rushing Touchdown,1,2,7,7,0,18,0,0,18,-11,7
401239973,2020,regular,2,Tulane,South Alabama,401239973102894801,10,Passing Touchdown,2,8,3,7,0,15,0,0,15,-8,10
401239973,2020,regular,2,Tulane,South Alabama,401239973102894801,10,Passing Touchdown,2,8,7,7,0,15,0,0,15,-8,10
401207106,2020,regular,3,Southern Miss,Louisiana Tech,401207106101985001,16,Passing Touchdown,1,2,3,7,0,12,3,0,15,-8,4
401207106,2020,regular,3,Southern Miss,Louisiana Tech,401207106101985001,16,Passing Touchdown,1,2,7,7,0,12,3,0,15,-8,4
401207124,2020,regular,3,Western Kentucky,Liberty,401207124101947801,14,Field Goal Good,1,4,10,10,0,18,0,0,18,-8,11
401207124,2020,regular,3,Western Kentucky,Liberty,401207124102898401,15,Rushing Touchdown,2,6,14,17,3,21,0,0,21,-4,11
401215301,2020,regular,3,Louisiana,Georgia State,401215301102867401,12,Passing Touchdown,2,9,10,14,0,15,0,0,15,-1,8
401215301,2020,regular,3,Louisiana,Georgia State,401215301102867401,12,Passing Touchdown,2,9,14,14,0,15,0,0,15,-1,8
401234570,2020,regular,3,Wake Forest,NC State,401234570101925601,9,Rushing Touchdown,1,3,10,14,0,21,0,0,21,-7,12
401234570,2020,regular,3,Wake Forest,NC State,401234570101925601,9,Rushing Touchdown,1,3,14,14,0,21,0,0,21,-7,12
401207134,2020,regular,4,UTSA,Middle Tennessee,401207134101917901,14,Field Goal Good,1,3,3,3,0,24,0,0,24,-21,11
401234594,2020,regular,4,Georgia Tech,Syracuse,401234594101914501,6,Rushing Touchdown,1,3,3,7,0,12,3,6,21,-14,5
401234594,2020,regular,4,Georgia Tech,Syracuse,401234594101914501,6,Rushing Touchdown,1,3,7,7,0,12,3,6,21,-14,5
401234594,2020,regular,4,Georgia Tech,Syracuse,401234594101987701,7,Rushing Touchdown,1,7,14,17,0,18,3,6,27,-10,6
401234638,2020,regular,4,Virginia,Duke,401234638101879101,8,Field Goal Good,1,2,3,3,0,6,6,0,12,-9,7
401237035,2020,regular,4,LSU,Mississippi State,401237035101955201,14,Field Goal Good,1,3,3,3,0,36,0,0,36,-33,16
401207136,2020,regular,5,Florida Atlantic,Charlotte,401207136101938601,14,Field Goal Good,1,2,3,3,0,12,0,0,12,-9,6
401207138,2020,regular,5,Western Kentucky,Middle Tennessee,401207138102924801,19,Rushing Touchdown,2,7,3,7,3,9,0,0,9,-2,5
401207139,2020,regular,5,North Texas,Southern Miss,401207139101886901,7,Passing Touchdown,1,2,3,7,3,6,15,0,21,-14,5
401212547,2020,regular,5,East Carolina,Georgia State,401212547101928001,10,Passing Touchdown,1,6,10,21,7,24,0,6,30,-9,10
401212547,2020,regular,5,East Carolina,Georgia State,401212547101928001,10,Passing Touchdown,1,6,14,21,7,24,0,6,30,-9,10
401212547,2020,regular,5,East Carolina,Georgia State,401212547102875401,11,Rushing Touchdown,2,10,21,28,7,30,0,6,36,-8,11
401212557,2020,regular,5,Navy,Air Force,401212557101925501,8,Field Goal Good,1,2,3,3,0,18,0,0,18,-15,13
401212557,2020,regular,5,Navy,Air Force,401212557102999901,15,Field Goal Good,2,12,7,16,7,33,0,0,33,-17,14
401215304,2020,regular,5,Arkansas State,Coastal Carolina,401215304102994101,21,Passing Touchdown,2,13,7,24,14,36,3,0,39,-15,10
401215304,2020,regular,5,Arkansas State,Coastal Carolina,401215304102994101,21,Passing Touchdown,2,13,10,24,14,36,3,0,39,-15,10
401215304,2020,regular,5,Arkansas State,Coastal Carolina,401215304103934201,17,Passing Touchdown,3,15,14,31,14,30,3,0,33,-2,10
401234600,2020,regular,5,Pittsburgh,NC State,401234600101987901,13,Field Goal Good,1,4,3,10,7,18,0,0,18,-8,8
401236002,2020,regular,5,Texas,TCU,401236002101959801,11,Rushing Touchdown,1,4,3,7,0,15,3,0,18,-11,10
401236002,2020,regular,5,Texas,TCU,401236002101959801,11,Rushing Touchdown,1,4,7,7,0,15,3,0,18,-11,10
401234601,2020,regular,6,Louisville,Georgia Tech,401234601101909901,8,Rushing Touchdown,1,2,3,7,0,36,0,0,36,-29,12
401234601,2020,regular,6,Louisville,Georgia Tech,401234601101909901,8,Rushing Touchdown,1,2,7,7,0,36,0,0,36,-29,12
401234603,2020,regular,6,Pittsburgh,Boston College,401234603101906901,12,Field Goal Good,1,2,3,3,0,18,0,0,18,-15,9
401234608,2020,regular,6,Virginia,NC State,401234608101939801,6,Passing Touchdown,1,5,3,8,0,0,3,6,9,-1,5
401234608,2020,regular,6,Virginia,NC State,401234608101939801,6,Passing Touchdown,1,5,7,8,0,0,3,6,9,-1,5
401234608,2020,regular,6,Virginia,NC State,401234608101986701,7,Passing Touchdown,1,7,10,14,0,12,9,6,27,-13,6
401234608,2020,regular,6,Virginia,NC State,401234608101986701,7,Passing Touchdown,1,7,14,14,0,12,9,6,27,-13,6
401236004,2020,regular,6,TCU,Kansas State,401236004101897901,7,Field Goal Good,1,2,3,3,0,6,0,6,12,-9,4
401240997,2020,regular,6,BYU,UTSA,401240997101954401,8,Field Goal Good,1,4,3,3,0,12,0,0,12,-9,8
401215311,2020,regular,7,Louisiana,Coastal Carolina,401215311103935101,17,Passing Touchdown,3,11,7,20,13,15,6,0,21,-1,7
401215313,2020,regular,7,South Alabama,Texas State,401215313101959201,10,Passing Touchdown,1,3,3,7,3,9,0,0,9,-2,3
401234612,2020,regular,7,North Carolina,Florida State,401234612102874001,11,Field Goal Good,2,8,10,10,0,18,0,6,24,-14,11
401234612,2020,regular,7,North Carolina,Florida State,401234612102967001,9,Rushing Touchdown,2,10,14,17,0,12,0,6,18,-1,11
401234615,2020,regular,7,Liberty,Syracuse,401234615101916701,11,Passing Touchdown,1,3,3,7,0,12,0,0,12,-5,3
401234615,2020,regular,7,Liberty,Syracuse,401234615101916701,11,Passing Touchdown,1,3,7,7,0,12,0,0,12,-5,3
401236007,2020,regular,7,West Virginia,Kansas,401236007101885801,8,Field Goal Good,1,2,3,3,0,6,0,0,6,-3,2
401212516,2020,regular,8,Memphis,Temple,401212516102996801,15,Passing Touchdown,2,13,3,15,10,12,9,0,21,-6,10
401236008,2020,regular,8,Texas,Baylor,401236008101995002,12,Field Goal Good,1,5,3,3,0,0,6,0,6,-3,2
401236012,2020,regular,8,West Virginia,Texas Tech,401236012101907001,10,Rushing Touchdown,1,2,3,7,0,6,0,6,12,-5,6
401236012,2020,regular,8,West Virginia,Texas Tech,401236012101907001,10,Rushing Touchdown,1,2,7,7,0,6,0,6,12,-5,6
401236012,2020,regular,8,West Virginia,Texas Tech,401236012102976301,16,Passing Touchdown,2,10,10,20,10,18,0,6,24,-4,6
401238036,2020,regular,8,Louisiana,UAB,401238036101984501,13,Field Goal Good,1,5,3,3,0,3,6,0,9,-6,4
401248994,2020,regular,8,Fresno State,Hawai'i,401248994102928701,14,Field Goal Good,2,9,3,10,7,15,6,0,21,-11,8
401248998,2020,regular,8,Wyoming,Nevada,401248998101937401,10,Passing Touchdown,1,2,3,7,0,6,3,0,9,-2,4
401248998,2020,regular,8,Wyoming,Nevada,401248998101937401,10,Passing Touchdown,1,2,7,7,0,6,3,0,9,-2,4
401207163,2020,regular,9,UAB,Louisiana Tech,401207163102929901,8,Interception Return Touchdown,2,8,7,10,0,12,3,0,15,-5,5
401207163,2020,regular,9,UAB,Louisiana Tech,401207163102929901,8,Interception Return Touchdown,2,8,10,10,0,12,3,0,15,-5,5
401207166,2020,regular,9,Southern Miss,Rice,401207166101979601,14,Field Goal Good,1,4,3,3,0,12,6,0,18,-15,7
401212489,2020,regular,9,SMU,Navy,401212489101948001,15,Rushing Touchdown,1,2,3,7,0,27,0,0,27,-20,11
401212489,2020,regular,9,SMU,Navy,401212489101948001,15,Rushing Touchdown,1,2,7,7,0,27,0,0,27,-20,11
401212533,2020,regular,9,Tulsa,East Carolina,401212533102984101,18,Field Goal Good,2,13,14,17,3,21,3,0,24,-7,8
401237120,2020,regular,9,Texas A&M,Arkansas,401237120101919001,12,Passing Touchdown,1,2,3,7,0,18,0,0,18,-11,9
401237120,2020,regular,9,Texas A&M,Arkansas,401237120101919001,12,Passing Touchdown,1,2,7,7,0,18,0,0,18,-11,9
401249000,2020,regular,9,Colorado State,Fresno State,401249000101935501,13,Passing Touchdown,1,2,3,7,0,9,6,0,15,-8,7
401249000,2020,regular,9,Colorado State,Fresno State,401249000101935501,13,Passing Touchdown,1,2,7,7,0,9,6,0,15,-8,7
401249003,2020,regular,9,San José State,New Mexico,401249003101996801,15,Passing Touchdown,1,4,3,7,0,18,0,0,18,-11,9
401249003,2020,regular,9,San José State,New Mexico,401249003101996801,15,Passing Touchdown,1,4,7,7,0,18,0,0,18,-11,9
401212480,2020,regular,10,Memphis,South Florida,401212480101878001,4,Field Goal Good,1,2,3,3,0,6,0,0,6,-3,2
401215326,2020,regular,10,Troy,Georgia Southern,401215326102898101,19,Field Goal Good,2,5,3,3,0,15,0,0,15,-12,9
401234632,2020,regular,10,Clemson,Notre Dame,401234632101944401,11,Field Goal Good,1,3,10,10,0,21,3,6,30,-20,8
401234636,2020,regular,10,Virginia Tech,Liberty,401234636102878801,16,Passing Touchdown,2,5,10,14,3,18,6,0,24,-10,10
401236018,2020,regular,10,Iowa State,Baylor,401236018101889201,6,Passing Touchdown,1,2,3,7,0,0,3,6,9,-2,3
401236018,2020,regular,10,Iowa State,Baylor,401236018101889201,6,Passing Touchdown,1,2,7,7,0,0,3,6,9,-2,3
401236020,2020,regular,10,Oklahoma State,Kansas State,401236020101956401,11,Field Goal Good,1,4,3,3,0,6,0,0,6,-3,5
401247309,2020,regular,10,Michigan,Indiana,401247309101914201,12,Passing Touchdown,1,2,3,7,0,12,0,0,12,-5,7
401247309,2020,regular,10,Michigan,Indiana,401247309101914201,12,Passing Touchdown,1,2,7,7,0,12,0,0,12,-5,7
401247309,2020,regular,10,Michigan,Indiana,401247309102934601,13,Field Goal Good,2,10,10,17,7,18,0,0,18,-1,8
401247309,2020,regular,10,Michigan,Indiana,401247309102994301,14,Passing Touchdown,2,12,14,24,7,27,0,0,27,-3,8
401249006,2020,regular,10,Fresno State,UNLV,401249006102886001,19,Field Goal Good,2,6,3,10,6,21,0,0,21,-11,6
401249397,2020,regular,10,Oregon State,Washington State,401249397101964901,6,Passing Touchdown,1,5,3,7,0,18,0,0,18,-11,8
401249397,2020,regular,10,Oregon State,Washington State,401249397101964901,6,Passing Touchdown,1,5,7,7,0,18,0,0,18,-11,8
401249402,2020,regular,10,UCLA,Colorado,401249402101899901,4,Rushing Touchdown,1,2,3,7,0,0,12,0,12,-5,6
401249402,2020,regular,10,UCLA,Colorado,401249402101899901,4,Rushing Touchdown,1,2,7,7,0,0,12,0,12,-5,6
401253924,2020,regular,10,Louisiana,Arkansas State,401253924101997201,11,Field Goal Good,1,5,3,3,0,6,0,0,6,-3,4
401234637,2020,regular,11,Notre Dame,Boston College,401234637101949601,12,Passing Touchdown,1,2,3,7,3,12,3,0,15,-8,7
401234642,2020,regular,11,North Carolina,Wake Forest,401234642101924101,11,Rushing Touchdown,1,2,3,7,0,27,0,0,27,-20,11
401234642,2020,regular,11,North Carolina,Wake Forest,401234642101924101,11,Rushing Touchdown,1,2,7,7,0,27,0,0,27,-20,11
401236023,2020,regular,11,Texas Tech,Baylor,401236023102928701,15,Field Goal Good,2,8,7,10,3,6,6,6,18,-8,9
401249015,2020,regular,11,Nevada,New Mexico,401249015102879001,9,Field Goal Good,2,6,10,10,0,12,3,0,15,-5,5
401249405,2020,regular,11,Oregon,Washington State,401249405102997901,15,Field Goal Good,2,11,10,19,7,24,0,0,24,-5,10
401249865,2020,regular,11,Ball State,Eastern Michigan,401249865101914001,7,Rushing Touchdown,1,2,3,7,0,12,0,0,12,-5,8
401249865,2020,regular,11,Ball State,Eastern Michigan,401249865101914001,7,Rushing Touchdown,1,2,7,7,0,12,0,0,12,-5,8
401261454,2020,regular,11,California,UCLA,401261454101994101,16,Rushing Touchdown,1,5,3,7,3,18,6,0,24,-17,5
401261454,2020,regular,11,California,UCLA,401261454102885401,9,Passing Touchdown,2,7,7,14,3,12,6,0,18,-4,3
401261454,2020,regular,11,California,UCLA,401261454102885401,9,Passing Touchdown,2,7,10,14,3,12,6,0,18,-4,3
401207185,2020,regular,12,UTSA,Southern Miss,401207185101927201,11,Field Goal Good,1,3,3,3,0,9,0,0,9,-6,8
401212526,2020,regular,12,Tulsa,Tulane,401212526103947401,7,Rushing Touchdown,3,15,3,7,0,6,3,0,9,-2,5
401212526,2020,regular,12,Tulsa,Tulane,401212526103947401,7,Rushing Touchdown,3,15,7,7,0,6,3,0,9,-2,5
401215334,2020,regular,12,Arkansas State,Texas State,401215334101937101,8,Field Goal Good,1,3,10,10,0,21,0,0,21,-11,10
401234648,2020,regular,12,Virginia Tech,Pittsburgh,401234648102866001,10,Field Goal Good,2,9,7,9,0,18,3,0,21,-12,6
401247321,2020,regular,12,Nebraska,Illinois,401247321103917601,17,Field Goal Good,3,15,21,31,10,24,9,0,33,-2,10
401247324,2020,regular,12,Michigan,Rutgers,401247324102915401,9,Rushing Touchdown,2,9,10,14,0,18,0,0,18,-4,8
401247324,2020,regular,12,Michigan,Rutgers,401247324102915401,9,Rushing Touchdown,2,9,14,14,0,18,0,0,18,-4,8
401247325,2020,regular,12,Purdue,Minnesota,401247325102978701,14,Rushing Touchdown,2,7,10,21,10,24,0,0,24,-3,8
401247327,2020,regular,12,Iowa,Penn State,401247327101978701,15,Rushing Touchdown,1,3,3,7,3,12,0,0,12,-5,3
401249017,2020,regular,12,Boise State,Hawai'i,401249017101956301,16,Field Goal Good,1,4,3,3,0,18,6,0,24,-21,7
401249019,2020,regular,12,San Diego State,Nevada,401249019101916201,9,Field Goal Good,1,3,3,3,0,6,3,0,9,-6,3
401249410,2020,regular,12,USC,Utah,401249410101909201,7,Field Goal Good,1,3,3,3,0,0,0,6,6,-3,7
401212483,2020,regular,13,UCF,South Florida,401212483101926201,8,Passing Touchdown,1,3,3,7,0,12,0,0,12,-5,9
401212483,2020,regular,13,UCF,South Florida,401212483101926201,8,Passing Touchdown,1,3,7,7,0,12,0,0,12,-5,9
401212513,2020,regular,13,SMU,East Carolina,401212513101909101,10,Rushing Touchdown,1,2,3,7,0,21,18,0,39,-32,12
401212513,2020,regular,13,SMU,East Carolina,401212513101909101,10,Rushing Touchdown,1,2,7,7,0,21,18,0,39,-32,12
401215339,2020,regular,13,Georgia State,Georgia Southern,401215339102854301,15,Rushing Touchdown,2,4,3,7,3,15,0,0,15,-8,7
401234655,2020,regular,13,NC State,Syracuse,401234655102865901,10,Field Goal Good,2,5,3,10,7,6,9,2,17,-7,4
401236028,2020,regular,13,Baylor,Kansas State,401236028101959201,7,Passing Touchdown,1,6,3,14,6,18,0,0,18,-4,6
401236028,2020,regular,13,Baylor,Kansas State,401236028101959201,7,Passing Touchdown,1,6,7,14,6,18,0,0,18,-4,6
401236028,2020,regular,13,Baylor,Kansas State,401236028102869701,12,Field Goal Good,2,8,10,17,6,18,6,0,24,-7,6
401236032,2020,regular,13,Oklahoma State,Texas Tech,401236032101929801,8,Rushing Touchdown,1,3,3,7,0,12,3,0,15,-8,7
401236032,2020,regular,13,Oklahoma State,Texas Tech,401236032101929801,8,Rushing Touchdown,1,3,7,7,0,12,3,0,15,-8,7
401237143,2020,regular,13,Vanderbilt,Missouri,401237143102924801,9,Rushing Touchdown,2,8,10,14,0,21,6,0,27,-13,13
401237143,2020,regular,13,Vanderbilt,Missouri,401237143102924801,9,Rushing Touchdown,2,8,14,14,0,21,6,0,27,-13,13
401247328,2020,regular,13,Purdue,Rutgers,401247328101986101,12,Passing Touchdown,1,4,3,13,7,12,6,0,18,-5,3
401249024,2020,regular,13,Nevada,Hawai'i,401249024102898801,16,Field Goal Good,2,4,3,3,0,12,6,0,18,-15,5
401249025,2020,regular,13,New Mexico,Utah State,401249025101934501,12,Field Goal Good,1,2,3,3,0,27,0,0,27,-24,10
401234656,2020,regular,14,Virginia,Boston College,401234656101968701,12,Passing Touchdown,1,3,3,7,3,18,3,0,21,-14,10
401234662,2020,regular,14,Notre Dame,Syracuse,401234662102904401,10,Passing Touchdown,2,6,3,7,3,12,0,0,12,-5,6
401249034,2020,regular,14,Wyoming,New Mexico,401249034102854601,10,Rushing Touchdown,2,5,3,7,3,6,3,0,9,-2,4
401249425,2020,regular,14,Arizona State,UCLA,401249425102868201,11,Passing Touchdown,2,4,3,7,0,9,0,0,9,-2,5
401249425,2020,regular,14,Arizona State,UCLA,401249425102868201,11,Passing Touchdown,2,4,7,7,0,9,0,0,9,-2,5
401257812,2020,regular,14,Marshall,Rice,401257812101989301,13,Rushing Touchdown,1,4,3,7,0,3,3,6,12,-5,1
401257812,2020,regular,14,Marshall,Rice,401257812101989301,13,Rushing Touchdown,1,4,7,7,0,3,3,6,12,-5,1
401266789,2020,regular,14,Charlotte,Western Kentucky,401266789101975201,8,Field Goal Good,1,3,3,3,0,9,0,0,9,-6,7
401266789,2020,regular,14,Charlotte,Western Kentucky,401266789102855501,10,Fumble Return Touchdown,2,4,7,10,0,21,0,0,21,-11,7
401266789,2020,regular,14,Charlotte,Western Kentucky,401266789102855501,10,Fumble Return Touchdown,2,4,10,10,0,21,0,0,21,-11,7
401266789,2020,regular,14,Charlotte,Western Kentucky,401266789102998001,12,Fumble Recovery (Own),2,8,14,17,0,21,0,6,27,-10,7
401215309,2020,regular,15,App State,Georgia Southern,401215309102907701,12,Rushing Touchdown,2,8,10,14,0,6,3,6,15,-1,2
401215309,2020,regular,15,App State,Georgia Southern,401215309102907701,12,Rushing Touchdown,2,8,14,14,0,6,3,6,15,-1,2
401234661,2020,regular,15,Miami,North Carolina,401234661101914601,7,Rushing Touchdown,1,2,3,7,3,24,0,0,24,-17,15
401234661,2020,regular,15,Miami,North Carolina,401234661101976601,13,Rushing Touchdown,1,4,7,14,3,42,0,0,42,-28,16
401234661,2020,regular,15,Miami,North Carolina,401234661101976601,13,Rushing Touchdown,1,4,10,14,3,42,0,0,42,-28,16
401247344,2020,regular,15,Northwestern,Illinois,401247344101985001,15,Field Goal Good,1,5,3,3,0,6,0,0,6,-3,6
401247347,2020,regular,15,Wisconsin,Iowa,401247347101928701,5,Field Goal Good,1,3,3,3,0,12,0,0,12,-9,5
401249036,2020,regular,15,Fresno State,New Mexico,401249036104897901,17,Rushing Touchdown,4,18,3,35,31,36,0,0,36,-1,10
401249431,2020,regular,15,USC,UCLA,401249431101969401,10,Passing Touchdown,1,4,3,7,0,21,0,0,21,-14,9
401249431,2020,regular,15,USC,UCLA,401249431101969401,10,Passing Touchdown,1,4,7,7,0,21,0,0,21,-14,9
401251100,2020,regular,15,Florida,LSU,401251100103917001,21,Field Goal Good,3,16,10,27,17,18,6,6,30,-3,6
401257813,2020,regular,15,Florida Atlantic,Southern Miss,401257813101986501,13,Field Goal Good,1,8,3,10,7,24,0,6,30,-20,11
401257815,2020,regular,15,UAB,Rice,401257815101995001,22,Field Goal Good,1,2,3,3,0,12,0,0,12,-9,6
401257816,2020,regular,15,UTEP,North Texas,401257816102955601,8,Field Goal Good,2,12,3,17,14,24,0,0,24,-7,8
401257816,2020,regular,15,UTEP,North Texas,401257816103979501,13,Rushing Touchdown,3,22,7,31,21,33,0,0,33,-2,9
401257816,2020,regular,15,UTEP,North Texas,401257816103979501,13,Rushing Touchdown,3,22,10,31,21,33,0,0,33,-2,9
401261245,2020,regular,15,Pittsburgh,Georgia Tech,401261245101964401,13,Rushing Touchdown,1,4,3,7,3,12,0,0,12,-5,7
401240101,2020,regular,16,Marshall,UAB,401240101101985401,13,Field Goal Good,1,6,3,3,0,12,0,0,12,-9,6
401269375,2020,regular,16,Utah,Washington State,401269375101956501,8,Rushing Touchdown,1,5,3,7,0,6,6,0,12,-5,5
401269375,2020,regular,16,Utah,Washington State,401269375101956501,8,Rushing Touchdown,1,5,7,7,0,6,6,0,12,-5,5
401269378,2020,regular,16,Arizona State,Oregon State,401269378101914301,12,Passing Touchdown,1,2,3,7,0,12,0,0,12,-5,8
401269378,2020,regular,16,Arizona State,Oregon State,401269378101914301,12,Passing Touchdown,1,2,7,7,0,12,0,0,12,-5,8
401269382,2020,regular,16,Nebraska,Rutgers,401269382101914401,5,Field Goal Good,1,2,3,3,0,0,0,6,6,-3,3
401331164,2021,postseason,1,Toledo,Middle Tennessee,401331164101986901,16,Passing Touchdown,1,6,3,7,0,12,3,0,15,-8,7
401331164,2021,postseason,1,Toledo,Middle Tennessee,401331164101986901,16,Passing Touchdown,1,6,7,7,0,12,3,0,15,-8,7
401331170,2021,postseason,1,Oregon State,Utah State,401331170103899401,16,Field Goal Good,3,14,7,17,10,18,0,0,18,-1,5
401331213,2021,postseason,1,Wyoming,Kent State,401331213101994501,12,Rushing Touchdown,1,5,3,14,7,27,0,0,27,-13,13
401331213,2021,postseason,1,Wyoming,Kent State,401331213101994501,12,Rushing Touchdown,1,5,7,14,7,27,0,0,27,-13,13
401331213,2021,postseason,1,Wyoming,Kent State,401331213102877802,7,Field Goal Good,2,7,10,17,7,18,0,0,18,-1,12
401331223,2021,postseason,1,Mississippi State,Texas Tech,401331223101969601,14,Field Goal Good,1,3,10,10,0,24,3,0,27,-17,8
401331240,2021,postseason,1,Ole Miss,Baylor,401331240102898301,10,Interception Return Touchdown,2,7,3,7,0,6,6,0,12,-5,5
401331240,2021,postseason,1,Ole Miss,Baylor,401331240102898301,10,Interception Return Touchdown,2,7,7,7,0,6,6,0,12,-5,5
401331654,2021,postseason,1,Washington State,Central Michigan,401331654101934801,6,Field Goal Good,1,5,3,3,0,0,15,0,15,-12,6
401282052,2021,regular,1,Duke,Charlotte,401282052102897701,11,Field Goal Good,2,6,10,10,0,18,0,0,18,-8,6
401282179,2021,regular,1,Illinois,UTSA,401282179101986701,14,Rushing Touchdown,1,5,3,7,0,21,6,0,27,-20,6
401282179,2021,regular,1,Illinois,UTSA,401282179101986701,14,Rushing Touchdown,1,5,7,7,0,21,6,0,27,-20,6
401282782,2021,regular,1,Northwestern,Michigan State,401282782101925501,10,Rushing Touchdown,1,3,10,14,0,18,0,0,18,-4,10
401282782,2021,regular,1,Northwestern,Michigan State,401282782101925501,10,Rushing Touchdown,1,3,14,14,0,18,0,0,18,-4,10
401287894,2021,regular,1,Oklahoma,Tulane,401287894101888401,9,Passing Touchdown,1,2,3,7,0,12,0,0,12,-5,6
401287894,2021,regular,1,Oklahoma,Tulane,401287894101888401,9,Passing Touchdown,1,2,7,7,0,12,0,0,12,-5,6
401300995,2021,regular,1,UCF,Boise State,401300995101959901,10,Rushing Touchdown,1,4,10,14,0,6,3,6,15,-1,3
401300995,2021,regular,1,UCF,Boise State,401300995101959901,10,Rushing Touchdown,1,4,14,14,0,6,3,6,15,-1,3
401309601,2021,regular,1,Georgia State,Army,401309601101908201,8,Rushing Touchdown,1,2,3,7,0,12,6,0,18,-11,4
401309601,2021,regular,1,Georgia State,Army,401309601101908201,8,Rushing Touchdown,1,2,7,7,0,12,6,0,18,-11,4
401309601,2021,regular,1,Georgia State,Army,401309601101984001,10,Rushing Touchdown,1,4,10,14,0,18,9,0,27,-13,4
401309601,2021,regular,1,Georgia State,Army,401309601101984001,10,Rushing Touchdown,1,4,14,14,0,18,9,0,27,-13,4
401309601,2021,regular,1,Georgia State,Army,401309601102918701,13,Rushing Touchdown,2,6,21,21,0,24,9,0,33,-12,4
401309840,2021,regular,1,Washington State,Utah State,401309840101955901,14,Field Goal Good,1,4,3,3,0,0,12,2,14,-11,6
401282057,2021,regular,2,Texas,Arkansas,401282057101979601,12,Field Goal Good,1,5,3,3,0,27,6,0,33,-30,13
401282066,2021,regular,2,Pittsburgh,Tennessee,401282066101955501,13,Field Goal Good,1,6,10,10,0,18,6,0,24,-14,10
401282182,2021,regular,2,Florida International,Texas State,401282182102978901,10,Field Goal Good,2,11,10,10,0,6,6,0,12,-2,5
401282754,2021,regular,2,Iowa State,Iowa,401282754102918601,9,Rushing Touchdown,2,9,3,7,3,3,3,6,12,-5,2
401282754,2021,regular,2,Iowa State,Iowa,401282754102989801,11,Passing Touchdown,2,11,7,14,3,3,9,6,18,-4,2
401282754,2021,regular,2,Iowa State,Iowa,401282754102989801,11,Passing Touchdown,2,11,10,14,3,3,9,6,18,-4,2
401282809,2021,regular,2,Ohio State,Oregon,401282809102857201,11,Rushing Touchdown,2,4,3,7,0,18,0,0,18,-11,7
401282809,2021,regular,2,Ohio State,Oregon,401282809102857201,11,Rushing Touchdown,2,4,7,7,0,18,0,0,18,-11,7
401287900,2021,regular,2,TCU,California,401287900101949801,4,Passing Touchdown,1,3,3,6,0,6,0,6,12,-6,4
401309546,2021,regular,2,South Alabama,Bowling Green,401309546101000040,2,Interception,1,7,3,8,3,6,3,0,9,-1,1
401309846,2021,regular,2,Arizona,San Diego State,401309846101908701,7,Rushing Touchdown,1,3,10,14,0,12,0,6,18,-4,11
401309846,2021,regular,2,Arizona,San Diego State,401309846101908701,7,Rushing Touchdown,1,3,14,14,0,12,0,6,18,-4,11
401309847,2021,regular,2,Arizona State,UNLV,401309847101955901,17,Field Goal Good,1,2,3,3,0,6,0,0,6,-3,4
401309848,2021,regular,2,Utah,BYU,401309848102896201,16,Passing Touchdown,2,7,7,10,0,12,3,0,15,-5,7
401309848,2021,regular,2,Utah,BYU,401309848102896201,16,Passing Touchdown,2,7,10,10,0,12,3,0,15,-5,7
401282200,2021,regular,3,Marshall,East Carolina,401282200101908601,9,Passing Touchdown,1,3,3,7,3,12,0,0,12,-5,13
401282629,2021,regular,3,Miami,Michigan State,401282629102864101,15,Field Goal Good,2,6,3,3,0,24,6,0,30,-27,11
401282629,2021,regular,3,Miami,Michigan State,401282629103939101,10,Passing Touchdown,3,16,7,17,7,18,6,0,24,-7,11
401282629,2021,regular,3,Miami,Michigan State,401282629103939101,10,Passing Touchdown,3,16,10,17,7,18,6,0,24,-7,11
401282706,2021,regular,3,Notre Dame,Purdue,401282706101904101,10,Field Goal Good,1,2,3,3,0,6,0,0,6,-3,4
401282791,2021,regular,3,Colorado,Minnesota,401282791102878001,9,Rushing Touchdown,2,6,3,6,0,15,6,0,21,-15,10
401282810,2021,regular,3,Ohio State,Tulsa,401282810101945901,17,Field Goal Good,1,2,3,3,0,12,3,0,15,-12,8
401287905,2021,regular,3,Nevada,Kansas State,401287905102979101,13,Field Goal Good,2,9,10,17,7,18,12,0,30,-13,7
401309553,2021,regular,3,Toledo,Colorado State,401309553101948401,18,Field Goal Good,1,4,3,3,0,6,6,0,12,-9,6
401309855,2021,regular,3,UCLA,Fresno State,401309855101944501,12,Rushing Touchdown,1,3,3,6,0,15,3,0,18,-12,9
401310704,2021,regular,3,Air Force,Utah State,401310704102898301,12,Passing Touchdown,2,6,3,13,10,30,0,0,30,-17,9
401282082,2021,regular,4,Texas A&M,Arkansas,401282082101917901,10,Field Goal Good,1,2,3,3,0,12,0,0,12,-9,13
401282637,2021,regular,4,Liberty,Syracuse,401282637102865901,14,Rushing Touchdown,2,5,3,7,0,12,3,0,15,-8,5
401282637,2021,regular,4,Liberty,Syracuse,401282637102865901,14,Rushing Touchdown,2,5,7,7,0,12,3,0,15,-8,5
401282638,2021,regular,4,Virginia,Wake Forest,401282638101976501,13,Field Goal Good,1,3,10,10,0,21,0,0,21,-11,7
401282707,2021,regular,4,Wisconsin,Notre Dame,401282707102955101,7,Passing Touchdown,2,9,3,10,3,0,3,18,21,-11,2
401282707,2021,regular,4,Wisconsin,Notre Dame,401282707102955101,7,Passing Touchdown,2,9,7,10,3,0,3,18,21,-11,2
401282707,2021,regular,4,Wisconsin,Notre Dame,401282707104906501,8,Passing Touchdown,4,25,10,24,13,6,3,18,27,-3,3
401282765,2021,regular,4,Maryland,Kent State,401282765101936001,6,Field Goal Good,1,4,3,3,0,6,0,0,6,-3,4
401309610,2021,regular,4,Louisiana,Georgia Southern,401309610101936001,16,Rushing Touchdown,1,3,3,7,0,12,0,0,12,-5,7
401309610,2021,regular,4,Louisiana,Georgia Southern,401309610101936001,16,Rushing Touchdown,1,3,7,7,0,12,0,0,12,-5,7
401309611,2021,regular,4,Troy,UL Monroe,401309611101919601,9,Passing Touchdown,1,2,3,7,0,0,0,8,8,-1,3
401309611,2021,regular,4,Troy,UL Monroe,401309611101919601,9,Passing Touchdown,1,2,7,7,0,0,0,8,8,-1,3
401309611,2021,regular,4,Troy,UL Monroe,401309611102898501,10,Field Goal Good,2,6,10,10,0,6,0,8,14,-4,4
401309861,2021,regular,4,Utah,Washington State,401309861102896501,12,Field Goal Good,2,5,3,3,0,6,0,0,6,-3,4
401310707,2021,regular,4,Fresno State,UNLV,401310707101899901,7,Passing Touchdown,1,2,3,7,0,9,0,0,9,-2,10
401310707,2021,regular,4,Fresno State,UNLV,401310707101899901,7,Passing Touchdown,1,2,7,7,0,9,0,0,9,-2,10
401310707,2021,regular,4,Fresno State,UNLV,401310707101988301,16,Rushing Touchdown,1,4,10,14,0,21,0,0,21,-7,10
401310707,2021,regular,4,Fresno State,UNLV,401310707101988301,16,Rushing Touchdown,1,4,14,14,0,21,0,0,21,-7,10
401282093,2021,regular,5,Missouri,Tennessee,401282093101877101,5,Passing Touchdown,1,2,3,7,0,6,6,0,12,-5,6
401282093,2021,regular,5,Missouri,Tennessee,401282093101877101,5,Passing Touchdown,1,2,7,7,0,6,6,0,12,-5,6
401282093,2021,regular,5,Missouri,Tennessee,401282093101947801,9,Rushing Touchdown,1,4,10,14,3,24,6,0,30,-16,11
401282216,2021,regular,5,Marshall,Middle Tennessee,401282216101909501,10,Rushing Touchdown,1,3,3,7,0,12,0,6,18,-11,7
401282216,2021,regular,5,Marshall,Middle Tennessee,401282216101909501,10,Rushing Touchdown,1,3,7,7,0,12,0,6,18,-11,7
401282216,2021,regular,5,Marshall,Middle Tennessee,401282216102875801,11,Passing Touchdown,2,9,10,14,0,18,0,6,24,-10,7
401282216,2021,regular,5,Marshall,Middle Tennessee,401282216102875801,11,Passing Touchdown,2,9,14,14,0,18,0,6,24,-10,7
401282221,2021,regular,5,UAB,Liberty,401282221103874001,8,Rushing Touchdown,3,10,3,10,3,18,0,0,18,-8,11
401282221,2021,regular,5,UAB,Liberty,401282221103874001,8,Rushing Touchdown,3,10,7,10,3,18,0,0,18,-8,11
401282646,2021,regular,5,Miami,Virginia,401282646101927801,11,Rushing Touchdown,1,3,3,7,0,9,0,2,11,-4,8
401282646,2021,regular,5,Miami,Virginia,401282646101927801,11,Rushing Touchdown,1,3,7,7,0,9,0,2,11,-4,8
401282651,2021,regular,5,Wake Forest,Louisville,401282651101935401,14,Rushing Touchdown,1,2,3,7,3,21,3,0,24,-17,8
401282651,2021,regular,5,Wake Forest,Louisville,401282651102914701,13,Rushing Touchdown,2,6,7,17,10,15,3,0,18,-1,7
401282776,2021,regular,5,Wisconsin,Michigan,401282776101958201,9,Passing Touchdown,1,5,3,7,0,6,12,0,18,-11,2
401282776,2021,regular,5,Wisconsin,Michigan,401282776101958201,9,Passing Touchdown,1,5,7,7,0,6,12,0,18,-11,2
401287913,2021,regular,5,Oklahoma,Kansas State,401287913101998801,13,Passing Touchdown,1,3,3,7,3,12,0,6,18,-11,8
401301012,2021,regular,5,Tulsa,Houston,401301012101957601,12,Rushing Touchdown,1,3,3,7,0,18,0,6,24,-17,7
401301012,2021,regular,5,Tulsa,Houston,401301012101957601,12,Rushing Touchdown,1,3,7,7,0,18,0,6,24,-17,7
401301014,2021,regular,5,Tulane,East Carolina,401301014101949601,8,Rushing Touchdown,1,3,7,10,0,18,6,0,24,-14,6
401301014,2021,regular,5,Tulane,East Carolina,401301014101949601,8,Rushing Touchdown,1,3,10,10,0,18,6,0,24,-14,6
401309561,2021,regular,5,Western Michigan,Buffalo,401309561103914201,13,Field Goal Good,3,9,3,10,7,12,0,0,12,-2,3
401310712,2021,regular,5,Fresno State,Hawai'i,401310712101898801,11,Rushing Touchdown,1,2,3,7,0,15,3,0,18,-11,9
401310712,2021,regular,5,Fresno State,Hawai'i,401310712101898801,11,Rushing Touchdown,1,2,7,7,0,15,3,0,18,-11,9
401310712,2021,regular,5,Fresno State,Hawai'i,401310712101949301,7,Field Goal Good,1,4,10,10,0,12,0,0,12,-2,8
401282100,2021,regular,6,Ole Miss,Arkansas,401282100101958201,17,Rushing Touchdown,1,3,3,7,0,36,3,0,39,-32,14
401282100,2021,regular,6,Ole Miss,Arkansas,401282100101958201,17,Rushing Touchdown,1,3,7,7,0,36,3,0,39,-32,14
401282228,2021,regular,6,Western Kentucky,UTSA,401282228101949601,15,Passing Touchdown,1,3,10,14,3,30,6,0,36,-22,11
401282655,2021,regular,6,Wake Forest,Syracuse,401282655101917101,10,Rushing Touchdown,1,2,3,7,3,6,3,0,9,-2,15
401282655,2021,regular,6,Wake Forest,Syracuse,401282655102857801,12,Passing Touchdown,2,6,7,14,3,12,3,0,15,-1,15
401282655,2021,regular,6,Wake Forest,Syracuse,401282655102857801,12,Passing Touchdown,2,6,10,14,3,12,3,0,15,-1,15
401286191,2021,regular,6,UConn,Massachusetts,401286191101918801,13,Rushing Touchdown,1,2,3,7,0,12,6,0,18,-11,10
401286191,2021,regular,6,UConn,Massachusetts,401286191101918801,13,Rushing Touchdown,1,2,7,7,0,12,6,0,18,-11,10
401301020,2021,regular,6,Tulsa,Memphis,401301020102996101,20,Rushing Touchdown,2,10,3,13,7,18,0,0,18,-5,12
401309871,2021,regular,6,USC,Utah,401309871101998201,9,Rushing Touchdown,1,4,3,7,3,18,0,0,18,-11,9
401309871,2021,regular,6,USC,Utah,401309871102998901,10,Passing Touchdown,2,10,7,21,10,24,6,0,30,-9,9
401309871,2021,regular,6,USC,Utah,401309871102998901,10,Passing Touchdown,2,10,10,21,10,24,6,0,30,-9,9
401282731,2021,regular,7,Michigan State,Indiana,401282731101919701,14,Field Goal Good,1,2,3,3,0,3,3,0,6,-3,3
401282796,2021,regular,7,Nebraska,Minnesota,401282796101936601,14,Passing Touchdown,1,2,3,7,0,18,0,2,20,-13,4
401282796,2021,regular,7,Nebraska,Minnesota,401282796101936601,14,Passing Touchdown,1,2,7,7,0,18,0,2,20,-13,4
401287920,2021,regular,7,Baylor,BYU,401287920102878201,10,Rushing Touchdown,2,6,3,7,3,12,0,0,12,-5,6
401309571,2021,regular,7,Buffalo,Ohio,401309571101899501,7,Rushing Touchdown,1,2,3,7,0,6,0,2,8,-1,4
401309571,2021,regular,7,Buffalo,Ohio,401309571101899501,7,Rushing Touchdown,1,2,7,7,0,6,0,2,8,-1,4
401309620,2021,regular,7,App State,Louisiana,401309620101967701,8,Passing Touchdown,1,3,10,14,3,18,0,0,18,-4,10
401309872,2021,regular,7,Oregon,California,401309872101947603,14,Passing Touchdown,1,2,3,7,3,9,0,0,9,-2,7
401309874,2021,regular,7,Washington,UCLA,401309874102929501,9,Field Goal Good,2,6,7,10,3,12,0,0,12,-2,8
401282240,2021,regular,8,Liberty,North Texas,401282240101939501,6,Rushing Touchdown,1,3,3,7,0,6,3,0,9,-2,4
401282240,2021,regular,8,Liberty,North Texas,401282240101939501,6,Rushing Touchdown,1,3,7,7,0,6,3,0,9,-2,4
401282665,2021,regular,8,NC State,Miami,401282665101894901,10,Passing Touchdown,1,2,3,7,0,12,0,0,12,-5,6
401282665,2021,regular,8,NC State,Miami,401282665101894901,10,Passing Touchdown,1,2,7,7,0,12,0,0,12,-5,6
401282667,2021,regular,8,Virginia,Georgia Tech,401282667101937101,13,Rushing Touchdown,1,3,10,13,0,21,6,0,27,-14,9
401287925,2021,regular,8,Iowa State,Oklahoma State,401287925101944401,6,Passing Touchdown,1,4,3,7,0,12,0,0,12,-5,8
401287925,2021,regular,8,Iowa State,Oklahoma State,401287925101944401,6,Passing Touchdown,1,4,7,7,0,12,0,0,12,-5,8
401287927,2021,regular,8,TCU,West Virginia,401287927101999201,17,Rushing Touchdown,1,3,3,10,7,12,9,0,21,-11,7
401309624,2021,regular,8,Louisiana,Arkansas State,401309624102946101,13,Passing Touchdown,2,6,3,7,0,12,3,0,15,-8,10
401309624,2021,regular,8,Louisiana,Arkansas State,401309624102946101,13,Passing Touchdown,2,6,7,7,0,12,3,0,15,-8,10
401310724,2021,regular,8,Air Force,San Diego State,401310724102915701,14,Rushing Touchdown,2,8,7,10,0,6,6,0,12,-2,2
401310724,2021,regular,8,Air Force,San Diego State,401310724102915701,14,Rushing Touchdown,2,8,10,10,0,6,6,0,12,-2,2
401310727,2021,regular,8,Fresno State,Nevada,401310727101946201,10,Field Goal Good,1,5,3,3,0,9,6,0,15,-12,8
401282119,2021,regular,9,Missouri,Vanderbilt,401282119102915701,14,Rushing Touchdown,2,8,3,13,10,18,0,0,18,-5,5
401282243,2021,regular,9,Florida Atlantic,UTEP,401282243101935801,14,Field Goal Good,1,2,3,3,0,12,0,0,12,-9,4
401282246,2021,regular,9,Rice,North Texas,401282246102998401,12,Rushing Touchdown,2,7,7,10,3,12,0,0,12,-2,6
401282670,2021,regular,9,Clemson,Florida State,401282670101998001,14,Passing Touchdown,1,4,3,6,3,6,0,6,12,-6,5
401309578,2021,regular,9,Buffalo,Bowling Green,401309578101966803,13,Rushing Touchdown,1,5,10,14,0,36,6,0,42,-28,11
401309578,2021,regular,9,Buffalo,Bowling Green,401309578101966803,13,Rushing Touchdown,1,5,14,14,0,36,6,0,42,-28,11
401309882,2021,regular,9,Oregon State,California,401309882101956901,8,Field Goal Good,1,6,10,10,0,6,6,0,12,-2,5
401309882,2021,regular,9,Oregon State,California,401309882102908001,10,Rushing Touchdown,2,8,14,17,3,15,6,0,21,-4,8
401309885,2021,regular,9,Arizona State,Washington State,401309885102949001,14,Rushing Touchdown,2,10,21,21,0,15,9,0,24,-3,10
401282125,2021,regular,10,Florida,South Carolina,401282125101938001,14,Field Goal Good,1,2,3,3,0,24,3,6,33,-30,8
401282250,2021,regular,10,UAB,Louisiana Tech,401282250102859201,12,Passing Touchdown,2,6,3,14,7,12,6,0,18,-4,4
401282250,2021,regular,10,UAB,Louisiana Tech,401282250102859201,12,Passing Touchdown,2,6,7,14,7,12,6,0,18,-4,4
401282677,2021,regular,10,Virginia Tech,Boston College,401282677102935101,17,Field Goal Good,2,5,10,10,0,6,6,0,12,-2,6
401282680,2021,regular,10,Clemson,Louisville,401282680102896701,8,Field Goal Good,2,10,10,17,7,18,0,0,18,-1,9
401282682,2021,regular,10,North Carolina,Wake Forest,401282682101875701,8,Field Goal Good,1,2,3,3,0,24,0,0,24,-21,8
401282787,2021,regular,10,Michigan State,Purdue,401282787101908701,9,Passing Touchdown,1,2,3,7,0,9,0,0,9,-2,6
401282787,2021,regular,10,Michigan State,Purdue,401282787101908701,9,Passing Touchdown,1,2,7,7,0,9,0,0,9,-2,6
401287936,2021,regular,10,Baylor,TCU,401287936102867001,14,Field Goal Good,2,7,3,10,7,12,3,0,15,-5,11
401308839,2021,regular,10,Miami (OH),Ohio,401308839101949301,12,Rushing Touchdown,1,3,3,7,0,24,0,0,24,-17,7
401308839,2021,regular,10,Miami (OH),Ohio,401308839101949301,12,Rushing Touchdown,1,3,7,7,0,24,0,0,24,-17,7
401308839,2021,regular,10,Miami (OH),Ohio,401308839102878701,6,Passing Touchdown,2,5,10,14,0,18,0,0,18,-4,5
401308839,2021,regular,10,Miami (OH),Ohio,401308839102878701,6,Passing Touchdown,2,5,14,14,0,18,0,0,18,-4,5
401309580,2021,regular,10,Toledo,Eastern Michigan,401309580102959701,8,Rushing Touchdown,2,13,3,24,21,12,18,0,30,-6,7
401309632,2021,regular,10,Louisiana,Georgia State,401309632101949401,12,Field Goal Good,1,2,3,3,0,6,0,0,6,-3,5
401309889,2021,regular,10,California,Arizona,401309889103945301,11,Field Goal Good,3,17,3,3,0,0,6,0,6,-3,4
401309891,2021,regular,10,Oregon State,Colorado,401309891101935201,8,Passing Touchdown,1,3,7,10,0,12,9,0,21,-11,6
401309891,2021,regular,10,Oregon State,Colorado,401309891101935201,8,Passing Touchdown,1,3,10,10,0,12,9,0,21,-11,6
401310253,2021,regular,10,Air Force,Army,401310253103889301,8,Rushing Touchdown,3,10,3,7,0,6,6,0,12,-5,3
401310253,2021,regular,10,Air Force,Army,401310253103889301,8,Rushing Touchdown,3,10,7,7,0,6,6,0,12,-5,3
401310735,2021,regular,10,Fresno State,Boise State,401310735101928201,7,Field Goal Good,1,3,3,3,0,9,6,0,15,-12,13
401310735,2021,regular,10,Fresno State,Boise State,401310735103935601,12,Passing Touchdown,3,18,14,23,7,21,6,0,27,-4,13
401310737,2021,regular,10,New Mexico,UNLV,401310737102875503,7,Passing Touchdown,2,8,3,13,7,12,6,0,18,-5,3
401282131,2021,regular,11,Texas A&M,Ole Miss,401282131101935101,14,Passing Touchdown,1,3,7,10,0,12,0,8,20,-10,13
401282131,2021,regular,11,Texas A&M,Ole Miss,401282131101935101,14,Passing Touchdown,1,3,10,10,0,12,0,8,20,-10,13
401282256,2021,regular,11,Florida Atlantic,Old Dominion,401282256102996601,14,Rushing Touchdown,2,13,3,11,3,15,0,4,19,-8,9
401282256,2021,regular,11,Florida Atlantic,Old Dominion,401282256102996601,14,Rushing Touchdown,2,13,7,11,3,15,0,4,19,-8,9
401282260,2021,regular,11,UTSA,Southern Miss,401282260102978001,18,Field Goal Good,2,9,7,10,3,0,6,6,12,-2,5
401282685,2021,regular,11,Miami,Florida State,401282685101904901,11,Rushing Touchdown,1,2,3,7,0,9,0,0,9,-2,12
401282685,2021,regular,11,Miami,Florida State,401282685101904901,11,Rushing Touchdown,1,2,7,7,0,9,0,0,9,-2,12
401282690,2021,regular,11,Wake Forest,NC State,401282690101887401,7,Field Goal Good,1,2,3,3,0,12,0,0,12,-9,8
401282728,2021,regular,11,Indiana,Rutgers,401282728101967801,9,Rushing Touchdown,1,6,10,14,0,6,15,0,21,-7,6
401282728,2021,regular,11,Indiana,Rutgers,401282728101967801,9,Rushing Touchdown,1,6,14,14,0,6,15,0,21,-7,6
401287941,2021,regular,11,Texas,Kansas,401287941101996301,10,Passing Touchdown,1,3,10,14,0,6,6,6,18,-4,4
401287941,2021,regular,11,Texas,Kansas,401287941101996301,10,Passing Touchdown,1,3,14,14,0,6,6,6,18,-4,4
401287942,2021,regular,11,Iowa State,Texas Tech,401287942102938501,16,Passing Touchdown,2,7,10,21,7,21,9,0,30,-9,10
401287942,2021,regular,11,Iowa State,Texas Tech,401287942102938501,16,Passing Touchdown,2,7,14,21,7,21,9,0,30,-9,10
401309583,2021,regular,11,Eastern Michigan,Ohio,401309583102906501,18,Field Goal Good,2,5,10,17,7,27,0,0,27,-10,9
401309640,2021,regular,11,Texas State,Georgia Southern,401309640101949001,11,Field Goal Good,1,2,3,3,0,18,0,0,18,-15,7
401309896,2021,regular,11,Utah,Arizona,401309896101985801,11,Passing Touchdown,1,4,3,14,7,6,3,6,15,-1,5
401309896,2021,regular,11,Utah,Arizona,401309896101985801,11,Passing Touchdown,1,4,7,14,7,6,3,6,15,-1,5
401309898,2021,regular,11,UCLA,Colorado,401309898101954601,13,Rushing Touchdown,1,3,3,7,0,12,0,0,12,-5,7
401309898,2021,regular,11,UCLA,Colorado,401309898101954601,13,Rushing Touchdown,1,3,7,7,0,12,0,0,12,-5,7
401310744,2021,regular,11,San José State,Utah State,401310744102999901,17,Field Goal Good,2,15,10,24,14,21,18,0,39,-15,6
401282141,2021,regular,12,Florida,Missouri,401282141102986501,14,Field Goal Good,2,10,3,9,6,15,3,0,18,-9,9
401282692,2021,regular,12,Boston College,Florida State,401282692102895701,9,Passing Touchdown,2,6,10,14,3,9,6,2,17,-3,11
401286298,2021,regular,12,Liberty,Louisiana,401286298101984201,12,Passing Touchdown,1,7,3,7,0,18,0,0,18,-11,6
401286298,2021,regular,12,Liberty,Louisiana,401286298101984201,12,Passing Touchdown,1,7,7,7,0,18,0,0,18,-11,6
401309589,2021,regular,12,Toledo,Ohio,401309589102895701,18,Field Goal Good,2,6,3,3,0,3,9,0,12,-9,6
401309902,2021,regular,12,Arizona State,Oregon State,401309902101935401,6,Field Goal Good,1,4,3,3,0,6,0,0,6,-3,5
401310747,2021,regular,12,Air Force,Nevada,401310747101934001,11,Field Goal Good,1,3,3,3,0,12,0,0,12,-9,7
401310750,2021,regular,12,Utah State,Wyoming,401310750101925201,8,Passing Touchdown,1,3,3,7,0,15,0,6,21,-14,13
401310750,2021,regular,12,Utah State,Wyoming,401310750101925201,8,Passing Touchdown,1,3,7,7,0,15,0,6,21,-14,13
401282149,2021,regular,13,Louisville,Kentucky,401282149102915301,9,Field Goal Good,2,5,10,17,7,24,0,0,24,-7,10
401282149,2021,regular,13,Louisville,Kentucky,401282149102984601,12,Rushing Touchdown,2,7,14,24,7,30,3,0,33,-9,10
401282151,2021,regular,13,Mississippi State,Ole Miss,401282151102977801,16,Rushing Touchdown,2,7,3,10,6,9,12,0,21,-11,7
401282271,2021,regular,13,Louisiana Tech,Rice,401282271102895201,8,Passing Touchdown,2,7,3,14,10,18,6,0,24,-10,8
401282272,2021,regular,13,Marshall,Western Kentucky,401282272103908901,12,Passing Touchdown,3,18,3,20,14,21,6,12,39,-19,8
401282272,2021,regular,13,Marshall,Western Kentucky,401282272103967401,11,Field Goal Good,3,22,14,29,14,18,6,12,36,-7,8
401282273,2021,regular,13,UTSA,North Texas,401282273101898601,7,Rushing Touchdown,1,2,7,10,0,12,6,0,18,-8,7
401282273,2021,regular,13,UTSA,North Texas,401282273101898601,7,Rushing Touchdown,1,2,10,10,0,12,6,0,18,-8,7
401286299,2021,regular,13,Liberty,Army,401286299101935101,12,Field Goal Good,1,2,3,3,0,18,0,0,18,-15,5
401301051,2021,regular,13,Cincinnati,East Carolina,401301051101947001,12,Field Goal Good,1,3,3,3,0,6,0,0,6,-3,4
401301053,2021,regular,13,Memphis,Tulane,401301053101918201,12,Rushing Touchdown,1,2,3,7,0,12,0,0,12,-5,9
401301053,2021,regular,13,Memphis,Tulane,401301053101918201,12,Rushing Touchdown,1,2,7,7,0,12,0,0,12,-5,9
401308842,2021,regular,13,Miami (OH),Kent State,401308842101906201,13,Passing Touchdown,1,3,3,7,3,24,0,0,24,-17,10
401309648,2021,regular,13,Coastal Carolina,South Alabama,401309648101935701,13,Passing Touchdown,1,2,3,7,0,12,0,0,12,-5,4
401309648,2021,regular,13,Coastal Carolina,South Alabama,401309648101935701,13,Passing Touchdown,1,2,7,7,0,12,0,0,12,-5,4
401309906,2021,regular,13,Utah,Colorado,401309906101876701,4,Field Goal Good,1,2,3,3,0,0,0,6,6,-3,2
401282154,2021,regular,14,Georgia,Alabama,401282154102905301,7,Passing Touchdown,2,8,3,14,10,12,0,6,18,-4,9
401282154,2021,regular,14,Georgia,Alabama,401282154102967101,12,Field Goal Good,2,10,7,17,10,24,0,6,30,-13,12
401282156,2021,regular,14,Western Kentucky,UTSA,401282156101954001,16,Rushing Touchdown,1,4,3,14,10,30,6,0,36,-22,9
401282156,2021,regular,14,Western Kentucky,UTSA,401282156102884901,10,Rushing Touchdown,2,6,7,21,13,18,6,0,24,-3,8
401310676,2021,regular,14,San Diego State,Utah State,401310676102909301,10,Passing Touchdown,2,10,3,7,0,18,15,2,35,-28,6
401310676,2021,regular,14,San Diego State,Utah State,401310676102909301,10,Passing Touchdown,2,10,7,7,0,18,15,2,35,-28,6
401310676,2021,regular,14,San Diego State,Utah State,401310676102954201,7,Rushing Touchdown,2,12,10,14,0,12,12,2,26,-12,5
401310676,2021,regular,14,San Diego State,Utah State,401310676102954201,7,Rushing Touchdown,2,12,14,14,0,12,12,2,26,-12,5
401331160,2021,regular,14,Kent State,Northern Illinois,401331160101979001,11,Rushing Touchdown,1,3,7,10,0,0,9,6,15,-5,4
401331160,2021,regular,14,Kent State,Northern Illinois,401331160101979001,11,Rushing Touchdown,1,3,10,10,0,0,9,6,15,-5,4
401331160,2021,regular,14,Kent State,Northern Illinois,401331160102916601,16,Rushing Touchdown,2,5,14,17,0,12,12,6,30,-13,5
401331447,2021,regular,14,Iowa,Michigan,401331447101936101,5,Rushing Touchdown,1,3,3,7,0,12,0,0,12,-5,6
401331447,2021,regular,14,Iowa,Michigan,401331447101936101,5,Rushing Touchdown,1,3,7,7,0,12,0,0,12,-5,6
401441997,2022,postseason,1,SMU,BYU,401441997101939001,15,Rushing Touchdown,1,2,3,7,3,9,0,6,15,-8,7
401442004,2022,postseason,1,San José State,Eastern Michigan,401442004102935501,13,Passing Touchdown,2,8,3,16,13,24,3,2,29,-13,8
401442016,2022,postseason,1,Michigan,TCU,401442016101977201,12,Rushing Touchdown,1,5,10,14,0,24,3,12,39,-25,11
401442016,2022,postseason,1,Michigan,TCU,401442016101977201,12,Rushing Touchdown,1,5,14,14,0,24,3,12,39,-25,11
401442018,2022,postseason,1,Alabama,Kansas State,401442018101938201,11,Field Goal Good,1,3,3,3,0,9,0,0,9,-6,4
401442019,2022,postseason,1,Clemson,Tennessee,401442019101948201,16,Passing Touchdown,1,3,3,7,0,18,3,0,21,-14,4
401442019,2022,postseason,1,Clemson,Tennessee,401442019101948201,16,Passing Touchdown,1,3,7,7,0,18,3,0,21,-14,4
401442030,2022,postseason,1,Arkansas,Kansas,401442030101915901,7,Passing Touchdown,1,2,3,7,3,12,6,0,18,-11,9
401442031,2022,postseason,1,Ole Miss,Texas Tech,401442031101935601,7,Rushing Touchdown,1,4,3,7,0,0,12,0,12,-5,5
401442031,2022,postseason,1,Ole Miss,Texas Tech,401442031101935601,7,Rushing Touchdown,1,4,7,7,0,0,12,0,12,-5,5
401442033,2022,postseason,1,Florida State,Oklahoma,401442033101929801,14,Passing Touchdown,1,2,3,7,3,21,0,0,21,-14,11
401442034,2022,postseason,1,Texas,Washington,401442034102999901,20,Field Goal Good,2,11,10,13,3,12,9,0,21,-8,4
401442037,2022,postseason,1,Bowling Green,New Mexico State,401442037101906001,9,Passing Touchdown,1,2,3,7,0,9,0,0,9,-2,6
401442037,2022,postseason,1,Bowling Green,New Mexico State,401442037101906001,9,Passing Touchdown,1,2,7,7,0,9,0,0,9,-2,6
401442037,2022,postseason,1,Bowling Green,New Mexico State,401442037102926301,10,Passing Touchdown,2,6,10,14,0,15,0,0,15,-1,6
401442037,2022,postseason,1,Bowling Green,New Mexico State,401442037102926301,10,Passing Touchdown,2,6,14,14,0,15,0,0,15,-1,6
401442040,2022,postseason,1,Baylor,Air Force,401442040101947901,16,Rushing Touchdown,1,2,3,6,0,15,6,0,21,-15,5
401403966,2022,regular,1,TCU,Colorado,401403966101955501,11,Field Goal Good,1,3,3,3,0,6,0,0,6,-3,5
401403967,2022,regular,1,San Diego State,Arizona,401403967101929301,17,Field Goal Good,1,2,3,3,0,24,6,0,30,-27,7
401403967,2022,regular,1,San Diego State,Arizona,401403967101968001,7,Passing Touchdown,1,4,7,10,0,12,0,0,12,-2,6
401403967,2022,regular,1,San Diego State,Arizona,401403967101968001,7,Passing Touchdown,1,4,10,10,0,12,0,0,12,-2,6
401403967,2022,regular,1,San Diego State,Arizona,401403967102898001,10,Passing Touchdown,2,6,14,17,3,12,6,0,18,-1,6
401404146,2022,regular,1,Utah State,UConn,401404146101899401,9,Rushing Touchdown,1,2,3,7,0,6,3,0,9,-2,6
401404146,2022,regular,1,Utah State,UConn,401404146101899401,9,Rushing Touchdown,1,2,7,7,0,6,3,0,9,-2,6
401404157,2022,regular,1,Liberty,Southern Miss,401404157102854501,14,Field Goal Good,2,5,3,3,0,12,3,6,21,-18,9
401405059,2022,regular,1,Nebraska,Northwestern,401405059102997401,17,Passing Touchdown,2,10,3,17,14,18,3,0,21,-4,10
401405064,2022,regular,1,Penn State,Purdue,401405064101966101,10,Field Goal Good,1,4,3,3,0,0,0,6,6,-3,5
401411092,2022,regular,1,Pittsburgh,West Virginia,401411092102875401,9,Passing Touchdown,2,5,3,7,3,6,6,0,12,-5,8
401411095,2022,regular,1,App State,North Carolina,401411095102999801,11,Passing Touchdown,2,10,3,28,21,30,3,6,39,-11,10
401411095,2022,regular,1,App State,North Carolina,401411095102999801,11,Passing Touchdown,2,10,7,28,21,30,3,6,39,-11,10
401415212,2022,regular,1,Texas State,Nevada,-4289,6,Rushing Touchdown,1,4,3,7,0,12,3,0,15,-8,4
401415212,2022,regular,1,Texas State,Nevada,-4289,6,Rushing Touchdown,1,4,7,7,0,12,3,0,15,-8,4
401416591,2022,regular,1,Michigan State,Western Michigan,401416591101936801,12,Field Goal Good,1,4,3,3,0,6,0,0,6,-3,4
401426536,2022,regular,1,Florida Atlantic,Ohio,401426536103896601,13,Passing Touchdown,3,12,3,20,17,21,9,0,30,-10,9
401426537,2022,regular,1,Missouri,Louisiana Tech,401426537101945101,10,Field Goal Good,1,3,3,3,0,18,0,0,18,-15,5
401426542,2022,regular,1,Houston,UTSA,401426542102936901,11,Rushing Touchdown,2,9,3,14,7,9,6,0,15,-1,5
401426542,2022,regular,1,Houston,UTSA,401426542102936901,11,Rushing Touchdown,2,9,7,14,7,9,6,0,15,-1,5
401403877,2022,regular,2,Tennessee,Pittsburgh,401403877101897201,9,Field Goal Good,1,2,3,3,0,12,0,0,12,-9,4
401403879,2022,regular,2,Wake Forest,Vanderbilt,401403879101915101,8,Field Goal Good,1,3,3,3,0,12,0,0,12,-9,6
401403975,2022,regular,2,Oklahoma State,Arizona State,401403975101909901,8,Field Goal Good,1,2,3,3,0,6,0,0,6,-3,4
401403979,2022,regular,2,Fresno State,Oregon State,401403979101946001,14,Rushing Touchdown,1,3,3,7,0,24,0,0,24,-17,10
401403979,2022,regular,2,Fresno State,Oregon State,401403979101946001,14,Rushing Touchdown,1,3,7,7,0,24,0,0,24,-17,10
401404125,2022,regular,2,Notre Dame,Marshall,401404125102858101,12,Rushing Touchdown,2,6,3,6,0,9,0,6,15,-9,4
401416594,2022,regular,2,Western Michigan,Ball State,401416594101979301,12,Field Goal Good,1,5,3,10,7,24,0,0,24,-14,9
401416597,2022,regular,2,Central Michigan,South Alabama,401416597101914801,7,Passing Touchdown,1,4,3,6,0,12,0,0,12,-6,4
401426548,2022,regular,2,Colorado State,Middle Tennessee,401426548101949701,11,Field Goal Good,1,5,10,10,0,12,6,6,24,-14,7
401426548,2022,regular,2,Colorado State,Middle Tennessee,401426548102886201,8,Rushing Touchdown,2,9,14,17,0,6,6,6,18,-1,7
401403882,2022,regular,3,Penn State,Auburn,401403882101917901,10,Field Goal Good,1,2,3,3,0,6,0,0,6,-3,14
401403883,2022,regular,3,Florida,South Florida,401403883101987801,15,Rushing Touchdown,1,3,3,7,3,3,6,0,9,-2,8
401403991,2022,regular,3,UCLA,South Alabama,401403991101914801,12,Rushing Touchdown,1,3,3,7,3,6,15,0,21,-14,2
401404074,2022,regular,3,Kansas State,Tulane,401404074101968601,9,Rushing Touchdown,1,5,3,7,0,9,0,0,9,-2,6
401404074,2022,regular,3,Kansas State,Tulane,401404074101968601,9,Rushing Touchdown,1,5,7,7,0,9,0,0,9,-2,6
401405084,2022,regular,3,Syracuse,Purdue,-5118,13,Rushing Touchdown,1,4,3,6,3,15,0,0,15,-9,5
401411109,2022,regular,3,Florida State,Louisville,401411109101987601,7,Passing Touchdown,1,5,3,14,7,15,0,0,15,-1,9
401411109,2022,regular,3,Florida State,Louisville,401411109101987601,7,Passing Touchdown,1,5,7,14,7,15,0,0,15,-1,9
401426561,2022,regular,3,UTEP,New Mexico,401426561101937102,9,Field Goal Good,1,3,3,3,0,3,6,6,15,-12,10
401426561,2022,regular,3,UTEP,New Mexico,401426561102896301,14,Rushing Touchdown,2,8,14,17,3,6,6,6,18,-1,10
401426563,2022,regular,3,Indiana,Western Kentucky,401426563102995201,12,Field Goal Good,2,13,7,17,10,24,0,0,24,-7,12
401403901,2022,regular,4,Tennessee,Florida,401403901102875801,11,Passing Touchdown,2,5,3,7,3,12,0,0,12,-5,10
401403999,2022,regular,4,Oregon,Washington State,401403999102954903,13,Interception Return Touchdown,2,6,10,17,6,12,9,0,21,-4,5
401404082,2022,regular,4,Texas,Texas Tech,401404082102879301,17,Passing Touchdown,2,4,3,14,10,12,9,0,21,-7,5
401404126,2022,regular,4,North Carolina,Notre Dame,401404126102997601,14,Field Goal Good,2,12,10,24,14,24,6,0,30,-6,12
401415040,2022,regular,4,Tulane,Southern Miss,401415040104917301,10,Field Goal Good,4,19,3,20,17,12,3,6,21,-1,3
401415222,2022,regular,4,UNLV,Utah State,-6197,10,Passing Touchdown,1,3,3,7,0,12,0,0,12,-5,5
401415222,2022,regular,4,UNLV,Utah State,-6197,10,Passing Touchdown,1,3,7,7,0,12,0,0,12,-5,5
401415223,2022,regular,4,BYU,Wyoming,401415223101904001,12,Field Goal Good,1,2,3,3,0,6,6,0,12,-9,4
401426566,2022,regular,4,Purdue,Florida Atlantic,401426566102945301,14,Passing Touchdown,2,8,3,10,7,12,3,0,15,-5,9
401426568,2022,regular,4,Miami,Middle Tennessee,401426568101895301,4,Field Goal Good,1,3,3,3,0,18,0,6,24,-21,5
401426568,2022,regular,4,Miami,Middle Tennessee,401426568101899501,3,Interception Return Touchdown,1,4,7,10,0,12,0,0,12,-2,3
401426568,2022,regular,4,Miami,Middle Tennessee,401426568101899501,3,Interception Return Touchdown,1,4,10,10,0,12,0,0,12,-2,3
401426568,2022,regular,4,Miami,Middle Tennessee,401426568102878201,6,Rushing Touchdown,2,10,21,24,3,18,3,6,27,-3,5
401426569,2022,regular,4,Memphis,North Texas,401426569101887801,6,Field Goal Good,1,2,3,3,0,12,0,0,12,-9,6
401403907,2022,regular,5,Georgia,Missouri,401403907101958801,10,Field Goal Good,1,6,3,3,0,3,3,0,6,-3,6
401403907,2022,regular,5,Georgia,Missouri,401403907102875601,11,Passing Touchdown,2,8,7,10,0,12,3,0,15,-5,6
401403907,2022,regular,5,Georgia,Missouri,401403907102875601,11,Passing Touchdown,2,8,10,10,0,12,3,0,15,-5,6
401404007,2022,regular,5,Washington,UCLA,401404007102904901,10,Passing Touchdown,2,6,3,16,10,9,6,2,17,-1,9
401404083,2022,regular,5,Baylor,Oklahoma State,401404083101947501,17,Passing Touchdown,1,2,3,7,3,9,9,8,26,-19,3
401404083,2022,regular,5,Baylor,Oklahoma State,401404083102997303,9,Rushing Touchdown,2,10,7,16,3,9,3,8,20,-4,3
401404083,2022,regular,5,Baylor,Oklahoma State,401404083102997303,9,Rushing Touchdown,2,10,10,16,3,9,3,8,20,-4,3
401404086,2022,regular,5,Oklahoma,TCU,401404086101875401,5,Passing Touchdown,1,2,3,7,0,18,0,0,18,-11,6
401404086,2022,regular,5,Oklahoma,TCU,401404086101875401,5,Passing Touchdown,1,2,7,7,0,18,0,0,18,-11,6
401404086,2022,regular,5,Oklahoma,TCU,401404086102896901,9,Rushing Touchdown,2,14,21,34,10,36,6,0,42,-8,9
401404137,2022,regular,5,Army,Georgia State,401404137102939601,6,Rushing Touchdown,2,7,14,17,0,18,0,0,18,-1,6
401404151,2022,regular,5,Fresno State,UConn,401404151101959301,8,Field Goal Good,1,5,3,3,0,0,6,0,6,-3,2
401405099,2022,regular,5,Wisconsin,Illinois,401405099102926401,11,Rushing Touchdown,2,8,3,14,10,6,9,0,15,-1,7
401405101,2022,regular,5,Minnesota,Purdue,401405101101914001,11,Rushing Touchdown,1,2,3,7,0,6,3,0,9,-2,2
401405101,2022,regular,5,Minnesota,Purdue,401405101101914001,11,Rushing Touchdown,1,2,7,7,0,6,3,0,9,-2,2
401415230,2022,regular,5,San José State,Wyoming,401415230101885801,8,Field Goal Good,1,2,3,3,0,12,0,0,12,-9,4
401415625,2022,regular,5,Houston,Tulane,401415625102875701,5,Passing Touchdown,2,5,3,7,0,0,6,6,12,-5,3
401415625,2022,regular,5,Houston,Tulane,401415625102875701,5,Passing Touchdown,2,5,7,7,0,0,6,6,12,-5,3
401416609,2022,regular,5,Bowling Green,Akron,401416609102964601,7,Kickoff Return (Offense),2,2,3,0,-6,12,12,0,24,-24,2
401416611,2022,regular,5,Kent State,Ohio,401416611102965301,11,Field Goal Good,2,7,3,10,7,12,0,0,12,-2,6
401426574,2022,regular,5,New Mexico State,Florida International,401426574101939801,14,Passing Touchdown,1,3,3,7,0,12,0,0,12,-5,5
401426574,2022,regular,5,New Mexico State,Florida International,401426574101939801,14,Passing Touchdown,1,3,7,7,0,12,0,0,12,-5,5
401426575,2022,regular,5,Florida Atlantic,North Texas,401426575101888201,8,Passing Touchdown,1,2,3,7,0,6,6,6,18,-11,7
401426575,2022,regular,5,Florida Atlantic,North Texas,401426575101888201,8,Passing Touchdown,1,2,7,7,0,6,6,6,18,-11,7
401403912,2022,regular,6,Kentucky,South Carolina,401403912103976101,14,Field Goal Good,3,16,10,17,7,12,6,0,18,-1,7
401404008,2022,regular,6,Oregon,Arizona,401404008101948601,10,Field Goal Good,1,3,3,3,0,9,3,0,12,-9,5
401404009,2022,regular,6,Washington,Arizona State,401404009102965201,11,Passing Touchdown,2,6,3,17,10,6,6,6,18,-1,7
401404009,2022,regular,6,Washington,Arizona State,401404009102965201,11,Passing Touchdown,2,6,7,17,10,6,6,6,18,-1,7
401404010,2022,regular,6,Oregon State,Stanford,401404010101966201,12,Rushing Touchdown,1,2,3,7,0,15,0,0,15,-8,9
401404010,2022,regular,6,Oregon State,Stanford,401404010101966201,12,Rushing Touchdown,1,2,7,7,0,15,0,0,15,-8,9
401404011,2022,regular,6,Utah,UCLA,401404011101998901,7,Rushing Touchdown,1,6,3,7,0,6,6,0,12,-5,7
401404011,2022,regular,6,Utah,UCLA,401404011101998901,7,Rushing Touchdown,1,6,7,7,0,6,6,0,12,-5,7
401405109,2022,regular,6,Maryland,Purdue,401405109102859501,13,Rushing Touchdown,2,5,3,10,7,12,6,0,18,-8,4
401411132,2022,regular,6,Duke,Georgia Tech,401411132101966801,16,Field Goal Good,1,3,3,3,0,15,3,0,18,-15,9
401411136,2022,regular,6,Virginia,Louisville,401411136102999901,14,Field Goal Good,2,15,3,13,10,24,0,0,24,-11,7
401415629,2022,regular,6,UCF,SMU,401415629102865501,15,Field Goal Good,2,7,7,10,3,15,0,0,15,-5,4
401415631,2022,regular,6,Tulane,East Carolina,401415631101969501,13,Field Goal Good,1,3,3,3,0,6,0,0,6,-3,8
401415632,2022,regular,6,Tulsa,Navy,401415632101948901,7,Field Goal Good,1,4,3,3,0,18,0,2,20,-17,8
401415633,2022,regular,6,Cincinnati,South Florida,401415633101968301,12,Field Goal Good,1,3,10,10,0,12,0,0,12,-2,4
401416614,2022,regular,6,Western Michigan,Eastern Michigan,401416614101944701,11,Passing Touchdown,1,3,14,14,0,12,9,0,21,-7,6
401416614,2022,regular,6,Western Michigan,Eastern Michigan,401416614102857601,23,Rushing Touchdown,2,5,21,21,0,24,9,0,33,-12,11
401426343,2022,regular,6,James Madison,Arkansas State,401426343102889001,18,Field Goal Good,2,6,3,3,0,9,6,0,15,-12,4
401426345,2022,regular,6,App State,Texas State,401426345102857901,12,Passing Touchdown,2,5,10,14,0,15,0,6,21,-7,5
401426345,2022,regular,6,App State,Texas State,401426345102857901,12,Passing Touchdown,2,5,14,14,0,15,0,6,21,-7,5
401426582,2022,regular,6,UTSA,Western Kentucky,401426582102915401,11,Passing Touchdown,2,6,3,14,7,12,6,0,18,-4,5
401426582,2022,regular,6,UTSA,Western Kentucky,401426582102915401,11,Passing Touchdown,2,6,7,14,7,12,6,0,18,-4,5
401403921,2022,regular,7,Alabama,Tennessee,401403921101898101,7,Rushing Touchdown,1,2,3,7,0,21,6,0,27,-20,6
401403921,2022,regular,7,Alabama,Tennessee,401403921101898101,7,Rushing Touchdown,1,2,7,7,0,21,6,0,27,-20,6
401404014,2022,regular,7,California,Colorado,401404014102958801,10,Field Goal Good,2,10,3,3,0,12,0,0,12,-9,5
401404017,2022,regular,7,Utah,USC,401404017101954601,10,Passing Touchdown,1,3,10,14,0,18,0,0,18,-4,12
401404017,2022,regular,7,Utah,USC,401404017101954601,10,Passing Touchdown,1,3,14,14,0,18,0,0,18,-4,12
401404092,2022,regular,7,Baylor,West Virginia,401404092101896901,8,Rushing Touchdown,1,2,3,7,0,6,0,6,12,-5,5
401404092,2022,regular,7,Baylor,West Virginia,401404092101896901,8,Rushing Touchdown,1,2,7,7,0,6,0,6,12,-5,5
401404093,2022,regular,7,Texas,Iowa State,401404093101994201,15,Passing Touchdown,1,5,3,7,0,12,0,0,12,-5,6
401404093,2022,regular,7,Texas,Iowa State,401404093101994201,15,Passing Touchdown,1,5,7,7,0,12,0,0,12,-5,6
401404095,2022,regular,7,TCU,Oklahoma State,401404095101956601,9,Rushing Touchdown,1,4,10,14,0,18,6,0,24,-10,7
401404095,2022,regular,7,TCU,Oklahoma State,401404095101956601,9,Rushing Touchdown,1,4,14,14,0,18,6,0,24,-10,7
401405112,2022,regular,7,Minnesota,Illinois,401405112102869301,18,Field Goal Good,2,5,10,10,0,18,0,0,18,-8,7
401405114,2022,regular,7,Maryland,Indiana,401405114102985201,19,Passing Touchdown,2,11,3,17,14,21,3,0,24,-7,8
401411137,2022,regular,7,North Carolina,Duke,401411137101916901,10,Rushing Touchdown,1,2,3,7,3,18,0,0,18,-11,12
401415239,2022,regular,7,San José State,Fresno State,401415239102984201,11,Rushing Touchdown,2,11,3,7,3,6,3,0,9,-2,5
401415636,2022,regular,7,Tulane,South Florida,401415636101984001,9,Passing Touchdown,1,5,3,7,3,15,6,0,21,-14,6
401415637,2022,regular,7,East Carolina,Memphis,401415637101936201,7,Rushing Touchdown,1,2,3,7,0,3,6,0,9,-2,7
401415637,2022,regular,7,East Carolina,Memphis,401415637101936201,7,Rushing Touchdown,1,2,7,7,0,3,6,0,9,-2,7
401415637,2022,regular,7,East Carolina,Memphis,401415637102874201,13,Field Goal Good,2,4,10,10,0,15,18,0,33,-23,8
401416620,2022,regular,7,Eastern Michigan,Northern Illinois,401416620102859601,7,Field Goal Good,2,8,10,17,7,12,6,6,24,-7,7
401416622,2022,regular,7,Miami (OH),Bowling Green,401416622102928601,12,Rushing Touchdown,2,6,3,7,3,9,0,0,9,-2,5
401426347,2022,regular,7,Marshall,Louisiana,401426347101929601,8,Field Goal Good,1,3,3,3,0,6,0,0,6,-3,6
401426350,2022,regular,7,South Alabama,UL Monroe,401426350102938301,8,Passing Touchdown,2,10,7,17,10,18,0,0,18,-1,4
401426351,2022,regular,7,Southern Miss,Arkansas State,401426351102918401,12,Field Goal Good,2,7,10,10,0,12,0,2,14,-4,2
401404097,2022,regular,8,TCU,Kansas State,401404097102854301,13,Rushing Touchdown,2,5,3,14,10,18,0,0,18,-4,12
401404163,2022,regular,8,BYU,Liberty,401404163101927001,12,Field Goal Good,1,2,3,3,0,15,0,0,15,-12,7
401411144,2022,regular,8,Miami,Duke,401411144102879801,5,Rushing Touchdown,2,8,3,14,7,6,3,6,15,-1,3
401411144,2022,regular,8,Miami,Duke,401411144102879801,5,Rushing Touchdown,2,8,7,14,7,6,3,6,15,-1,3
401411145,2022,regular,8,Wake Forest,Boston College,401411145101948601,15,Field Goal Good,1,3,3,3,0,12,0,0,12,-9,6
401415241,2022,regular,8,Air Force,Boise State,401415241101948501,13,Rushing Touchdown,1,3,3,7,0,6,3,0,9,-2,6
401415241,2022,regular,8,Air Force,Boise State,401415241101948501,13,Rushing Touchdown,1,3,7,7,0,6,3,0,9,-2,6
401415642,2022,regular,8,UCF,East Carolina,401415642101979901,16,Field Goal Good,1,3,3,3,0,27,0,0,27,-24,7
401415642,2022,regular,8,UCF,East Carolina,401415642102925301,11,Rushing Touchdown,2,5,7,10,0,18,0,0,18,-8,7
401415642,2022,regular,8,UCF,East Carolina,401415642102925301,11,Rushing Touchdown,2,5,10,10,0,18,0,0,18,-8,7
401416628,2022,regular,8,Kent State,Akron,401416628102894701,17,Field Goal Good,2,6,10,10,0,18,3,0,21,-11,6
401426353,2022,regular,8,App State,Georgia State,401426353101915601,13,Rushing Touchdown,1,2,3,7,0,9,0,0,9,-2,8
401426353,2022,regular,8,App State,Georgia State,401426353101915601,13,Rushing Touchdown,1,2,7,7,0,9,0,0,9,-2,8
401426588,2022,regular,8,Charlotte,Florida International,401426588102879701,16,Rushing Touchdown,2,6,21,21,0,18,6,0,24,-3,7
401426589,2022,regular,8,Florida Atlantic,UTEP,401426589102884401,12,Field Goal Good,2,5,3,3,0,15,0,0,15,-12,8
401426590,2022,regular,8,Rice,Louisiana Tech,401426590101985101,8,Field Goal Good,1,4,10,10,0,12,12,0,24,-14,5
401426591,2022,regular,8,UTSA,North Texas,401426591101868801,6,Field Goal Good,1,2,3,3,0,6,0,0,6,-3,4
401403927,2022,regular,9,Arkansas,Auburn,401403927101944401,7,Field Goal Good,1,4,3,3,0,6,0,0,6,-3,5
401403929,2022,regular,9,South Carolina,Missouri,401403929101964901,17,Rushing Touchdown,1,3,3,7,0,15,0,0,15,-8,6
401403929,2022,regular,9,South Carolina,Missouri,401403929101964901,17,Rushing Touchdown,1,3,7,7,0,15,0,0,15,-8,6
401404022,2022,regular,9,USC,Arizona,401404022101929801,10,Passing Touchdown,1,2,3,7,3,18,0,0,18,-11,10
401404024,2022,regular,9,Oregon,California,401404024101959803,9,Field Goal Good,1,5,3,3,0,12,0,0,12,-9,6
401404101,2022,regular,9,Texas Tech,Baylor,401404101101956001,9,Field Goal Good,1,3,3,3,0,6,6,6,18,-15,7
401404101,2022,regular,9,Texas Tech,Baylor,401404101102966001,12,Rushing Touchdown,2,9,7,10,3,6,9,6,21,-11,9
401404101,2022,regular,9,Texas Tech,Baylor,401404101102998601,14,Rushing Touchdown,2,11,10,17,3,18,9,6,33,-16,9
401404101,2022,regular,9,Texas Tech,Baylor,401404101102998601,14,Rushing Touchdown,2,11,14,17,3,18,9,6,33,-16,9
401409242,2022,regular,9,New Mexico State,Massachusetts,401409242101936401,6,Field Goal Good,1,4,3,3,0,6,0,0,6,-3,3
401411146,2022,regular,9,NC State,Virginia Tech,401411146103874801,8,Rushing Touchdown,3,13,3,7,3,12,0,0,12,-5,6
401411148,2022,regular,9,Wake Forest,Louisville,401411148102857201,10,Rushing Touchdown,2,5,7,13,0,15,6,12,33,-20,6
401411148,2022,regular,9,Wake Forest,Louisville,401411148102857201,10,Rushing Touchdown,2,5,10,13,0,15,6,12,33,-20,6
401411149,2022,regular,9,North Carolina,Pittsburgh,401411149102948501,11,Field Goal Good,2,9,10,17,7,18,0,0,18,-1,7
401411150,2022,regular,9,Miami,Virginia,401411150104878801,11,Field Goal Good,4,17,3,6,3,3,6,0,9,-3,8
401415247,2022,regular,9,Wyoming,Hawai'i,401415247101918701,13,Passing Touchdown,1,3,3,7,0,6,3,0,9,-2,8
401415247,2022,regular,9,Wyoming,Hawai'i,401415247101918701,13,Passing Touchdown,1,3,7,7,0,6,3,0,9,-2,8
401415248,2022,regular,9,Fresno State,San Diego State,401415248101974301,11,Rushing Touchdown,1,2,3,7,3,12,0,0,12,-5,8
401416630,2022,regular,9,Toledo,Eastern Michigan,401416630101966401,15,Rushing Touchdown,1,3,3,7,0,9,6,0,15,-8,2
401416630,2022,regular,9,Toledo,Eastern Michigan,401416630101966401,15,Rushing Touchdown,1,3,7,7,0,9,6,0,15,-8,2
401426359,2022,regular,9,Louisiana,Southern Miss,401426359101927001,5,Rushing Touchdown,1,5,3,6,0,12,0,2,14,-8,3
401426593,2022,regular,9,Rice,Charlotte,401426593102944701,9,Rushing Touchdown,2,8,3,21,17,30,6,0,36,-15,13
401426595,2022,regular,9,UAB,Florida Atlantic,-8096,10,Field Goal Good,1,4,3,3,0,18,0,0,18,-15,6
401426596,2022,regular,9,UTEP,Middle Tennessee,401426596101978201,8,Passing Touchdown,1,5,7,10,0,6,6,0,12,-2,4
401426596,2022,regular,9,UTEP,Middle Tennessee,401426596101978201,8,Passing Touchdown,1,5,10,10,0,6,6,0,12,-2,4
401404106,2022,regular,10,Oklahoma State,Kansas,401404106101999001,17,Field Goal Good,1,6,10,10,0,30,0,0,30,-20,10
401404108,2022,regular,10,TCU,Texas Tech,401404108101999901,11,Field Goal Good,1,6,3,10,7,18,0,0,18,-8,9
401404130,2022,regular,10,Clemson,Notre Dame,401404130102996101,11,Rushing Touchdown,2,10,10,14,0,0,6,12,18,-4,5
401404130,2022,regular,10,Clemson,Notre Dame,401404130102996101,11,Rushing Touchdown,2,10,14,14,0,0,6,12,18,-4,5
401404155,2022,regular,10,UConn,Massachusetts,401404155101955601,8,Field Goal Good,1,3,3,3,0,6,0,0,6,-3,9
401405130,2022,regular,10,Purdue,Iowa,401405130102857601,10,Passing Touchdown,2,6,3,7,0,12,0,0,12,-5,7
401405130,2022,regular,10,Purdue,Iowa,401405130102857601,10,Passing Touchdown,2,6,7,7,0,12,0,0,12,-5,7
401411154,2022,regular,10,Wake Forest,NC State,401411154101919501,8,Field Goal Good,1,3,3,3,0,6,6,0,12,-9,7
401411155,2022,regular,10,Pittsburgh,Syracuse,401411155101997301,17,Field Goal Good,1,3,3,3,0,6,0,0,6,-3,3
401415648,2022,regular,10,South Florida,Temple,401415648102988901,8,Rushing Touchdown,2,8,3,16,7,18,6,0,24,-8,7
401415648,2022,regular,10,South Florida,Temple,401415648102988901,8,Rushing Touchdown,2,8,7,16,7,18,6,0,24,-8,7
401415648,2022,regular,10,South Florida,Temple,401415648103974901,12,Field Goal Good,3,15,10,33,21,33,6,0,39,-6,8
401416632,2022,regular,10,Kent State,Ball State,401416632102998501,10,Field Goal Good,2,14,3,17,13,18,3,0,21,-4,7
401416633,2022,regular,10,Buffalo,Ohio,401416633101939801,8,Field Goal Good,1,4,10,10,0,18,6,0,24,-14,10
401416634,2022,regular,10,Northern Illinois,Central Michigan,401416634101896901,6,Rushing Touchdown,1,2,3,7,0,6,0,6,12,-5,2
401416634,2022,regular,10,Northern Illinois,Central Michigan,401416634101896901,6,Rushing Touchdown,1,2,7,7,0,6,0,6,12,-5,2
401416634,2022,regular,10,Northern Illinois,Central Michigan,401416634101954901,7,Passing Touchdown,1,4,10,14,0,6,6,6,18,-4,3
401416634,2022,regular,10,Northern Illinois,Central Michigan,401416634101954901,7,Passing Touchdown,1,4,14,14,0,6,6,6,18,-4,3
401426369,2022,regular,10,Southern Miss,Georgia State,401426369101929801,15,Passing Touchdown,1,3,3,7,0,30,0,0,30,-23,12
401426369,2022,regular,10,Southern Miss,Georgia State,401426369101929801,15,Passing Touchdown,1,3,7,7,0,30,0,0,30,-23,12
401426600,2022,regular,10,Middle Tennessee,Louisiana Tech,401426600101985101,10,Passing Touchdown,1,7,3,14,7,15,9,6,30,-16,9
401426600,2022,regular,10,Middle Tennessee,Louisiana Tech,401426600101985101,10,Passing Touchdown,1,7,7,14,7,15,9,6,30,-16,9
401403943,2022,regular,11,Alabama,Ole Miss,401403943101985601,12,Rushing Touchdown,1,5,3,7,0,0,9,0,9,-2,7
401403943,2022,regular,11,Alabama,Ole Miss,401403943101985601,12,Rushing Touchdown,1,5,7,7,0,0,9,0,9,-2,7
401404109,2022,regular,11,Baylor,Kansas State,401404109102857901,14,Passing Touchdown,2,3,3,7,0,9,6,0,15,-8,5
401404109,2022,regular,11,Baylor,Kansas State,401404109102857901,14,Passing Touchdown,2,3,7,7,0,9,6,0,15,-8,5
401404109,2022,regular,11,Baylor,Kansas State,401404109102944201,13,Field Goal Good,2,5,10,10,0,6,6,0,12,-2,5
401404110,2022,regular,11,Iowa State,Oklahoma State,401404110102878901,4,Field Goal Good,2,9,3,3,0,6,0,0,6,-3,3
401404113,2022,regular,11,Texas,TCU,401404113102987902,16,Field Goal Good,2,13,3,3,0,12,0,0,12,-9,5
401411160,2022,regular,11,Georgia Tech,Miami,401411160102907301,15,Passing Touchdown,2,5,10,14,0,18,0,6,24,-10,8
401411160,2022,regular,11,Georgia Tech,Miami,401411160102907301,15,Passing Touchdown,2,5,14,14,0,18,0,6,24,-10,8
401411164,2022,regular,11,Wake Forest,North Carolina,401411164101908201,10,Passing Touchdown,1,2,3,7,0,15,0,0,15,-8,12
401411164,2022,regular,11,Wake Forest,North Carolina,401411164101908201,10,Passing Touchdown,1,2,7,7,0,15,0,0,15,-8,12
401415654,2022,regular,11,Cincinnati,East Carolina,401415654101968501,13,Field Goal Good,1,4,3,5,0,18,0,2,20,-15,6
401403955,2022,regular,12,Florida,Vanderbilt,401403955102889501,14,Passing Touchdown,2,5,3,7,3,6,3,6,15,-8,5
401404044,2022,regular,12,USC,UCLA,401404044101977001,14,Rushing Touchdown,1,4,3,7,0,33,0,0,33,-26,14
401404044,2022,regular,12,USC,UCLA,401404044101977001,14,Rushing Touchdown,1,4,7,7,0,33,0,0,33,-26,14
401404115,2022,regular,12,Iowa State,Texas Tech,401404115102878101,6,Kickoff Return (Offense),2,5,3,0,-3,0,6,0,6,-6,3
401405144,2022,regular,12,Ohio State,Maryland,401405144102964701,16,Passing Touchdown,2,8,3,13,10,18,0,2,20,-7,9
401415261,2022,regular,12,Boise State,Wyoming,401415261102868401,12,Field Goal Good,2,6,10,10,0,12,0,0,12,-2,5
401415266,2022,regular,12,UNLV,Hawai'i,401415266101925701,11,Passing Touchdown,1,2,3,7,3,15,0,0,15,-8,8
401415660,2022,regular,12,East Carolina,Houston,401415660102907501,11,Passing Touchdown,2,8,10,14,0,24,0,0,24,-10,10
401415660,2022,regular,12,East Carolina,Houston,401415660102907501,11,Passing Touchdown,2,8,14,14,0,24,0,0,24,-10,10
401416642,2022,regular,12,Toledo,Bowling Green,401416642101974901,6,Passing Touchdown,1,6,10,14,0,12,0,6,18,-4,7
401416642,2022,regular,12,Toledo,Bowling Green,401416642101974901,6,Passing Touchdown,1,6,14,14,0,12,0,6,18,-4,7
401416643,2022,regular,12,Ohio,Ball State,401416643101935501,13,Field Goal Good,1,3,3,3,0,6,0,0,6,-3,6
401426378,2022,regular,12,James Madison,Georgia State,401426378102898701,4,Rushing Touchdown,2,8,7,17,7,6,0,12,18,-1,2
401426378,2022,regular,12,James Madison,Georgia State,401426378102898701,4,Rushing Touchdown,2,8,10,17,7,6,0,12,18,-1,2
401426379,2022,regular,12,South Alabama,Southern Miss,401426379102946501,9,Field Goal Good,2,8,7,10,3,6,6,0,12,-2,3
401426608,2022,regular,12,Louisiana Tech,Charlotte,401426608102855201,18,Field Goal Good,2,4,3,3,0,15,6,0,21,-18,7
401426610,2022,regular,12,Florida Atlantic,Middle Tennessee,401426610102907401,12,Passing Touchdown,2,7,10,21,7,24,12,0,36,-15,6
401426610,2022,regular,12,Florida Atlantic,Middle Tennessee,401426610102907401,12,Passing Touchdown,2,7,14,21,7,24,12,0,36,-15,6
401403958,2022,regular,13,Florida State,Florida,401403958101959301,9,Passing Touchdown,1,6,3,14,7,18,0,0,18,-4,9
401403958,2022,regular,13,Florida State,Florida,401403958101959301,9,Passing Touchdown,1,6,7,14,7,18,0,0,18,-4,9
401403961,2022,regular,13,Arkansas,Missouri,401403961101906501,8,Field Goal Good,1,2,3,3,0,6,0,0,6,-3,10
401403963,2022,regular,13,LSU,Texas A&M,401403963101954501,15,Rushing Touchdown,1,2,3,7,0,18,3,6,27,-20,8
401403963,2022,regular,13,LSU,Texas A&M,401403963101954501,15,Rushing Touchdown,1,2,7,7,0,18,3,6,27,-20,8
401404045,2022,regular,13,Arizona,Arizona State,401404045102994101,17,Passing Touchdown,2,8,3,14,10,24,0,0,24,-10,10
401404046,2022,regular,13,UCLA,California,401404046102956201,11,Passing Touchdown,2,8,3,14,10,18,0,0,18,-4,4
401404166,2022,regular,13,Liberty,New Mexico State,401404166101938801,10,Passing Touchdown,1,3,3,7,0,30,0,0,30,-23,10
401404166,2022,regular,13,Liberty,New Mexico State,401404166101938801,10,Passing Touchdown,1,3,7,7,0,30,0,0,30,-23,10
401405148,2022,regular,13,Iowa,Nebraska,401405148101967501,8,Field Goal Good,1,6,10,10,0,6,12,0,18,-8,3
401405150,2022,regular,13,Wisconsin,Minnesota,401405150101965401,11,Passing Touchdown,1,2,3,7,3,9,0,0,9,-2,9
401405150,2022,regular,13,Wisconsin,Minnesota,401405150103894001,12,Field Goal Good,3,9,7,13,6,15,0,0,15,-2,9
401405153,2022,regular,13,Ohio State,Michigan,401405153104868901,18,Rushing Touchdown,4,20,7,31,20,33,0,0,33,-2,8
401405153,2022,regular,13,Ohio State,Michigan,401405153104868901,18,Rushing Touchdown,4,20,10,31,20,33,0,0,33,-2,8
401411172,2022,regular,13,North Carolina,NC State,401411172102876101,8,Passing Touchdown,2,8,10,14,3,12,6,0,18,-4,3
401415272,2022,regular,13,UNLV,Nevada,401415272101889501,6,Field Goal Good,1,2,3,3,0,6,3,0,9,-6,5
401415664,2022,regular,13,East Carolina,Temple,401415664101949901,11,Field Goal Good,1,4,3,3,0,30,0,0,30,-27,8
401416651,2022,regular,13,Toledo,Western Michigan,401416651102999901,9,Field Goal Good,2,18,3,10,7,9,0,6,15,-5,4
401416652,2022,regular,13,Northern Illinois,Akron,401416652102937301,14,Passing Touchdown,2,8,3,10,6,18,6,6,30,-20,8
401416652,2022,regular,13,Northern Illinois,Akron,401416652102997701,17,Field Goal Good,2,12,14,20,6,24,6,6,36,-16,8
401416653,2022,regular,13,Buffalo,Kent State,401416653101895601,3,Field Goal Good,1,3,3,3,0,6,0,0,6,-3,2
401426382,2022,regular,13,App State,Georgia Southern,401426382101945701,11,Rushing Touchdown,1,3,3,7,3,24,6,0,30,-23,7
401426384,2022,regular,13,Troy,Arkansas State,401426384101877901,4,Field Goal Good,1,2,3,3,0,6,0,0,6,-3,1
401426390,2022,regular,13,Marshall,Georgia State,401426390102925201,13,Field Goal Good,2,7,10,10,0,12,0,0,12,-2,8
401426616,2022,regular,13,UAB,Louisiana Tech,401426616101949601,8,Field Goal Good,1,3,3,3,0,6,0,0,6,-3,8
401437030,2022,regular,14,Kansas State,TCU,401437030101949901,15,Passing Touchdown,1,2,3,7,0,15,3,0,18,-11,12
401437030,2022,regular,14,Kansas State,TCU,401437030101949901,15,Passing Touchdown,1,2,7,7,0,15,3,0,18,-11,12
401437032,2022,regular,14,UTSA,North Texas,401437032102896504,17,Field Goal Good,2,4,3,10,7,15,6,0,21,-11,5
401404145,2022,regular,15,Navy,Army,401404145102989301,8,Blocked Punt,2,11,3,7,3,6,3,0,9,-2,3
401551731,2023,postseason,1,App State,Miami (OH),401551731101874901,5,Field Goal Good,1,2,3,3,0,6,0,0,6,-3,3
401551732,2023,postseason,1,New Mexico State,Fresno State,401551732101938201,7,Field Goal Good,1,2,3,3,0,6,6,0,12,-9,8
401551733,2023,postseason,1,Georgia Southern,Ohio,401551733101937201,12,Field Goal Good,1,2,3,3,0,18,9,0,27,-24,7
401551733,2023,postseason,1,Georgia Southern,Ohio,401551733102877701,16,Rushing Touchdown,2,4,7,10,0,21,9,0,30,-20,7
401551733,2023,postseason,1,Georgia Southern,Ohio,401551733102877701,16,Rushing Touchdown,2,4,10,10,0,21,9,0,30,-20,7
401551737,2023,postseason,1,Syracuse,South Florida,401551737101925001,10,Passing Touchdown,1,3,3,7,0,18,0,6,24,-17,7
401551737,2023,postseason,1,Syracuse,South Florida,401551737101925001,10,Passing Touchdown,1,3,7,7,0,18,0,6,24,-17,7
401551743,2023,postseason,1,Utah State,Georgia State,401551743101926301,11,Rushing Touchdown,1,2,3,7,0,30,3,0,33,-26,14
401551743,2023,postseason,1,Utah State,Georgia State,401551743101926301,11,Rushing Touchdown,1,2,7,7,0,30,3,0,33,-26,14
401551750,2023,postseason,1,SMU,Boston College,401551750101937801,8,Field Goal Good,1,2,3,3,0,6,0,0,6,-3,8
401551752,2023,postseason,1,UCLA,Boise State,401551752101914101,10,Field Goal Good,1,2,3,3,0,15,0,0,15,-12,8
401551770,2023,postseason,1,Auburn,Maryland,401551770101944101,12,Passing Touchdown,1,3,10,14,0,15,0,6,21,-7,6
401551770,2023,postseason,1,Auburn,Maryland,401551770101944101,12,Passing Touchdown,1,3,14,14,0,15,0,6,21,-7,6
401520145,2023,regular,1,UTEP,Jacksonville State,401520145101954201,10,Field Goal Good,1,3,3,3,0,6,0,0,6,-3,3
401520155,2023,regular,1,Illinois,Toledo,401520155102999506,16,Passing Touchdown,2,8,3,12,7,15,0,0,15,-3,8
401520167,2023,regular,1,North Carolina,South Carolina,401520167101904901,10,Rushing Touchdown,1,2,3,7,0,12,0,0,12,-5,9
401520167,2023,regular,1,North Carolina,South Carolina,401520167101904901,10,Rushing Touchdown,1,2,7,7,0,12,0,0,12,-5,9
401520175,2023,regular,1,Army,UL Monroe,401520175102937901,8,Field Goal Good,2,7,3,3,0,12,0,0,12,-9,4
401520182,2023,regular,1,LSU,Florida State,401520182101924601,10,Passing Touchdown,1,2,3,7,0,24,0,0,24,-17,10
401520182,2023,regular,1,LSU,Florida State,401520182101924601,10,Passing Touchdown,1,2,7,7,0,24,0,0,24,-17,10
401523990,2023,regular,1,Washington State,Colorado State,401523990101907201,13,Field Goal Good,1,2,3,3,0,12,0,6,18,-15,2
401523994,2023,regular,1,TCU,Colorado,401523994101914101,14,Passing Touchdown,1,2,3,7,0,33,0,0,33,-26,8
401523994,2023,regular,1,TCU,Colorado,401523994101914101,14,Passing Touchdown,1,2,7,7,0,33,0,0,33,-26,8
401523997,2023,regular,1,Washington,Boise State,401523997101975801,10,Rushing Touchdown,1,4,3,6,0,9,0,0,9,-3,4
401525468,2023,regular,1,Clemson,Duke,401525468101908001,11,Field Goal Good,1,2,3,3,0,15,6,0,21,-18,7
401525817,2023,regular,1,Baylor,Texas State,401525817101926603,10,Passing Touchdown,1,3,3,7,3,18,0,0,18,-11,8
401525817,2023,regular,1,Baylor,Texas State,401525817102908801,14,Passing Touchdown,2,9,10,21,6,24,0,0,24,-3,9
401525817,2023,regular,1,Baylor,Texas State,401525817102908801,14,Passing Touchdown,2,9,14,21,6,24,0,0,24,-3,9
401525825,2023,regular,1,Texas Tech,Wyoming,401525825104914101,16,Field Goal Good,4,20,3,20,17,12,15,0,27,-7,5
401520183,2023,regular,2,Alabama,Texas,401520183101955701,10,Field Goal Good,1,3,3,3,0,18,6,0,24,-21,7
401520183,2023,regular,2,Alabama,Texas,401520183102959401,15,Field Goal Good,2,7,10,13,3,18,9,0,27,-14,7
401520186,2023,regular,2,Auburn,California,401520186101905701,8,Field Goal Good,1,2,3,3,0,6,0,0,6,-3,3
401520189,2023,regular,2,North Texas,Florida International,401520189102934901,6,Field Goal Good,2,14,7,17,10,24,6,6,36,-19,4
401520201,2023,regular,2,Texas A&M,Miami,401520201102998601,7,Passing Touchdown,2,12,3,21,17,18,3,6,27,-6,10
401520206,2023,regular,2,Missouri,Middle Tennessee,401520206102918501,15,Passing Touchdown,2,8,3,7,3,9,0,2,11,-4,7
401520215,2023,regular,2,Virginia Tech,Purdue,401520215102869601,11,Field Goal Good,2,5,10,10,0,12,0,0,12,-2,8
401525495,2023,regular,2,North Carolina,App State,401525495102888901,23,Field Goal Good,2,4,3,3,0,15,12,0,27,-24,9
401525496,2023,regular,2,Pittsburgh,Cincinnati,401525496101914201,5,Field Goal Good,1,4,10,10,0,12,0,0,12,-2,5
401525831,2023,regular,2,Houston,Rice,401525831101958201,7,Rushing Touchdown,1,3,10,14,0,6,12,0,18,-4,5
401525831,2023,regular,2,Houston,Rice,401525831101958201,7,Rushing Touchdown,1,3,14,14,0,6,12,0,18,-4,5
401531842,2023,regular,2,Louisiana,Old Dominion,401531842102958401,11,Rushing Touchdown,2,8,3,17,10,24,0,0,24,-7,9
401531842,2023,regular,2,Louisiana,Old Dominion,401531842102958401,11,Rushing Touchdown,2,8,7,17,10,24,0,0,24,-7,9
401520220,2023,regular,3,Arkansas,BYU,401520220102874501,11,Rushing Touchdown,2,11,3,21,14,24,3,0,27,-6,5
401520220,2023,regular,3,Arkansas,BYU,401520220102874501,11,Rushing Touchdown,2,11,7,21,14,24,3,0,27,-6,5
401520224,2023,regular,3,Tennessee,Florida,401520224102907101,15,Rushing Touchdown,2,5,3,12,7,15,6,0,21,-9,6
401520236,2023,regular,3,Kansas State,Missouri,401520236101964101,8,Field Goal Good,1,4,3,10,7,18,0,0,18,-8,6
401520238,2023,regular,3,New Mexico,New Mexico State,401520238102866701,11,Rushing Touchdown,2,4,3,7,3,15,0,0,15,-8,7
401520238,2023,regular,3,New Mexico,New Mexico State,401520238103988201,15,Field Goal Good,3,12,10,20,10,21,0,0,21,-1,7
401525839,2023,regular,3,Oklahoma State,South Alabama,401525839101938101,15,Field Goal Good,1,2,3,3,0,24,3,0,27,-24,6
401525839,2023,regular,3,Oklahoma State,South Alabama,401525839101989801,9,Passing Touchdown,1,4,7,10,0,18,3,0,21,-11,5
401525839,2023,regular,3,Oklahoma State,South Alabama,401525839101989801,9,Passing Touchdown,1,4,10,10,0,18,3,0,21,-11,5
401531412,2023,regular,3,App State,East Carolina,401531412101898501,10,Rushing Touchdown,1,3,3,7,0,0,0,12,12,-5,7
401531412,2023,regular,3,App State,East Carolina,401531412101898501,10,Rushing Touchdown,1,3,7,7,0,0,0,12,12,-5,7
401532403,2023,regular,3,Toledo,San José State,401532403102925201,14,Field Goal Good,2,5,3,3,0,12,0,0,12,-9,3
401520253,2023,regular,4,Hawai'i,New Mexico State,401520253102879301,16,Field Goal Good,2,5,10,10,0,12,0,0,12,-2,7
401520255,2023,regular,4,Illinois,Florida Atlantic,401520255101968501,7,Field Goal Good,1,4,3,3,0,0,6,0,6,-3,4
401520256,2023,regular,4,Indiana,Akron,401520256103896601,10,Rushing Touchdown,3,15,3,10,7,8,12,0,20,-10,8
401520258,2023,regular,4,LSU,Arkansas,401520258101944301,13,Field Goal Good,1,3,3,3,0,12,0,0,12,-9,8
401520262,2023,regular,4,Middle Tennessee,Colorado State,401520262101907301,13,Field Goal Good,1,2,3,3,0,12,0,6,18,-15,4
401525507,2023,regular,4,Florida State,Clemson,401525507101985201,18,Field Goal Good,1,3,3,3,0,18,0,0,18,-15,9
401525508,2023,regular,4,Wake Forest,Georgia Tech,401525508101955001,7,Passing Touchdown,1,3,3,7,3,6,3,0,9,-2,6
401525848,2023,regular,4,Kansas State,UCF,401525848101985201,9,Passing Touchdown,1,4,3,10,7,15,0,0,15,-5,7
401525850,2023,regular,4,Texas Tech,West Virginia,401525850101984601,15,Rushing Touchdown,1,5,3,7,3,9,3,0,12,-5,5
401526835,2023,regular,4,Massachusetts,New Mexico,401526835101937901,7,Passing Touchdown,1,3,3,7,0,6,6,0,12,-5,4
401526835,2023,regular,4,Massachusetts,New Mexico,401526835101937901,7,Passing Touchdown,1,3,7,7,0,6,6,0,12,-5,4
401531338,2023,regular,4,Northern Illinois,Tulsa,401531338102859701,11,Rushing Touchdown,2,7,3,9,0,6,6,2,14,-5,4
401531338,2023,regular,4,Northern Illinois,Tulsa,401531338102859701,11,Rushing Touchdown,2,7,7,9,0,6,6,2,14,-5,4
401531423,2023,regular,4,Rice,South Florida,401531423101927701,15,Field Goal Good,1,2,3,3,0,33,0,0,33,-30,11
401531874,2023,regular,4,Southern Miss,Arkansas State,401531874102854801,5,Field Goal Good,2,6,10,17,7,12,6,0,18,-1,6
401520280,2023,regular,5,Georgia,Auburn,401520280101939501,9,Field Goal Good,1,3,3,3,0,12,0,0,12,-9,8
401520281,2023,regular,5,Iowa,Michigan State,401520281102889501,16,Field Goal Good,2,6,3,6,3,0,6,6,12,-6,5
401520292,2023,regular,5,Utah State,UConn,401520292101988501,14,Rushing Touchdown,1,5,3,7,0,21,0,0,21,-14,9
401520292,2023,regular,5,Utah State,UConn,401520292101988501,14,Rushing Touchdown,1,5,7,7,0,21,0,0,21,-14,9
401520293,2023,regular,5,Missouri,Vanderbilt,401520293101965301,10,Rushing Touchdown,1,3,3,7,3,12,0,0,12,-5,7
401525516,2023,regular,5,Pittsburgh,Virginia Tech,401525516101894801,5,Passing Touchdown,1,2,3,7,0,6,6,0,12,-5,5
401525516,2023,regular,5,Pittsburgh,Virginia Tech,401525516101894801,5,Passing Touchdown,1,2,7,7,0,6,6,0,12,-5,5
401525851,2023,regular,5,BYU,Cincinnati,401525851102995501,10,Field Goal Good,2,9,3,10,7,12,0,0,12,-2,8
401526836,2023,regular,5,Massachusetts,Arkansas State,401526836102926301,9,Passing Touchdown,2,11,21,31,7,30,9,0,39,-8,10
401531414,2023,regular,5,Rice,East Carolina,401531414101928201,15,Field Goal Good,1,2,3,3,0,3,3,0,6,-3,8
401531429,2023,regular,5,Memphis,Boise State,401531429101939001,10,Field Goal Good,1,3,3,3,0,24,0,0,24,-21,7
401531879,2023,regular,5,Georgia State,Troy,401531879101929201,12,Field Goal Good,1,2,3,3,0,12,0,0,12,-9,4
401531882,2023,regular,5,App State,UL Monroe,401531882101938901,9,Rushing Touchdown,1,5,10,14,0,18,0,0,18,-4,12
401531882,2023,regular,5,App State,UL Monroe,401531882101938901,9,Rushing Touchdown,1,5,14,14,0,18,0,0,18,-4,12
401532410,2023,regular,5,Central Michigan,Eastern Michigan,401532410102968201,12,Field Goal Good,2,6,3,10,7,18,0,0,18,-8,8
401520298,2023,regular,6,Army,Boston College,401520298102987501,21,Rushing Touchdown,2,9,7,13,3,18,0,0,18,-5,9
401520298,2023,regular,6,Army,Boston College,401520298102987501,21,Rushing Touchdown,2,9,10,13,3,18,0,0,18,-5,9
401520301,2023,regular,6,Illinois,Nebraska,401520301101984001,13,Field Goal Good,1,2,3,3,0,6,3,0,9,-6,7
401520301,2023,regular,6,Illinois,Nebraska,401520301102935201,14,Rushing Touchdown,2,6,7,10,0,9,3,0,12,-2,7
401520301,2023,regular,6,Illinois,Nebraska,401520301102935201,14,Rushing Touchdown,2,6,10,10,0,9,3,0,12,-2,7
401520305,2023,regular,6,LSU,Missouri,401520305101904901,10,Passing Touchdown,1,2,3,8,0,24,0,0,24,-16,11
401520305,2023,regular,6,LSU,Missouri,401520305101904901,10,Passing Touchdown,1,2,7,8,0,24,0,0,24,-16,11
401520307,2023,regular,6,Ohio State,Maryland,401520307102874301,13,Field Goal Good,2,6,10,10,0,6,6,0,12,-2,4
401520308,2023,regular,6,Ole Miss,Arkansas,401520308101939101,17,Passing Touchdown,1,2,3,7,0,6,6,0,12,-5,5
401520308,2023,regular,6,Ole Miss,Arkansas,401520308101939101,17,Passing Touchdown,1,2,7,7,0,6,6,0,12,-5,5
401520310,2023,regular,6,Alabama,Texas A&M,401520310101946501,7,Field Goal Good,1,3,3,3,0,6,0,0,6,-3,5
401524025,2023,regular,6,USC,Arizona,401524025101898701,8,Field Goal Good,1,2,3,3,0,6,6,0,12,-9,9
401524025,2023,regular,6,USC,Arizona,401524025101954001,10,Passing Touchdown,1,4,7,10,0,9,6,0,15,-5,10
401524025,2023,regular,6,USC,Arizona,401524025101954001,10,Passing Touchdown,1,4,10,10,0,9,6,0,15,-5,10
401524025,2023,regular,6,USC,Arizona,401524025102869401,13,Passing Touchdown,2,6,14,17,0,24,6,0,30,-13,12
401524028,2023,regular,6,UCLA,Washington State,401524028101884301,6,Field Goal Good,1,3,3,3,0,0,6,0,6,-3,0
401525439,2023,regular,6,Notre Dame,Louisville,401525439101939401,13,Passing Touchdown,1,2,3,7,0,6,12,0,18,-11,5
401525439,2023,regular,6,Notre Dame,Louisville,401525439101939401,13,Passing Touchdown,1,2,7,7,0,6,12,0,18,-11,5
401525857,2023,regular,6,Kansas State,Oklahoma State,401525857101924501,15,Rushing Touchdown,1,2,3,7,0,15,0,6,21,-14,7
401525857,2023,regular,6,Kansas State,Oklahoma State,401525857101924501,15,Rushing Touchdown,1,2,7,7,0,15,0,6,21,-14,7
401525857,2023,regular,6,Kansas State,Oklahoma State,401525857101999501,9,Field Goal Good,1,6,10,10,0,6,0,6,12,-2,6
401525860,2023,regular,6,UCF,Kansas,401525860101965701,14,Field Goal Good,1,2,3,3,0,30,6,0,36,-33,11
401525860,2023,regular,6,UCF,Kansas,401525860102865601,10,Passing Touchdown,2,4,7,10,0,18,0,0,18,-8,10
401525860,2023,regular,6,UCF,Kansas,401525860102865601,10,Passing Touchdown,2,4,10,10,0,18,0,0,18,-8,10
401525860,2023,regular,6,UCF,Kansas,401525860102936801,13,Rushing Touchdown,2,6,14,17,0,30,0,0,30,-13,11
401531380,2023,regular,6,South Florida,UAB,401531380101926701,9,Passing Touchdown,1,4,3,14,7,36,0,0,36,-22,12
401531380,2023,regular,6,South Florida,UAB,401531380101926701,9,Passing Touchdown,1,4,7,14,7,36,0,0,36,-22,12
401531380,2023,regular,6,South Florida,UAB,401531380102997202,11,Rushing Touchdown,2,14,21,35,14,42,0,0,42,-7,13
401531433,2023,regular,6,Navy,North Texas,401531433101975601,9,Field Goal Good,1,3,3,3,0,6,0,0,6,-3,5
401532415,2023,regular,6,Central Michigan,Buffalo,401532415101968601,9,Field Goal Good,1,6,10,10,0,12,3,12,27,-17,5
401532591,2023,regular,6,Fresno State,Wyoming,401532591101934001,14,Field Goal Good,1,2,3,3,0,6,6,0,12,-9,2
401524030,2023,regular,7,Washington State,Arizona,401524030102854601,10,Rushing Touchdown,2,6,7,17,6,18,3,0,21,-4,8
401524030,2023,regular,7,Washington State,Arizona,401524030102854601,10,Rushing Touchdown,2,6,10,17,6,18,3,0,21,-4,8
401524030,2023,regular,7,Washington State,Arizona,401524030102919201,11,Field Goal Good,2,8,14,20,6,24,3,0,27,-7,9
401524030,2023,regular,7,Washington State,Arizona,401524030103974201,16,Rushing Touchdown,3,15,21,30,6,30,3,0,33,-3,9
401525525,2023,regular,7,Louisville,Pittsburgh,401525525103966001,15,Rushing Touchdown,3,17,3,24,21,18,3,6,27,-3,5
401525526,2023,regular,7,North Carolina,Miami,401525526102948201,11,Passing Touchdown,2,9,3,14,7,9,6,0,15,-1,6
401525526,2023,regular,7,North Carolina,Miami,401525526102948201,11,Passing Touchdown,2,9,7,14,7,9,6,0,15,-1,6
401525862,2023,regular,7,West Virginia,Houston,401525862101959602,18,Kickoff Return Touchdown,1,2,3,7,3,24,6,0,30,-23,6
401525864,2023,regular,7,Kansas,Oklahoma State,401525864101927401,9,Passing Touchdown,1,3,10,14,0,12,3,0,15,-1,6
401525864,2023,regular,7,Kansas,Oklahoma State,401525864101927401,9,Passing Touchdown,1,3,14,14,0,12,3,0,15,-1,6
401531420,2023,regular,7,South Florida,Florida Atlantic,401531420101885601,8,Passing Touchdown,1,2,3,7,0,12,0,6,18,-11,13
401531420,2023,regular,7,South Florida,Florida Atlantic,401531420101885601,8,Passing Touchdown,1,2,7,7,0,12,0,6,18,-11,13
401531420,2023,regular,7,South Florida,Florida Atlantic,401531420102894001,8,Rushing Touchdown,2,8,10,14,0,12,0,6,18,-4,13
401531420,2023,regular,7,South Florida,Florida Atlantic,401531420102894001,8,Rushing Touchdown,2,8,14,14,0,12,0,6,18,-4,13
401532424,2023,regular,7,Ohio,Northern Illinois,401532424101918101,9,Rushing Touchdown,1,3,3,7,0,6,3,0,9,-2,5
401532424,2023,regular,7,Ohio,Northern Illinois,401532424101918101,9,Rushing Touchdown,1,3,7,7,0,6,3,0,9,-2,5
401520333,2023,regular,8,Alabama,Tennessee,401520333101979901,16,Field Goal Good,1,5,10,10,0,12,3,0,15,-5,8
401524035,2023,regular,8,Oregon,Washington State,401524035101956201,8,Field Goal Good,1,3,3,3,0,15,0,0,15,-12,8
401525528,2023,regular,8,Georgia Tech,Boston College,401525528101914801,7,Field Goal Good,1,4,3,3,0,6,0,6,12,-9,7
401525528,2023,regular,8,Georgia Tech,Boston College,401525528102994701,15,Rushing Touchdown,2,11,7,17,10,21,0,6,27,-10,10
401525530,2023,regular,8,Florida State,Duke,401525530101904901,6,Rushing Touchdown,1,2,3,7,0,0,3,6,9,-2,2
401525530,2023,regular,8,Florida State,Duke,401525530101904901,6,Rushing Touchdown,1,2,7,7,0,0,3,6,9,-2,2
401525871,2023,regular,8,Oklahoma,UCF,401525871102959801,14,Field Goal Good,2,11,3,10,7,21,3,0,24,-14,8
401525872,2023,regular,8,West Virginia,Oklahoma State,401525872101889901,10,Field Goal Good,1,3,3,3,0,36,0,0,36,-33,10
401525872,2023,regular,8,West Virginia,Oklahoma State,401525872101928001,6,Rushing Touchdown,1,5,7,10,0,18,0,0,18,-8,8
401525872,2023,regular,8,West Virginia,Oklahoma State,401525872101928001,6,Rushing Touchdown,1,5,10,10,0,18,0,0,18,-8,8
401531406,2023,regular,8,East Carolina,Charlotte,401531406101936101,15,Field Goal Good,1,2,3,3,0,6,0,0,6,-3,4
401531894,2023,regular,8,Georgia Southern,UL Monroe,401531894101884801,5,Passing Touchdown,1,2,3,7,0,12,0,0,12,-5,9
401531894,2023,regular,8,Georgia Southern,UL Monroe,401531894101884801,5,Passing Touchdown,1,2,7,7,0,12,0,0,12,-5,9
401532425,2023,regular,8,Central Michigan,Ball State,401532425102944001,14,Field Goal Good,2,6,7,10,3,12,0,0,12,-2,6
401532600,2023,regular,8,Hawai'i,New Mexico,401532600101978501,13,Passing Touchdown,1,4,10,14,0,24,0,0,24,-10,8
401532600,2023,regular,8,Hawai'i,New Mexico,401532600101978501,13,Passing Touchdown,1,4,14,14,0,24,0,0,24,-10,8
401520355,2023,regular,9,Purdue,Nebraska,401520355102895601,17,Passing Touchdown,2,6,3,7,0,12,3,6,21,-14,5
401520355,2023,regular,9,Purdue,Nebraska,401520355102895601,17,Passing Touchdown,2,6,7,7,0,12,3,6,21,-14,5
401520356,2023,regular,9,Maryland,Northwestern,401520356102988101,14,Field Goal Good,2,10,10,24,14,18,9,0,27,-3,9
401520359,2023,regular,9,Texas A&M,South Carolina,401520359101979501,13,Rushing Touchdown,1,4,3,7,0,6,3,0,9,-2,2
401520359,2023,regular,9,Texas A&M,South Carolina,401520359101979501,13,Rushing Touchdown,1,4,7,7,0,6,3,0,9,-2,2
401524040,2023,regular,9,Washington State,Arizona State,401524040102928501,10,Rushing Touchdown,2,6,3,14,7,12,3,0,15,-1,5
401524040,2023,regular,9,Washington State,Arizona State,401524040102928501,10,Rushing Touchdown,2,6,7,14,7,12,3,0,15,-1,5
401524041,2023,regular,9,USC,California,401524041102884401,8,Rushing Touchdown,2,8,3,21,17,18,6,0,24,-3,8
401525534,2023,regular,9,Clemson,NC State,401525534101928101,4,Passing Touchdown,1,4,3,7,0,6,0,6,12,-5,3
401525534,2023,regular,9,Clemson,NC State,401525534101928101,4,Passing Touchdown,1,4,7,7,0,6,0,6,12,-5,3
401525534,2023,regular,9,Clemson,NC State,401525534102878801,12,Field Goal Good,2,8,10,10,0,12,0,6,18,-8,3
401525538,2023,regular,9,Miami,Virginia,401525538101916701,13,Rushing Touchdown,1,2,3,7,0,9,0,0,9,-2,4
401525538,2023,regular,9,Miami,Virginia,401525538101916701,13,Rushing Touchdown,1,2,7,7,0,9,0,0,9,-2,4
401525874,2023,regular,9,Oklahoma,Kansas,401525874102859301,11,Rushing Touchdown,2,6,10,14,0,15,0,6,21,-7,10
401525874,2023,regular,9,Oklahoma,Kansas,401525874102859301,11,Rushing Touchdown,2,6,14,14,0,15,0,6,21,-7,10
401525878,2023,regular,9,UCF,West Virginia,401525878102899701,10,Rushing Touchdown,2,5,10,17,7,18,3,0,21,-4,6
401531899,2023,regular,9,Marshall,Coastal Carolina,401531899101938101,4,Passing Touchdown,1,3,7,10,0,6,6,0,12,-2,5
401531899,2023,regular,9,Marshall,Coastal Carolina,401531899101938101,4,Passing Touchdown,1,3,10,10,0,6,6,0,12,-2,5
401531900,2023,regular,9,James Madison,Old Dominion,401531900101886801,9,Field Goal Good,1,2,3,3,0,12,0,0,12,-9,8
401531901,2023,regular,9,UL Monroe,Arkansas State,401531901101986301,6,Rushing Touchdown,1,7,3,7,3,12,0,0,12,-5,8
401531902,2023,regular,9,South Alabama,Louisiana,401531902102874101,16,Passing Touchdown,2,5,3,7,0,9,9,6,24,-17,3
401531902,2023,regular,9,South Alabama,Louisiana,401531902102874101,16,Passing Touchdown,2,5,7,7,0,9,9,6,24,-17,3
401531929,2023,regular,9,Georgia State,Georgia Southern,401531929102945701,11,Rushing Touchdown,2,9,10,17,7,18,3,6,27,-10,9
401532604,2023,regular,9,New Mexico,Nevada,401532604101965201,10,Field Goal Good,1,5,3,3,0,6,12,6,24,-21,6
401520378,2023,regular,10,Western Kentucky,UTEP,401520378102937001,14,Field Goal Good,2,8,3,3,0,9,0,0,9,-6,7
401524045,2023,regular,10,UCLA,Arizona,401524045101977201,11,Passing Touchdown,1,4,3,7,0,15,0,0,15,-8,7
401524045,2023,regular,10,UCLA,Arizona,401524045101977201,11,Passing Touchdown,1,4,7,7,0,15,0,0,15,-8,7
401525441,2023,regular,10,Notre Dame,Clemson,401525441101979101,8,Field Goal Good,1,7,7,10,3,6,0,6,12,-2,4
401525539,2023,regular,10,Duke,Wake Forest,401525539101928901,8,Rushing Touchdown,1,3,3,7,0,6,6,0,12,-5,3
401525539,2023,regular,10,Duke,Wake Forest,401525539101928901,8,Rushing Touchdown,1,3,7,7,0,6,6,0,12,-5,3
401525880,2023,regular,10,Baylor,Houston,401525880103938301,16,Field Goal Good,3,12,10,10,0,12,0,0,12,-2,6
401525882,2023,regular,10,Iowa State,Kansas,401525882101915901,11,Rushing Touchdown,1,2,3,7,0,6,0,6,12,-5,7
401525882,2023,regular,10,Iowa State,Kansas,401525882101915901,11,Rushing Touchdown,1,2,7,7,0,6,0,6,12,-5,7
401531383,2023,regular,10,Florida Atlantic,UAB,401531383101998801,7,Passing Touchdown,1,5,3,7,0,18,0,6,24,-17,6
401531383,2023,regular,10,Florida Atlantic,UAB,401531383101998801,7,Passing Touchdown,1,5,7,7,0,18,0,6,24,-17,6
401531392,2023,regular,10,Navy,Temple,401531392101968101,8,Field Goal Good,1,3,10,10,0,12,0,0,12,-2,2
401531908,2023,regular,10,Louisiana,Arkansas State,401531908102886901,15,Field Goal Good,2,6,10,17,7,12,3,6,21,-4,7
401532433,2023,regular,10,Northern Illinois,Central Michigan,401532433101877501,7,Rushing Touchdown,1,2,3,7,0,12,0,0,12,-5,10
401532433,2023,regular,10,Northern Illinois,Central Michigan,401532433101877501,7,Rushing Touchdown,1,2,7,7,0,12,0,0,12,-5,10
401532610,2023,regular,10,Nevada,Hawai'i,401532610102874401,6,Field Goal Good,2,7,3,3,0,0,6,0,6,-3,4
401520383,2023,regular,11,Illinois,Indiana,401520383101964501,10,Rushing Touchdown,1,5,3,7,3,24,0,0,24,-17,12
401520387,2023,regular,11,Louisiana Tech,Sam Houston,401520387102896901,8,Rushing Touchdown,2,9,10,14,3,24,0,6,30,-16,8
401520387,2023,regular,11,Louisiana Tech,Sam Houston,401520387103895201,7,Passing Touchdown,3,15,14,21,6,18,0,6,24,-3,8
401520391,2023,regular,11,Tennessee,Missouri,401520391102858301,23,Field Goal Good,2,3,3,3,0,24,0,6,30,-27,14
401520394,2023,regular,11,Michigan,Penn State,401520394101978201,14,Field Goal Good,1,4,3,3,0,6,6,0,12,-9,1
401520398,2023,regular,11,Wisconsin,Northwestern,401520398101958701,13,Passing Touchdown,1,2,3,7,3,12,0,0,12,-5,5
401524056,2023,regular,11,Washington,Utah,401524056102909901,14,Passing Touchdown,2,7,3,14,10,18,0,0,18,-4,6
401525887,2023,regular,11,Houston,Cincinnati,401525887103917401,13,Field Goal Good,3,14,10,17,7,12,6,0,18,-1,5
401525888,2023,regular,11,Kansas,Texas Tech,401525888101967501,14,Field Goal Good,1,4,10,10,0,3,9,0,12,-2,2
401525891,2023,regular,11,Texas,TCU,401525891101925801,7,Field Goal Good,1,4,3,3,0,6,0,0,6,-3,6
401531384,2023,regular,11,UAB,Navy,401531384104899101,24,Rushing Touchdown,4,17,10,17,6,12,3,6,21,-4,7
401531408,2023,regular,11,Memphis,Charlotte,401531408102907201,11,Rushing Touchdown,2,10,3,10,7,24,3,0,27,-17,7
401531408,2023,regular,11,Memphis,Charlotte,401531408102978101,8,Rushing Touchdown,2,12,7,17,7,18,3,0,21,-4,5
401531408,2023,regular,11,Memphis,Charlotte,401531408102978101,8,Rushing Touchdown,2,12,10,17,7,18,3,0,21,-4,5
401531416,2023,regular,11,Florida Atlantic,East Carolina,401531416102859101,13,Field Goal Good,2,8,10,10,0,12,6,0,18,-8,3
401531913,2023,regular,11,Georgia State,App State,401531913101987201,4,Rushing Touchdown,1,4,3,7,0,18,0,0,18,-11,7
401531913,2023,regular,11,Georgia State,App State,401531913101987201,4,Rushing Touchdown,1,4,7,7,0,18,0,0,18,-11,7
401531913,2023,regular,11,Georgia State,App State,401531913102928101,6,Passing Touchdown,2,10,21,21,0,24,0,0,24,-3,8
401531916,2023,regular,11,South Alabama,Arkansas State,401531916101908101,11,Field Goal Good,1,2,3,3,0,9,0,0,9,-6,5
401520410,2023,regular,12,Michigan,Maryland,401520410101937001,11,Field Goal Good,1,2,3,3,0,6,0,0,6,-3,3
401520423,2023,regular,12,Western Kentucky,Sam Houston,401520423102907801,11,Rushing Touchdown,2,10,3,13,7,9,6,0,15,-2,4
401524062,2023,regular,12,USC,UCLA,401524062101908401,7,Rushing Touchdown,1,2,3,7,0,0,6,6,12,-5,4
401524062,2023,regular,12,USC,UCLA,401524062101908401,7,Rushing Touchdown,1,2,7,7,0,0,6,6,12,-5,4
401525555,2023,regular,12,Duke,Virginia,401525555101927001,9,Passing Touchdown,1,3,3,7,0,12,0,0,12,-5,9
401525555,2023,regular,12,Duke,Virginia,401525555101927001,9,Passing Touchdown,1,3,7,7,0,12,0,0,12,-5,9
401525558,2023,regular,12,Miami,Louisville,401525558101919701,9,Passing Touchdown,1,2,3,7,0,12,0,0,12,-5,7
401525558,2023,regular,12,Miami,Louisville,401525558101919701,9,Passing Touchdown,1,2,7,7,0,12,0,0,12,-5,7
401525559,2023,regular,12,Virginia Tech,NC State,401525559102879501,9,Passing Touchdown,2,6,3,7,0,12,0,0,12,-5,6
401525559,2023,regular,12,Virginia Tech,NC State,401525559102879501,9,Passing Touchdown,2,6,7,7,0,12,0,0,12,-5,6
401525894,2023,regular,12,Oklahoma State,Houston,401525894101925601,5,Interception Return Touchdown,1,3,3,7,0,6,0,2,8,-1,6
401525894,2023,regular,12,Oklahoma State,Houston,401525894101925601,5,Interception Return Touchdown,1,3,7,7,0,6,0,2,8,-1,6
401525895,2023,regular,12,Texas,Iowa State,401525895101967201,14,Field Goal Good,1,4,3,3,0,12,0,0,12,-9,3
401531918,2023,regular,12,James Madison,App State,401531918101974401,9,Field Goal Good,1,5,3,3,0,6,0,0,6,-3,4
401531919,2023,regular,12,Texas State,Arkansas State,401531919101979601,16,Rushing Touchdown,1,4,3,14,10,30,6,24,60,-46,8
401531921,2023,regular,12,Troy,Louisiana,401531921101975801,10,Passing Touchdown,1,4,3,7,0,12,3,0,15,-8,6
401531921,2023,regular,12,Troy,Louisiana,401531921101975801,10,Passing Touchdown,1,4,7,7,0,12,3,0,15,-8,6
401520429,2023,regular,13,Florida State,Florida,401520429102856801,16,Rushing Touchdown,2,3,3,7,0,6,0,2,8,-1,4
401520429,2023,regular,13,Florida State,Florida,401520429102856801,16,Rushing Touchdown,2,3,7,7,0,6,0,2,8,-1,4
401520431,2023,regular,13,Illinois,Northwestern,401520431101914501,5,Passing Touchdown,1,4,3,7,0,0,9,6,15,-8,3
401520431,2023,regular,13,Illinois,Northwestern,401520431101914501,5,Passing Touchdown,1,4,7,7,0,0,9,6,15,-8,3
401520431,2023,regular,13,Illinois,Northwestern,401520431102865601,14,Rushing Touchdown,2,6,10,14,3,12,15,6,33,-19,6
401520443,2023,regular,13,Massachusetts,UConn,401520443102865701,7,Field Goal Good,2,7,7,9,0,6,0,6,12,-3,5
401524066,2023,regular,13,UCLA,California,401524066101947401,8,Field Goal Good,1,2,3,3,0,0,12,6,18,-15,5
401525561,2023,regular,13,Duke,Pittsburgh,401525561102908601,16,Passing Touchdown,2,5,3,10,3,6,6,0,12,-2,4
401525561,2023,regular,13,Duke,Pittsburgh,401525561102908601,16,Passing Touchdown,2,5,7,10,3,6,6,0,12,-2,4
401525562,2023,regular,13,North Carolina,NC State,401525562102874301,12,Passing Touchdown,2,6,7,13,0,21,0,0,21,-8,9
401525562,2023,regular,13,North Carolina,NC State,401525562102874301,12,Passing Touchdown,2,6,10,13,0,21,0,0,21,-8,9
401531928,2023,regular,13,South Alabama,Texas State,401531928101915201,6,Passing Touchdown,1,4,10,14,0,6,0,12,18,-4,7
401531928,2023,regular,13,South Alabama,Texas State,401531928101915201,6,Passing Touchdown,1,4,14,14,0,6,0,12,18,-4,7
401531928,2023,regular,13,South Alabama,Texas State,401531928101966101,9,Rushing Touchdown,1,6,21,21,0,21,0,12,33,-12,9
401532449,2023,regular,13,Buffalo,Eastern Michigan,401532449102914101,11,Passing Touchdown,2,9,10,14,0,15,0,0,15,-1,8
401532449,2023,regular,13,Buffalo,Eastern Michigan,401532449102914101,11,Passing Touchdown,2,9,14,14,0,15,0,0,15,-1,8
401532453,2023,regular,13,Northern Illinois,Kent State,401532453102994501,18,Field Goal Good,2,10,7,17,10,21,0,0,21,-4,6
401532628,2023,regular,13,UNLV,San José State,401532628101904201,8,Field Goal Good,1,2,10,10,0,12,0,0,12,-2,6
401539477,2023,regular,14,Tulane,SMU,401539477102986701,11,Passing Touchdown,2,13,3,14,7,15,0,0,15,-1,7
401539477,2023,regular,14,Tulane,SMU,401539477102986701,11,Passing Touchdown,2,13,7,14,7,15,0,0,15,-1,7
401539478,2023,regular,14,Louisville,Florida State,401539478102896701,13,Field Goal Good,2,10,3,3,0,9,3,0,12,-9,4
401539483,2023,regular,14,Georgia,Alabama,401539483102879501,12,Passing Touchdown,2,7,3,10,7,6,6,0,12,-2,5
401539483,2023,regular,14,Georgia,Alabama,401539483102995101,13,Passing Touchdown,2,9,7,17,7,12,6,0,18,-1,6
401539483,2023,regular,14,Georgia,Alabama,401539483102995101,13,Passing Touchdown,2,9,10,17,7,12,6,0,18,-1,6
401677077,2024,postseason,1,South Alabama,Western Michigan,401677077102854901,14,Field Goal Good,2,4,10,10,0,18,0,0,18,-8,6
401677088,2024,postseason,1,Kansas State,Rutgers,401677088101958401,14,Rushing Touchdown,1,3,3,7,3,18,12,0,30,-23,5
401677091,2024,postseason,1,Georgia Tech,Vanderbilt,401677091101977301,8,Passing Touchdown,1,4,3,7,0,12,0,0,12,-5,6
401677091,2024,postseason,1,Georgia Tech,Vanderbilt,401677091101977301,8,Passing Touchdown,1,4,7,7,0,12,0,0,12,-5,6
401677093,2024,postseason,1,Texas A&M,USC,401677093101936201,16,Passing Touchdown,1,2,3,7,0,30,0,0,30,-23,7
401677093,2024,postseason,1,Texas A&M,USC,401677093101936201,16,Passing Touchdown,1,2,7,7,0,30,0,0,30,-23,7
401677093,2024,postseason,1,Texas A&M,USC,401677093103938701,11,Field Goal Good,3,15,10,17,7,18,0,0,18,-1,7
401677097,2024,postseason,1,Miami,Iowa State,401677097101887601,8,Passing Touchdown,1,2,3,7,0,12,0,0,12,-5,9
401677097,2024,postseason,1,Miami,Iowa State,401677097101887601,8,Passing Touchdown,1,2,7,7,0,12,0,0,12,-5,9
401677098,2024,postseason,1,NC State,East Carolina,401677098102928201,14,Field Goal Good,2,4,10,10,0,12,0,0,12,-2,10
401677102,2024,postseason,1,Alabama,Michigan,401677102101918401,7,Field Goal Good,1,2,3,3,0,0,12,0,12,-9,2
401677103,2024,postseason,1,South Carolina,Illinois,401677103101999901,26,Passing Touchdown,1,5,3,7,3,6,6,0,12,-5,4
401677104,2024,postseason,1,Baylor,LSU,401677104101935901,8,Interception Return Touchdown,1,2,10,14,0,9,6,0,15,-1,6
401677104,2024,postseason,1,Baylor,LSU,401677104101935901,8,Interception Return Touchdown,1,2,14,14,0,9,6,0,15,-1,6
401677106,2024,postseason,1,Texas State,North Texas,401677106101936601,9,Passing Touchdown,1,3,3,7,3,12,0,0,12,-5,7
401677106,2024,postseason,1,Texas State,North Texas,401677106102854501,11,Passing Touchdown,2,5,7,14,6,18,0,0,18,-4,9
401729867,2024,postseason,1,Syracuse,Washington State,401729867101905201,8,Rushing Touchdown,1,2,3,7,0,6,0,6,12,-5,6
401729867,2024,postseason,1,Syracuse,Washington State,401729867101905201,8,Rushing Touchdown,1,2,7,7,0,6,0,6,12,-5,6
401628333,2024,regular,1,Virginia Tech,Vanderbilt,401628333102854501,9,Passing Touchdown,2,3,7,10,0,0,12,0,12,-2,5
401628333,2024,regular,1,Virginia Tech,Vanderbilt,401628333102854501,9,Passing Touchdown,2,3,10,10,0,0,12,0,12,-2,5
401628333,2024,regular,1,Virginia Tech,Vanderbilt,401628333102948101,11,Rushing Touchdown,2,5,14,17,0,0,18,0,18,-1,6
401628334,2024,regular,1,LSU,USC,401628334102889901,10,Rushing Touchdown,2,4,3,7,0,9,0,0,9,-2,9
401628334,2024,regular,1,LSU,USC,401628334102889901,10,Rushing Touchdown,2,4,7,7,0,9,0,0,9,-2,9
401629039,2024,regular,1,Massachusetts,Eastern Michigan,401629039102875201,14,Rushing Touchdown,2,4,3,7,0,15,0,0,15,-8,6
401629039,2024,regular,1,Massachusetts,Eastern Michigan,401629039102875201,14,Rushing Touchdown,2,4,7,7,0,15,0,0,15,-8,6
401634306,2024,regular,1,Florida State,Boston College,401634306102854301,15,Rushing Touchdown,2,3,3,7,0,12,6,0,18,-11,8
401634306,2024,regular,1,Florida State,Boston College,401634306102854301,15,Rushing Touchdown,2,3,7,7,0,12,6,0,18,-11,8
401640998,2024,regular,1,Jacksonville State,Coastal Carolina,401640998101988701,9,Passing Touchdown,1,5,7,10,3,6,3,6,15,-5,6
401628340,2024,regular,2,Kentucky,South Carolina,401628340102919301,7,Field Goal Good,2,10,10,10,0,6,0,6,12,-2,4
401628462,2024,regular,2,Kansas,Illinois,401628462101966401,14,Field Goal Good,1,2,3,3,0,9,0,6,15,-12,4
401628465,2024,regular,2,Maryland,Michigan State,401628465102999901,18,Field Goal Good,2,10,3,17,14,18,0,0,18,-1,8
401628469,2024,regular,2,Oregon,Boise State,401628469101907001,8,Field Goal Good,1,2,3,3,0,6,12,0,18,-15,5
401635533,2024,regular,2,Northwestern,Duke,401635533101954901,4,Passing Touchdown,1,4,3,7,3,12,0,0,12,-5,2
401636859,2024,regular,2,Texas Tech,Washington State,401636859101899601,7,Rushing Touchdown,1,3,3,7,0,12,6,0,18,-11,7
401636859,2024,regular,2,Texas Tech,Washington State,401636859101899601,7,Rushing Touchdown,1,3,7,7,0,12,6,0,18,-11,7
401640979,2024,regular,2,Central Michigan,Florida International,401640979101934401,4,Rushing Touchdown,1,4,3,7,0,18,0,0,18,-11,6
401640979,2024,regular,2,Central Michigan,Florida International,401640979101934401,4,Rushing Touchdown,1,4,7,7,0,18,0,0,18,-11,6
401640979,2024,regular,2,Central Michigan,Florida International,401640979102978101,8,Passing Touchdown,2,11,21,21,0,27,0,6,33,-12,8
401640989,2024,regular,2,Liberty,New Mexico State,401640989101927601,10,Field Goal Good,1,2,3,3,0,12,0,0,12,-9,4
401643779,2024,regular,2,Arkansas State,Tulsa,401643779101935101,11,Field Goal Good,1,2,3,3,0,6,6,0,12,-9,3
401643780,2024,regular,2,UAB,UL Monroe,401643780101908001,12,Field Goal Good,1,2,3,3,0,12,0,8,20,-17,3
401628356,2024,regular,3,Mississippi State,Toledo,401628356101936401,15,Passing Touchdown,1,2,3,7,0,15,12,0,27,-20,5
401628356,2024,regular,3,Mississippi State,Toledo,401628356101936401,15,Passing Touchdown,1,2,7,7,0,15,12,0,27,-20,5
401628359,2024,regular,3,LSU,South Carolina,401628359102865001,17,Field Goal Good,2,5,10,10,0,18,9,0,27,-17,8
401628362,2024,regular,3,Vanderbilt,Georgia State,401628362102925901,11,Passing Touchdown,2,6,7,10,3,18,3,0,21,-11,5
401628478,2024,regular,3,Virginia,Maryland,401628478104876801,12,Field Goal Good,4,22,7,20,13,15,6,0,21,-1,5
401635541,2024,regular,3,California,San Diego State,-1606,10,Field Goal Good,1,3,3,3,0,6,0,0,6,-3,3
401636861,2024,regular,3,Colorado,Colorado State,401636861101927801,9,Field Goal Good,1,3,3,3,0,6,0,0,6,-3,5
401636868,2024,regular,3,Texas Tech,North Texas,401636868102858801,5,Rush,2,7,7,0,-8,6,6,0,12,-12,3
401640990,2024,regular,3,Liberty,UTEP,401640990101905901,8,Field Goal Good,1,2,3,3,0,6,0,0,6,-3,4
401643785,2024,regular,3,App State,East Carolina,401643785101936601,17,Field Goal Good,1,3,10,10,0,6,3,6,15,-5,3
401628363,2024,regular,4,Auburn,Arkansas,401628363102855001,17,Rushing Touchdown,2,3,3,7,0,12,3,0,15,-8,6
401628363,2024,regular,4,Auburn,Arkansas,401628363102855001,17,Rushing Touchdown,2,3,7,7,0,12,3,0,15,-8,6
401628490,2024,regular,4,Boston College,Michigan State,401628490101908801,10,Field Goal Good,1,2,3,3,0,6,0,0,6,-3,7
401628494,2024,regular,4,Virginia Tech,Rutgers,401628494101925801,9,Rushing Touchdown,1,3,3,7,0,9,0,2,11,-4,6
401628494,2024,regular,4,Virginia Tech,Rutgers,401628494101925801,9,Rushing Touchdown,1,3,7,7,0,9,0,2,11,-4,6
401634766,2024,regular,4,Syracuse,Stanford,401634766102859601,15,Field Goal Good,2,5,10,10,0,9,3,6,18,-8,4
401635556,2024,regular,4,North Carolina,James Madison,401635556101896301,4,Blocked Punt Touchdown,1,4,7,11,0,18,0,0,18,-7,5
401635556,2024,regular,4,North Carolina,James Madison,401635556101896301,4,Blocked Punt Touchdown,1,4,10,11,0,18,0,0,18,-7,5
401635557,2024,regular,4,TCU,SMU,401635557101929701,8,Fumble Return Touchdown,1,2,7,10,0,15,6,6,27,-17,5
401635557,2024,regular,4,TCU,SMU,401635557101929701,8,Fumble Return Touchdown,1,2,10,10,0,15,6,6,27,-17,5
401636872,2024,regular,4,Kansas State,BYU,401636872102989101,4,Fumble Recovery (Opponent),2,6,3,10,6,12,0,0,12,-2,2
401636874,2024,regular,4,Colorado,Baylor,401636874101918601,5,Field Goal Good,1,3,3,3,0,6,0,6,12,-9,3
401636876,2024,regular,4,Utah,Oklahoma State,401636876101915601,10,Field Goal Good,1,3,3,3,0,12,0,0,12,-9,8
401640991,2024,regular,4,Liberty,East Carolina,401640991101904701,11,Rushing Touchdown,1,3,3,7,0,6,6,0,12,-5,7
401640991,2024,regular,4,Liberty,East Carolina,401640991101904701,11,Rushing Touchdown,1,3,7,7,0,6,6,0,12,-5,7
401643714,2024,regular,4,Washington State,San José State,401643714101974201,12,Field Goal Good,1,3,3,10,7,24,12,0,36,-26,8
401643790,2024,regular,4,App State,South Alabama,401643790101928901,8,Rushing Touchdown,1,3,10,14,0,12,6,0,18,-4,7
401643790,2024,regular,4,App State,South Alabama,401643790101928901,8,Rushing Touchdown,1,3,14,14,0,12,6,0,18,-4,7
401643790,2024,regular,4,App State,South Alabama,401643790102946901,16,Rushing Touchdown,2,7,21,21,0,30,6,0,36,-15,12
401643791,2024,regular,4,Tulane,Louisiana,401643791101927301,9,Rushing Touchdown,1,3,3,7,0,12,0,0,12,-5,8
401643791,2024,regular,4,Tulane,Louisiana,401643791101927301,9,Rushing Touchdown,1,3,7,7,0,12,0,0,12,-5,8
401644735,2024,regular,4,Central Michigan,Ball State,401644735101927801,11,Field Goal Good,1,2,3,3,0,18,0,0,18,-15,7
401645329,2024,regular,4,Memphis,Navy,401645329102906201,7,Rushing Touchdown,2,8,3,21,14,24,0,0,24,-3,11
401645329,2024,regular,4,Memphis,Navy,401645329102906201,7,Rushing Touchdown,2,8,7,21,14,24,0,0,24,-3,11
401645329,2024,regular,4,Memphis,Navy,401645329102998801,11,Rushing Touchdown,2,10,10,28,17,36,0,6,42,-14,13
401628377,2024,regular,5,Ole Miss,Kentucky,401628377102997201,21,Passing Touchdown,2,8,3,10,7,9,3,0,12,-2,6
401628501,2024,regular,5,Rutgers,Washington,401628501101958901,13,Field Goal Good,1,3,3,3,0,6,0,0,6,-3,7
401629043,2024,regular,5,Miami (OH),Massachusetts,401629043102937401,14,Field Goal Good,2,6,3,10,7,12,0,0,12,-2,5
401635659,2024,regular,5,Wake Forest,Louisiana,401635659101924301,11,Passing Touchdown,1,2,3,7,0,21,0,0,21,-14,7
401635659,2024,regular,5,Wake Forest,Louisiana,401635659101924301,11,Passing Touchdown,1,2,7,7,0,21,0,0,21,-14,7
401636884,2024,regular,5,Texas Tech,Cincinnati,401636884101926401,9,Passing Touchdown,1,2,3,7,3,12,3,0,15,-8,4
401636885,2024,regular,5,UCF,Colorado,401636885101965001,12,Passing Touchdown,1,3,3,7,0,24,6,6,36,-29,9
401636885,2024,regular,5,UCF,Colorado,401636885101965001,12,Passing Touchdown,1,3,7,7,0,24,6,6,36,-29,9
401636886,2024,regular,5,Utah,Arizona,401636886101985101,10,Field Goal Good,1,2,3,3,0,6,3,0,9,-6,8
401640981,2024,regular,5,Louisiana Tech,Florida International,401640981101977301,15,Passing Touchdown,1,3,3,7,0,9,0,0,9,-2,5
401640981,2024,regular,5,Louisiana Tech,Florida International,401640981101977301,15,Passing Touchdown,1,3,7,7,0,9,0,0,9,-2,5
401643721,2024,regular,5,Central Michigan,San Diego State,401643721101938601,7,Rushing Touchdown,1,4,3,7,3,6,6,0,12,-5,4
401643792,2024,regular,5,Georgia State,Georgia Southern,401643792101937808,12,Passing Touchdown,1,3,3,7,0,9,0,0,9,-2,8
401643792,2024,regular,5,Georgia State,Georgia Southern,401643792101937808,12,Passing Touchdown,1,3,7,7,0,9,0,0,9,-2,8
401644738,2024,regular,5,Ohio,Akron,401644738101935701,13,Field Goal Good,1,2,3,3,0,0,6,0,6,-3,1
401645334,2024,regular,5,East Carolina,UTSA,401645334102969401,21,Field Goal Good,2,10,10,13,3,15,0,0,15,-2,7
401645336,2024,regular,5,North Texas,Tulsa,401645336102858701,12,Field Goal Good,2,7,3,3,0,6,0,0,6,-3,7
401628507,2024,regular,6,USC,Minnesota,401628507101999401,10,Field Goal Good,1,4,3,3,0,6,0,0,6,-3,7
401629044,2024,regular,6,Northern Illinois,Massachusetts,401629044102876601,14,Field Goal Good,2,7,3,10,7,12,3,0,15,-5,9
401634779,2024,regular,6,UNLV,Syracuse,401634779101915601,9,Passing Touchdown,1,2,3,7,0,6,6,0,12,-5,5
401634779,2024,regular,6,UNLV,Syracuse,401634779101915601,9,Passing Touchdown,1,2,7,7,0,6,6,0,12,-5,5
401634779,2024,regular,6,UNLV,Syracuse,401634779101995501,10,Rushing Touchdown,1,4,10,14,0,12,6,0,18,-4,6
401634779,2024,regular,6,UNLV,Syracuse,401634779101995501,10,Rushing Touchdown,1,4,14,14,0,12,6,0,18,-4,6
401636888,2024,regular,6,Arizona State,Kansas,401636888102884901,12,Passing Touchdown,2,6,3,14,7,18,0,0,18,-4,8
401636888,2024,regular,6,Arizona State,Kansas,401636888102884901,12,Passing Touchdown,2,6,7,14,7,18,0,0,18,-4,8
401636890,2024,regular,6,Oklahoma State,West Virginia,401636890101994401,9,Passing Touchdown,1,3,7,10,0,18,0,0,18,-8,12
401636890,2024,regular,6,Oklahoma State,West Virginia,401636890101994401,9,Passing Touchdown,1,3,10,10,0,18,0,0,18,-8,12
401636891,2024,regular,6,TCU,Houston,401636891101947001,8,Passing Touchdown,1,3,3,7,0,9,0,0,9,-2,6
401636891,2024,regular,6,TCU,Houston,401636891101947001,8,Passing Touchdown,1,3,7,7,0,9,0,0,9,-2,6
401636891,2024,regular,6,TCU,Houston,401636891102866101,9,Rushing Touchdown,2,5,10,14,0,15,0,0,15,-1,6
401636891,2024,regular,6,TCU,Houston,401636891102866101,9,Rushing Touchdown,2,5,14,14,0,15,0,0,15,-1,6
401643798,2024,regular,6,Coastal Carolina,Old Dominion,401643798101966001,12,Passing Touchdown,1,3,3,7,0,18,0,0,18,-11,9
401643798,2024,regular,6,Coastal Carolina,Old Dominion,401643798101966001,12,Passing Touchdown,1,3,7,7,0,18,0,0,18,-11,9
401643799,2024,regular,6,Marshall,App State,401643799102854401,16,Rushing Touchdown,2,5,3,10,7,21,0,0,21,-11,7
401645340,2024,regular,6,East Carolina,Charlotte,401645340101966101,12,Rushing Touchdown,1,3,10,14,0,33,0,6,39,-25,11
401645340,2024,regular,6,East Carolina,Charlotte,401645340101966101,12,Rushing Touchdown,1,3,14,14,0,33,0,6,39,-25,11
401628391,2024,regular,7,Tennessee,Florida,401628391101968401,11,Field Goal Good,1,4,3,3,0,12,0,0,12,-9,9
401628513,2024,regular,7,Maryland,Northwestern,401628513101919601,9,Rushing Touchdown,1,3,3,7,0,3,12,6,21,-14,4
401628513,2024,regular,7,Maryland,Northwestern,401628513101919601,9,Rushing Touchdown,1,3,7,7,0,3,12,6,21,-14,4
401628513,2024,regular,7,Maryland,Northwestern,401628513102879101,12,Rushing Touchdown,2,5,10,14,0,9,12,6,27,-13,5
401628513,2024,regular,7,Maryland,Northwestern,401628513102879101,12,Rushing Touchdown,2,5,14,14,0,9,12,6,27,-13,5
401628514,2024,regular,7,Minnesota,UCLA,401628514101915001,10,Rushing Touchdown,1,2,3,7,0,9,0,0,9,-2,3
401628514,2024,regular,7,Minnesota,UCLA,401628514101915001,10,Rushing Touchdown,1,2,7,7,0,9,0,0,9,-2,3
401628517,2024,regular,7,Rutgers,Wisconsin,401628517101908901,8,Passing Touchdown,1,2,3,7,0,12,6,0,18,-11,6
401628517,2024,regular,7,Rutgers,Wisconsin,401628517101908901,8,Passing Touchdown,1,2,7,7,0,12,6,0,18,-11,6
401628517,2024,regular,7,Rutgers,Wisconsin,401628517101986001,8,Rushing Touchdown,1,6,10,14,0,12,6,0,18,-4,6
401628517,2024,regular,7,Rutgers,Wisconsin,401628517101986001,8,Rushing Touchdown,1,6,14,14,0,12,6,0,18,-4,6
401636892,2024,regular,7,Utah,Arizona State,401636892102916101,16,Rushing Touchdown,2,6,3,13,6,18,0,0,18,-5,6
401636892,2024,regular,7,Utah,Arizona State,401636892102916101,16,Rushing Touchdown,2,6,7,13,6,18,0,0,18,-5,6
401636894,2024,regular,7,Kansas State,Colorado,401636894101929301,9,Passing Touchdown,1,3,3,7,0,6,6,0,12,-5,6
401636894,2024,regular,7,Kansas State,Colorado,401636894101929301,9,Passing Touchdown,1,3,7,7,0,6,6,0,12,-5,6
401636895,2024,regular,7,UCF,Cincinnati,401636895102854301,16,Rushing Touchdown,2,6,7,10,0,3,9,0,12,-2,3
401636895,2024,regular,7,UCF,Cincinnati,401636895102854301,16,Rushing Touchdown,2,6,10,10,0,3,9,0,12,-2,3
401643727,2024,regular,7,New Mexico,Air Force,401643727101955001,17,Field Goal Good,1,2,3,3,0,30,0,0,30,-27,11
401643731,2024,regular,7,Oregon State,Nevada,401643731102895501,14,Rushing Touchdown,2,4,3,14,7,24,0,6,30,-16,8
401643731,2024,regular,7,Oregon State,Nevada,401643731102895501,14,Rushing Touchdown,2,4,7,14,7,24,0,6,30,-16,8
401643732,2024,regular,7,Wyoming,San Diego State,401643732101937201,4,Field Goal Good,1,5,3,3,0,0,0,6,6,-3,2
401643805,2024,regular,7,Georgia State,Old Dominion,401643805101988201,11,Rushing Touchdown,1,6,3,7,0,6,6,0,12,-5,9
401643805,2024,regular,7,Georgia State,Old Dominion,401643805101988201,11,Rushing Touchdown,1,6,7,7,0,6,6,0,12,-5,9
401643806,2024,regular,7,Louisiana,App State,401643806102897001,14,Passing Touchdown,2,5,3,7,3,9,0,0,9,-2,5
401643807,2024,regular,7,UL Monroe,Southern Miss,401643807101969101,12,Field Goal Good,1,4,3,3,0,6,0,0,6,-3,6
401645343,2024,regular,7,North Texas,Florida Atlantic,401645343102926501,11,Passing Touchdown,2,7,3,17,14,15,3,0,18,-1,11
401628398,2024,regular,8,Texas,Georgia,401628398102895301,7,Field Goal Good,2,9,10,10,0,6,9,0,15,-5,6
401635589,2024,regular,8,Miami,Louisville,401635589101928401,4,Rushing Touchdown,1,3,3,7,3,6,0,6,12,-5,2
401636897,2024,regular,8,Arizona,Colorado,401636897101938301,12,Passing Touchdown,1,3,10,14,0,9,9,0,18,-4,4
401636897,2024,regular,8,Arizona,Colorado,401636897101938301,12,Passing Touchdown,1,3,14,14,0,9,9,0,18,-4,4
401636902,2024,regular,8,Texas Tech,Baylor,401636902101944501,4,Rushing Touchdown,1,4,3,7,0,6,6,0,12,-5,4
401636902,2024,regular,8,Texas Tech,Baylor,401636902101944501,4,Rushing Touchdown,1,4,7,7,0,6,6,0,12,-5,4
401636902,2024,regular,8,Texas Tech,Baylor,401636902102896901,5,Field Goal Good,2,9,10,17,7,18,6,0,24,-7,7
401636903,2024,regular,8,Utah,TCU,401636903102867001,11,Field Goal Good,2,7,3,3,0,9,0,0,9,-6,9
401643736,2024,regular,8,Washington State,Hawai'i,401643736101964501,10,Field Goal Good,1,2,3,3,0,6,0,0,6,-3,6
401643739,2024,regular,8,UNLV,Oregon State,401643739102914401,14,Rushing Touchdown,2,3,7,10,3,15,0,0,15,-5,7
401643812,2024,regular,8,James Madison,Georgia Southern,401643812102965101,20,Passing Touchdown,2,10,10,14,0,18,0,0,18,-4,4
401643812,2024,regular,8,James Madison,Georgia Southern,401643812102965101,20,Passing Touchdown,2,10,14,14,0,18,0,0,18,-4,4
401643813,2024,regular,8,Texas State,Old Dominion,-19565,13,Rushing Touchdown,2,9,10,14,0,15,0,0,15,-1,7
401643813,2024,regular,8,Texas State,Old Dominion,-19565,13,Rushing Touchdown,2,9,14,14,0,15,0,0,15,-1,7
401645345,2024,regular,8,South Florida,UAB,401645345101937501,10,Field Goal Good,1,4,3,3,0,6,3,0,9,-6,7
401628404,2024,regular,9,Texas A&M,LSU,401628404101938401,11,Field Goal Good,1,3,3,3,0,6,6,0,12,-9,9
401634771,2024,regular,9,Louisville,Boston College,401634771102897501,12,Passing Touchdown,2,9,10,14,0,18,0,0,18,-4,4
401634771,2024,regular,9,Louisville,Boston College,401634771102897501,12,Passing Touchdown,2,9,14,14,0,18,0,0,18,-4,4
401635598,2024,regular,9,Virginia,North Carolina,401635598101947601,11,Passing Touchdown,1,3,3,7,3,15,6,6,27,-20,9
401635598,2024,regular,9,Virginia,North Carolina,401635598102924801,14,Field Goal Good,2,7,7,10,3,21,6,6,33,-23,10
401636905,2024,regular,9,Arizona,West Virginia,401636905101996801,12,Rushing Touchdown,1,3,7,10,0,18,0,0,18,-8,4
401636905,2024,regular,9,Arizona,West Virginia,401636905101996801,12,Rushing Touchdown,1,3,10,10,0,18,0,0,18,-8,4
401636906,2024,regular,9,Baylor,Oklahoma State,401636906101899901,9,Field Goal Good,1,2,3,3,0,6,0,0,6,-3,6
401636911,2024,regular,9,UCF,BYU,401636911102854601,20,Field Goal Good,2,3,10,10,0,27,3,0,30,-20,11
401643745,2024,regular,9,Utah State,Wyoming,401643745102888001,13,Rushing Touchdown,2,6,3,10,7,12,0,0,12,-2,10
401643815,2024,regular,9,Georgia Southern,Old Dominion,401643815101919201,9,Passing Touchdown,1,3,3,7,0,18,6,0,24,-17,8
401643815,2024,regular,9,Georgia Southern,Old Dominion,401643815101919201,9,Passing Touchdown,1,3,7,7,0,18,6,0,24,-17,8
401643815,2024,regular,9,Georgia Southern,Old Dominion,401643815101988201,11,Passing Touchdown,1,5,10,13,0,24,6,0,30,-17,8
401644754,2024,regular,9,Toledo,Bowling Green,401644754102914405,10,Passing Touchdown,2,8,10,21,10,24,0,6,30,-9,9
401628408,2024,regular,10,Georgia,Florida,401628408102927701,10,Field Goal Good,2,8,7,10,3,12,0,0,12,-2,5
401628535,2024,regular,10,Iowa,Wisconsin,401628535101938401,18,Field Goal Good,1,2,3,3,0,6,0,0,6,-3,3
401628537,2024,regular,10,Nebraska,UCLA,401628537102865201,12,Passing Touchdown,2,3,7,10,0,9,0,6,15,-5,6
401628537,2024,regular,10,Nebraska,UCLA,401628537102865201,12,Passing Touchdown,2,3,10,10,0,9,0,6,15,-5,6
401628538,2024,regular,10,Purdue,Northwestern,401628538101927801,13,Field Goal Good,1,2,3,3,0,18,0,0,18,-15,6
401628540,2024,regular,10,USC,Washington,401628540101935501,11,Field Goal Good,1,4,3,3,0,12,6,0,18,-15,4
401628540,2024,regular,10,USC,Washington,401628540101997801,10,Rushing Touchdown,1,6,7,10,0,6,6,0,12,-2,3
401628540,2024,regular,10,USC,Washington,401628540101997801,10,Rushing Touchdown,1,6,10,10,0,6,6,0,12,-2,3
401635600,2024,regular,10,Clemson,Louisville,401635600101956001,9,Field Goal Good,1,4,3,3,0,18,6,0,24,-21,8
401635602,2024,regular,10,North Carolina,Florida State,401635602101906601,7,Field Goal Good,1,3,3,3,0,6,0,0,6,-3,6
401636913,2024,regular,10,Kansas State,Houston,401636913102854301,6,Rushing Touchdown,2,4,3,7,3,6,6,0,12,-5,4
401636913,2024,regular,10,Kansas State,Houston,401636913102916201,9,Field Goal Good,2,6,7,10,3,12,6,0,18,-8,4
401640985,2024,regular,10,Florida International,New Mexico State,401640985102866901,9,Field Goal Good,2,5,3,3,0,6,3,0,9,-6,3
401641026,2024,regular,10,UTEP,Middle Tennessee,401641026101927001,8,Field Goal Good,1,2,3,3,0,6,0,0,6,-3,6
401643820,2024,regular,10,Texas State,Louisiana,401643820102989101,18,Passing Touchdown,2,8,3,14,6,12,3,0,15,-1,7
401643820,2024,regular,10,Texas State,Louisiana,401643820102989101,18,Passing Touchdown,2,8,7,14,6,12,3,0,15,-1,7
401644758,2024,regular,10,Toledo,Eastern Michigan,401644758101986001,11,Passing Touchdown,1,6,3,7,0,9,6,0,15,-8,5
401644758,2024,regular,10,Toledo,Eastern Michigan,401644758101986001,11,Passing Touchdown,1,6,7,7,0,9,6,0,15,-8,5
401645357,2024,regular,10,South Florida,Florida Atlantic,401645357101979001,10,Rushing Touchdown,1,4,3,7,0,12,0,0,12,-5,10
401645357,2024,regular,10,South Florida,Florida Atlantic,401645357101979001,10,Rushing Touchdown,1,4,7,7,0,12,0,0,12,-5,10
401628541,2024,regular,11,Indiana,Michigan,401628541101949801,16,Field Goal Good,1,2,3,3,0,0,12,0,12,-9,0
401635608,2024,regular,11,NC State,Duke,401635608101936001,4,Field Goal Good,1,5,3,5,0,6,6,2,14,-9,3
401635610,2024,regular,11,Pittsburgh,Virginia,401635610102858201,7,Rushing Touchdown,2,6,3,7,0,6,6,0,12,-5,7
401635610,2024,regular,11,Pittsburgh,Virginia,401635610102858201,7,Rushing Touchdown,2,6,7,7,0,6,6,0,12,-5,7
401636919,2024,regular,11,Iowa State,Kansas,401636919101998001,8,Rushing Touchdown,1,5,3,14,7,18,0,0,18,-4,8
401636919,2024,regular,11,Iowa State,Kansas,401636919101998001,8,Rushing Touchdown,1,5,7,14,7,18,0,0,18,-4,8
401636921,2024,regular,11,Colorado,Texas Tech,401636921101929501,9,Field Goal Good,1,3,10,10,0,12,0,0,12,-2,8
401643751,2024,regular,11,Fresno State,Air Force,401643751102955401,15,Passing Touchdown,2,4,3,14,7,12,9,0,21,-7,4
401643751,2024,regular,11,Fresno State,Air Force,401643751102955401,15,Passing Touchdown,2,4,7,14,7,12,9,0,21,-7,4
401643755,2024,regular,11,Oregon State,San José State,401643755102938801,11,Field Goal Good,2,9,7,10,3,6,6,6,18,-8,10
401643825,2024,regular,11,App State,Coastal Carolina,401643825101969601,9,Rushing Touchdown,1,3,10,14,0,9,6,0,15,-1,6
401643825,2024,regular,11,App State,Coastal Carolina,401643825101969601,9,Rushing Touchdown,1,3,14,14,0,9,6,0,15,-1,6
401628420,2024,regular,12,LSU,Florida,401628420101928701,5,Passing Touchdown,1,4,3,7,0,12,0,0,12,-5,4
401628420,2024,regular,12,LSU,Florida,401628420101928701,5,Passing Touchdown,1,4,7,7,0,12,0,0,12,-5,4
401628421,2024,regular,12,Georgia,Tennessee,401628421101899001,14,Rushing Touchdown,1,2,3,7,0,6,3,0,9,-2,2
401628421,2024,regular,12,Georgia,Tennessee,401628421101899001,14,Rushing Touchdown,1,2,7,7,0,6,3,0,9,-2,2
401628548,2024,regular,12,Maryland,Rutgers,401628548102917801,20,Passing Touchdown,2,5,3,7,3,9,12,0,21,-14,4
401629046,2024,regular,12,Liberty,Massachusetts,401629046102927901,14,Field Goal Good,2,5,10,10,0,24,0,0,24,-14,9
401635517,2024,regular,12,Louisville,Stanford,401635517101924001,4,Field Goal Good,1,3,3,3,0,6,0,0,6,-3,2
401635581,2024,regular,12,California,Syracuse,401635581102866201,15,Rushing Touchdown,2,5,7,13,0,15,3,0,18,-5,5
401635581,2024,regular,12,California,Syracuse,401635581102866201,15,Rushing Touchdown,2,5,10,13,0,15,3,0,18,-5,5
401635583,2024,regular,12,North Carolina,Wake Forest,401635583101967801,13,Field Goal Good,1,4,3,3,0,6,6,0,12,-9,4
401636925,2024,regular,12,Colorado,Utah,401636925101899101,9,Field Goal Good,1,2,3,3,0,6,3,0,9,-6,6
401636927,2024,regular,12,Kansas State,Arizona State,401636927102858101,15,Passing Touchdown,2,6,10,14,0,9,6,0,15,-1,3
401636927,2024,regular,12,Kansas State,Arizona State,401636927102858101,15,Passing Touchdown,2,6,14,14,0,9,6,0,15,-1,3
401640986,2024,regular,12,Jacksonville State,Florida International,401640986102854501,11,Rushing Touchdown,2,3,7,10,3,12,0,0,12,-2,5
401641022,2024,regular,12,Sam Houston,Kennesaw State,401641022102898201,15,Field Goal Good,2,7,3,3,0,0,12,0,12,-9,3
401643760,2024,regular,12,Hawai'i,Utah State,401643760101946801,7,Field Goal Good,1,5,10,10,0,24,0,0,24,-14,11
401643760,2024,regular,12,Hawai'i,Utah State,401643760102914101,15,Passing Touchdown,2,11,21,24,0,42,0,0,42,-18,12
401644763,2024,regular,12,Buffalo,Ball State,401644763102854401,8,Passing Touchdown,2,5,3,14,7,12,9,0,21,-7,9
401644763,2024,regular,12,Buffalo,Ball State,401644763102854401,8,Passing Touchdown,2,5,7,14,7,12,9,0,21,-7,9
401645368,2024,regular,12,Charlotte,South Florida,401645368102935801,8,Rushing Touchdown,2,9,3,14,10,27,0,6,33,-19,9
401628429,2024,regular,13,Ole Miss,Florida,401628429102854301,12,Passing Touchdown,2,4,3,7,0,12,3,0,15,-8,8
401628429,2024,regular,13,Ole Miss,Florida,401628429102854301,12,Passing Touchdown,2,4,7,7,0,12,3,0,15,-8,8
401628433,2024,regular,13,Alabama,Oklahoma,401628433102996201,13,Rushing Touchdown,2,9,3,10,3,3,6,6,15,-5,6
401628433,2024,regular,13,Alabama,Oklahoma,401628433102996201,13,Rushing Touchdown,2,9,7,10,3,3,6,6,15,-5,6
401628559,2024,regular,13,Penn State,Minnesota,401628559101914201,9,Rushing Touchdown,1,2,3,7,0,9,0,0,9,-2,7
401628559,2024,regular,13,Penn State,Minnesota,401628559101914201,9,Rushing Touchdown,1,2,7,7,0,9,0,0,9,-2,7
401628572,2024,regular,13,Washington State,Oregon State,401628572101929401,12,Rushing Touchdown,1,2,3,7,0,15,0,0,15,-8,9
401628572,2024,regular,13,Washington State,Oregon State,401628572101929401,12,Rushing Touchdown,1,2,7,7,0,15,0,0,15,-8,9
401635612,2024,regular,13,North Carolina,Boston College,401635612102865801,14,Rushing Touchdown,2,2,7,10,0,6,15,6,27,-17,3
401635612,2024,regular,13,North Carolina,Boston College,401635612102865801,14,Rushing Touchdown,2,2,10,10,0,6,15,6,27,-17,3
401636932,2024,regular,13,Colorado,Kansas,401636932101976001,13,Field Goal Good,1,3,10,10,0,15,0,0,15,-5,12
401640987,2024,regular,13,Florida International,Kennesaw State,401640987102898001,11,Rushing Touchdown,2,5,7,10,0,9,9,0,18,-8,6
401640987,2024,regular,13,Florida International,Kennesaw State,401640987102898001,11,Rushing Touchdown,2,5,10,10,0,9,9,0,18,-8,6
401641027,2024,regular,13,Middle Tennessee,New Mexico State,401641027101977701,15,Field Goal Good,1,3,10,10,0,24,0,6,30,-20,10
401643763,2024,regular,13,Nevada,Air Force,401643763102854401,16,Rushing Touchdown,2,4,3,7,0,6,6,0,12,-5,2
401643763,2024,regular,13,Nevada,Air Force,401643763102854401,16,Rushing Touchdown,2,4,7,7,0,6,6,0,12,-5,2
401643766,2024,regular,13,Utah State,San Diego State,401643766101999501,11,Field Goal Good,1,5,3,3,0,9,0,0,9,-6,11
401643838,2024,regular,13,Old Dominion,Marshall,401643838101884401,4,Field Goal Good,1,3,3,3,0,6,0,0,6,-3,4
401643838,2024,regular,13,Old Dominion,Marshall,401643838102854701,9,Passing Touchdown,2,9,7,10,0,21,3,0,24,-14,8
401643838,2024,regular,13,Old Dominion,Marshall,401643838102854701,9,Passing Touchdown,2,9,10,10,0,21,3,0,24,-14,8
401643842,2024,regular,13,Texas State,Georgia State,401643842101885901,7,Rushing Touchdown,1,2,3,7,0,15,6,0,21,-14,11
401643842,2024,regular,13,Texas State,Georgia State,401643842101885901,7,Rushing Touchdown,1,2,7,7,0,15,6,0,21,-14,11
401644772,2024,regular,13,Eastern Michigan,Buffalo,401644772102907601,3,Safety,2,11,10,10,0,12,0,0,12,-2,2
401644772,2024,regular,13,Eastern Michigan,Buffalo,401644772102979101,18,Passing Touchdown,2,12,14,17,0,18,0,8,26,-9,5
401644773,2024,regular,13,Toledo,Ohio,401644773104858001,13,Rushing Touchdown,4,18,3,14,7,15,0,0,15,-1,5
401644773,2024,regular,13,Toledo,Ohio,401644773104858001,13,Rushing Touchdown,4,18,7,14,7,15,0,0,15,-1,5
401645373,2024,regular,13,Rice,UAB,401645373101947101,7,Rushing Touchdown,1,5,3,14,7,6,9,0,15,-1,4
401645373,2024,regular,13,Rice,UAB,401645373101947101,7,Rushing Touchdown,1,5,7,14,7,6,9,0,15,-1,4
401628439,2024,regular,14,Georgia,Georgia Tech,401628439102955901,9,Rushing Touchdown,2,7,7,10,0,12,6,0,18,-8,10
401628439,2024,regular,14,Georgia,Georgia Tech,401628439102955901,9,Rushing Touchdown,2,7,10,10,0,12,6,0,18,-8,10
401628439,2024,regular,14,Georgia,Georgia Tech,401628439102996901,12,Passing Touchdown,2,9,14,17,0,21,6,0,27,-10,10
401635622,2024,regular,14,Duke,Wake Forest,401635622102948601,11,Field Goal Good,2,9,7,10,3,6,6,0,12,-2,3
401635625,2024,regular,14,San José State,Stanford,401635625101945001,14,Field Goal Good,1,3,3,3,0,12,0,6,18,-15,5
401636939,2024,regular,14,UCF,Utah,401636939101934701,7,Field Goal Good,1,2,3,3,0,0,0,12,12,-9,2
401640997,2024,regular,14,Liberty,Sam Houston,401640997102898501,15,Passing Touchdown,2,9,7,10,2,6,6,0,12,-2,5
401641031,2024,regular,14,New Mexico State,UTEP,401641031101885401,6,Fumble Return Touchdown,1,2,3,7,0,12,0,6,18,-11,6
401641031,2024,regular,14,New Mexico State,UTEP,401641031101885401,6,Fumble Return Touchdown,1,2,7,7,0,12,0,6,18,-11,6
401643771,2024,regular,14,New Mexico,Hawai'i,401643771101926201,12,Passing Touchdown,1,2,3,7,0,18,0,0,18,-11,11
401643771,2024,regular,14,New Mexico,Hawai'i,401643771101926201,12,Passing Touchdown,1,2,7,7,0,18,0,0,18,-11,11
401643848,2024,regular,14,Louisiana,UL Monroe,401643848101927301,8,Field Goal Good,1,3,3,3,0,6,0,0,6,-3,5
401643849,2024,regular,14,Troy,Southern Miss,401643849101878801,4,Rushing Touchdown,1,2,3,8,0,12,0,0,12,-4,4
401643849,2024,regular,14,Troy,Southern Miss,401643849101878801,4,Rushing Touchdown,1,2,7,8,0,12,0,0,12,-4,4
401645379,2024,regular,14,East Carolina,Navy,401645379103934101,15,Rushing Touchdown,3,15,3,7,3,18,6,0,24,-17,8
401645380,2024,regular,14,Tulsa,Florida Atlantic,401645380101907001,8,Passing Touchdown,1,2,3,7,0,36,0,6,42,-35,11
401645380,2024,regular,14,Tulsa,Florida Atlantic,401645380101907001,8,Passing Touchdown,1,2,7,7,0,36,0,6,42,-35,11
401645380,2024,regular,14,Tulsa,Florida Atlantic,401645380102909601,5,Rushing Touchdown,2,13,14,21,2,24,0,6,30,-9,9
401645382,2024,regular,14,South Florida,Rice,401645382101997701,8,Field Goal Good,1,7,10,17,7,18,0,0,18,-1,12
401673462,2024,regular,15,Tulane,Army,401673462101965101,12,Rushing Touchdown,1,2,3,7,0,6,6,0,12,-5,7
401673462,2024,regular,15,Tulane,Army,401673462101965101,12,Rushing Touchdown,1,2,7,7,0,6,6,0,12,-5,7
401673467,2024,regular,15,Miami (OH),Ohio,401673467101968301,12,Rushing Touchdown,1,2,3,7,3,12,0,0,12,-5,7
401673467,2024,regular,15,Miami (OH),Ohio,401673467102947001,21,Rushing Touchdown,2,4,7,14,3,27,0,0,27,-13,8
401673467,2024,regular,15,Miami (OH),Ohio,401673467102947001,21,Rushing Touchdown,2,4,10,14,3,27,0,0,27,-13,8
401673469,2024,regular,15,Texas,Georgia,401673469103897201,11,Rushing Touchdown,3,11,3,10,6,3,9,0,12,-2,1
401673470,2024,regular,15,Louisiana,Marshall,401673470101959501,10,Passing Touchdown,1,4,3,7,3,9,0,0,9,-2,7
