game_id,fav_deficit,final_fav_won,final_fav_score,final_dog_score,margin_of_defeat
400852668,3,True,45,37,
400852683,3,True,27,16,
400852685,3,True,31,29,
400852685,7,True,31,29,
400852685,10,True,31,29,
400852685,14,True,31,29,
400852686,3,False,28,47,19.0
400852686,7,False,28,47,19.0
400852686,10,False,28,47,19.0
400852686,14,False,28,47,19.0
400852686,21,False,28,47,19.0
400852687,3,True,45,35,
400852687,7,True,45,35,
400852687,10,True,45,35,
400852687,14,True,45,35,
400852708,3,False,21,23,2.0
400852708,7,False,21,23,2.0
400852708,10,False,21,23,2.0
400852709,3,False,17,32,15.0
400852709,7,False,17,32,15.0
400852709,10,False,17,32,15.0
400852709,14,False,17,32,15.0
400852711,3,False,27,58,31.0
400852711,7,False,27,58,31.0
400852711,10,False,27,58,31.0
400852711,14,False,27,58,31.0
400852711,21,False,27,58,31.0
400852713,3,True,45,31,
400852713,7,True,45,31,
400852714,3,False,7,42,35.0
400852714,7,False,7,42,35.0
400852714,10,False,7,42,35.0
400852714,14,False,7,42,35.0
400852714,21,False,7,42,35.0
400852718,3,False,41,44,3.0
400852718,7,False,41,44,3.0
400852718,10,False,41,44,3.0
400852719,3,True,55,52,
400852719,7,True,55,52,
400852720,3,False,29,37,8.0
400852720,7,False,29,37,8.0
400852720,10,False,29,37,8.0
400852720,14,False,29,37,8.0
400852721,3,True,44,28,
400852721,7,True,44,28,
400852722,3,True,21,14,
400852723,3,True,55,36,
400852723,7,True,55,36,
400852724,3,True,49,38,
400852724,7,True,49,38,
400852725,3,False,23,28,5.0
400852725,7,False,23,28,5.0
400852729,3,False,21,27,6.0
400852729,7,False,21,27,6.0
400852729,10,False,21,27,6.0
400852730,3,False,21,23,2.0
400852730,7,False,21,23,2.0
400852730,10,False,21,23,2.0
400852731,3,False,24,38,14.0
400852731,7,False,24,38,14.0
400852731,10,False,24,38,14.0
400852731,14,False,24,38,14.0
400852733,3,False,17,37,20.0
400852733,7,False,17,37,20.0
400852733,10,False,17,37,20.0
400852733,14,False,17,37,20.0
400852738,3,True,48,20,
400852740,3,True,45,23,
400852740,7,True,45,23,
400852742,3,False,42,43,1.0
400852742,7,False,42,43,1.0
400852743,3,True,45,40,
400852743,7,True,45,40,
400603836,3,True,34,16,
400603839,3,False,12,14,2.0
400603839,7,False,12,14,2.0
400603840,3,True,17,13,
400603840,7,True,17,13,
400756891,3,False,6,16,10.0
400756891,7,False,6,16,10.0
400756891,10,False,6,16,10.0
400756904,3,True,34,16,
400756905,3,True,42,24,
400763399,3,True,24,13,
400763495,3,False,28,33,5.0
400763495,7,False,28,33,5.0
400763495,10,False,28,33,5.0
400763497,3,False,10,27,17.0
400763497,7,False,10,27,17.0
400763497,10,False,10,27,17.0
400763497,14,False,10,27,17.0
400763498,3,False,31,41,10.0
400763498,7,False,31,41,10.0
400763498,10,False,31,41,10.0
400763587,3,False,20,23,3.0
400763587,7,False,20,23,3.0
400763587,10,False,20,23,3.0
400763587,14,False,20,23,3.0
400763588,3,False,34,38,4.0
400763592,3,True,47,44,
400763592,7,True,47,44,
400763592,10,True,47,44,
400763593,3,False,14,15,1.0
400787115,3,True,38,30,
400787115,7,True,38,30,
400787115,10,True,38,30,
400787115,14,True,38,30,
400787302,3,True,45,28,
400787302,7,True,45,28,
400787302,10,True,45,28,
400787302,14,True,45,28,
400834350,3,True,59,30,
400603861,3,False,12,16,4.0
400603861,7,False,12,16,4.0
400603862,3,True,27,20,
400603862,7,True,27,20,
400603864,3,True,31,24,
400603864,7,True,31,24,
400603867,3,False,22,26,4.0
400603867,7,False,22,26,4.0
400603867,10,False,22,26,4.0
400603867,14,False,22,26,4.0
400603868,3,True,31,24,
400603868,7,True,31,24,
400603868,10,True,31,24,
400603868,14,True,31,24,
400756911,3,False,31,34,3.0
400756911,7,False,31,34,3.0
400756915,3,True,24,7,
400756916,3,True,30,17,
400757019,3,True,35,7,
400757019,7,True,35,7,
400757021,3,False,34,37,3.0
400757021,7,False,34,37,3.0
400757021,10,False,34,37,3.0
400757021,14,False,34,37,3.0
400757022,3,True,35,7,
400757022,7,True,35,7,
400760492,3,True,22,17,
400760492,7,True,22,17,
400763409,3,True,31,17,
400763409,7,True,31,17,
400763410,3,True,55,23,
400763410,7,True,55,23,
400763410,10,True,55,23,
400763414,3,True,30,3,
400763499,3,True,23,20,
400763499,7,True,23,20,
400763501,3,True,36,22,
400763501,7,True,36,22,
400763502,3,False,27,48,21.0
400763502,7,False,27,48,21.0
400763502,10,False,27,48,21.0
400763502,14,False,27,48,21.0
400763502,21,False,27,48,21.0
400763595,3,False,10,21,11.0
400763595,7,False,10,21,11.0
400763595,10,False,10,21,11.0
400764862,3,False,26,34,8.0
400764862,7,False,26,34,8.0
400764862,10,False,26,34,8.0
400764862,14,False,26,34,8.0
400764862,21,False,26,34,8.0
400764863,3,False,21,40,19.0
400764863,7,False,21,40,19.0
400764863,10,False,21,40,19.0
400764863,14,False,21,40,19.0
400787118,3,False,24,35,11.0
400787118,7,False,24,35,11.0
400787118,10,False,24,35,11.0
400787119,3,False,29,48,19.0
400787119,7,False,29,48,19.0
400787119,10,False,29,48,19.0
400787119,14,False,29,48,19.0
400787119,21,False,29,48,19.0
400787308,3,False,17,43,26.0
400787308,7,False,17,43,26.0
400787308,10,False,17,43,26.0
400787308,14,False,17,43,26.0
400787308,21,False,17,43,26.0
400787415,3,False,32,34,2.0
400787415,7,False,32,34,2.0
400787415,10,False,32,34,2.0
400787415,14,False,32,34,2.0
400603850,3,False,37,43,6.0
400603850,7,False,37,43,6.0
400603850,10,False,37,43,6.0
400603850,14,False,37,43,6.0
400603851,3,False,24,35,11.0
400603851,7,False,24,35,11.0
400603851,10,False,24,35,11.0
400603856,3,True,9,6,
400756921,3,False,10,19,9.0
400756921,7,False,10,19,9.0
400756927,3,True,30,27,
400756929,3,True,51,24,
400756930,3,True,17,14,
400756930,7,True,17,14,
400757026,3,False,31,41,10.0
400757026,7,False,31,41,10.0
400757026,10,False,31,41,10.0
400757027,3,True,24,23,
400757027,7,True,24,23,
400757027,10,True,24,23,
400757028,3,False,24,27,3.0
400757028,7,False,24,27,3.0
400757029,3,True,45,24,
400757031,3,True,35,21,
400757031,7,True,35,21,
400757033,3,True,31,14,
400757033,7,True,31,14,
400757034,3,True,45,44,
400757034,7,True,45,44,
400757034,10,True,45,44,
400763417,3,True,39,33,
400763417,7,True,39,33,
400763420,3,True,56,37,
400763420,7,True,56,37,
400763509,3,True,38,35,
400763509,7,True,38,35,
400763509,10,True,38,35,
400763510,3,True,35,17,
400763510,7,True,35,17,
400763514,3,True,20,13,
400763514,7,True,20,13,
400763604,3,True,50,47,
400763604,7,True,50,47,
400763604,10,True,50,47,
400763604,14,True,50,47,
400763605,3,True,38,24,
400763606,3,False,50,56,6.0
400763606,7,False,50,56,6.0
400763606,10,False,50,56,6.0
400763606,14,False,50,56,6.0
400763606,21,False,50,56,6.0
400764864,3,True,44,41,
400764864,7,True,44,41,
400764864,10,True,44,41,
400764865,3,True,37,33,
400764869,3,True,25,23,
400787243,3,False,27,34,7.0
400787311,3,True,28,17,
400787311,7,True,28,17,
400787311,10,True,28,17,
400787311,14,True,28,17,
400603842,3,True,28,21,
400603842,7,True,28,21,
400603843,3,False,9,17,8.0
400603843,7,False,9,17,8.0
400603843,10,False,9,17,8.0
400603843,14,False,9,17,8.0
400603844,3,True,28,27,
400603844,7,True,28,27,
400603844,10,True,28,27,
400603846,3,True,21,13,
400603846,7,True,21,13,
400603847,3,True,27,16,
400603848,3,True,31,14,
400603848,7,True,31,14,
400756933,3,False,20,34,14.0
400756933,7,False,20,34,14.0
400756933,10,False,20,34,14.0
400756933,14,False,20,34,14.0
400756936,3,True,63,13,
400756936,7,True,63,13,
400756937,3,False,28,35,7.0
400756937,7,False,28,35,7.0
400756937,10,False,28,35,7.0
400756937,14,False,28,35,7.0
400757036,3,True,56,30,
400757036,7,True,56,30,
400757039,3,False,20,62,42.0
400757039,7,False,20,62,42.0
400757039,10,False,20,62,42.0
400757039,14,False,20,62,42.0
400757039,21,False,20,62,42.0
400757040,3,True,30,24,
400763422,3,True,70,17,
400763424,3,True,30,27,
400763425,3,True,55,52,
400763521,3,True,27,24,
400763521,7,True,27,24,
400763523,3,True,24,19,
400763526,3,False,28,35,7.0
400763526,7,False,28,35,7.0
400763608,3,True,36,29,
400763608,7,True,36,29,
400763608,10,True,36,29,
400763612,3,True,33,31,
400763612,7,True,33,31,
400764870,3,True,53,46,
400764870,7,True,53,46,
400764871,3,True,28,18,
400603878,3,False,10,38,28.0
400603878,7,False,10,38,28.0
400603878,10,False,10,38,28.0
400603878,14,False,10,38,28.0
400603878,21,False,10,38,28.0
400603882,3,False,13,17,4.0
400603884,3,False,20,24,4.0
400603884,7,False,20,24,4.0
400756942,3,False,31,38,7.0
400756942,7,False,31,38,7.0
400756942,10,False,31,38,7.0
400756943,3,False,13,20,7.0
400756943,7,False,13,20,7.0
400756943,10,False,13,20,7.0
400756943,14,False,13,20,7.0
400756945,3,False,13,17,4.0
400756945,7,False,13,17,4.0
400756945,10,False,13,17,4.0
400757042,3,False,23,38,15.0
400757042,7,False,23,38,15.0
400757042,10,False,23,38,15.0
400757042,14,False,23,38,15.0
400757043,3,True,41,24,
400757043,7,True,41,24,
400757044,3,True,34,28,
400757044,7,True,34,28,
400757044,10,True,34,28,
400757044,14,True,34,28,
400760494,3,False,14,20,6.0
400760494,7,False,14,20,6.0
400760494,10,False,14,20,6.0
400763429,3,True,36,34,
400763429,7,True,36,34,
400763429,10,True,36,34,
400763429,14,True,36,34,
400763529,3,True,34,27,
400763529,7,True,34,27,
400763529,10,True,34,27,
400763533,3,False,6,10,4.0
400763533,7,False,6,10,4.0
400763617,3,True,49,10,
400764873,3,False,23,34,11.0
400764873,7,False,23,34,11.0
400764873,10,False,23,34,11.0
400764874,3,True,30,13,
400764875,3,True,24,17,
400764875,7,True,24,17,
400764875,10,True,24,17,
400764877,3,True,49,23,
400764877,7,True,49,23,
400764877,10,True,49,23,
400764877,14,True,49,23,
400764878,3,False,31,45,14.0
400764878,7,False,31,45,14.0
400764878,10,False,31,45,14.0
400764878,14,False,31,45,14.0
400764878,21,False,31,45,14.0
400764879,3,True,38,24,
400787249,3,True,33,18,
400787249,7,True,33,18,
400787251,3,False,17,23,6.0
400787251,7,False,17,23,6.0
400787251,10,False,17,23,6.0
400787252,3,True,38,29,
400787252,7,True,38,29,
400787252,10,True,38,29,
400787252,14,True,38,29,
400787315,3,False,19,29,10.0
400787315,7,False,19,29,10.0
400787315,10,False,19,29,10.0
400787315,14,False,19,29,10.0
400787316,3,True,14,12,
400787444,3,True,49,35,
400787444,7,True,49,35,
400787447,3,False,18,24,6.0
400787447,7,False,18,24,6.0
400787447,10,False,18,24,6.0
400603899,3,True,27,14,
400603903,3,False,24,45,21.0
400603903,7,False,24,45,21.0
400603903,10,False,24,45,21.0
400603903,14,False,24,45,21.0
400603903,21,False,24,45,21.0
400603904,3,False,31,38,7.0
400603904,7,False,31,38,7.0
400756946,3,True,28,13,
400756946,7,True,28,13,
400756946,10,True,28,13,
400756947,3,False,0,3,3.0
400757045,3,False,12,17,5.0
400757045,7,False,12,17,5.0
400757045,10,False,12,17,5.0
400757048,3,True,30,24,
400757049,3,False,38,45,7.0
400757049,7,False,38,45,7.0
400763433,3,True,52,45,
400763433,7,True,52,45,
400763433,10,True,52,45,
400763433,14,True,52,45,
400763434,3,False,17,24,7.0
400763434,7,False,17,24,7.0
400763434,10,False,17,24,7.0
400763434,14,False,17,24,7.0
400763436,3,False,26,33,7.0
400763436,7,False,26,33,7.0
400763436,10,False,26,33,7.0
400763436,14,False,26,33,7.0
400763536,3,False,21,23,2.0
400763536,7,False,21,23,2.0
400763537,3,True,49,28,
400763537,7,True,49,28,
400763539,3,True,41,13,
400763540,3,True,31,24,
400763540,7,True,31,24,
400763584,3,True,41,24,
400763584,7,True,41,24,
400763621,3,False,26,27,1.0
400763621,7,False,26,27,1.0
400763623,3,True,31,10,
400763623,7,True,31,10,
400764880,3,True,49,28,
400764880,7,True,49,28,
400764881,3,True,45,38,
400764881,7,True,45,38,
400764881,10,True,45,38,
400764881,14,True,45,38,
400764882,3,True,49,10,
400764883,3,True,34,24,
400764884,3,False,13,40,27.0
400764884,7,False,13,40,27.0
400764884,10,False,13,40,27.0
400764884,14,False,13,40,27.0
400764884,21,False,13,40,27.0
400787258,3,True,35,17,
400787320,3,True,38,7,
400787320,7,True,38,7,
400787321,3,True,62,38,
400787324,3,True,59,41,
400787324,7,True,59,41,
400787324,10,True,59,41,
400603892,3,True,9,6,
400603893,3,True,35,28,
400603893,7,True,35,28,
400603894,3,False,24,37,13.0
400603894,7,False,24,37,13.0
400603894,10,False,24,37,13.0
400603894,14,False,24,37,13.0
400603895,3,True,45,20,
400603895,7,True,45,20,
400603895,10,True,45,20,
400603895,14,True,45,20,
400603896,3,True,19,10,
400756953,3,True,34,17,
400756953,7,True,34,17,
400756954,3,True,41,21,
400756955,3,False,28,31,3.0
400756955,7,False,28,31,3.0
400756957,3,True,50,14,
400756957,7,True,50,14,
400756958,3,True,44,38,
400756958,7,True,44,38,
400756958,10,True,44,38,
400757051,3,True,38,31,
400757051,7,True,38,31,
400757052,3,True,34,18,
400757053,3,True,41,31,
400757053,7,True,41,31,
400763438,3,True,45,21,
400763438,7,True,45,21,
400763541,3,False,52,55,3.0
400763542,3,False,23,27,4.0
400763543,3,True,48,25,
400763543,7,True,48,25,
400763545,3,True,38,10,
400763628,3,True,42,34,
400763630,3,True,37,34,
400763630,7,True,37,34,
400763630,10,True,37,34,
400764886,3,True,38,24,
400764886,7,True,38,24,
400764886,10,True,38,24,
400764886,14,True,38,24,
400764887,3,False,20,28,8.0
400764887,7,False,20,28,8.0
400764887,10,False,20,28,8.0
400764887,14,False,20,28,8.0
400787262,3,True,28,27,
400787262,7,True,28,27,
400787262,10,True,28,27,
400787264,3,False,21,28,7.0
400787264,7,False,21,28,7.0
400787264,10,False,21,28,7.0
400787264,14,False,21,28,7.0
400787264,21,False,21,28,7.0
400787265,3,False,7,30,23.0
400787265,7,False,7,30,23.0
400787265,10,False,7,30,23.0
400787265,14,False,7,30,23.0
400787265,21,False,7,30,23.0
400787326,3,False,10,15,5.0
400787328,3,False,14,49,35.0
400787328,7,False,14,49,35.0
400787328,10,False,14,49,35.0
400787328,14,False,14,49,35.0
400787328,21,False,14,49,35.0
400787329,3,False,19,31,12.0
400787329,7,False,19,31,12.0
400787329,10,False,19,31,12.0
400787329,14,False,19,31,12.0
400787330,3,True,63,20,
400787450,3,True,49,31,
400787450,7,True,49,31,
400787450,10,True,49,31,
400787451,3,True,59,14,
400787451,7,True,59,14,
400787453,3,False,16,19,3.0
400787453,7,False,16,19,3.0
400787453,10,False,16,19,3.0
400790882,3,False,26,52,26.0
400790882,7,False,26,52,26.0
400790882,10,False,26,52,26.0
400790882,14,False,26,52,26.0
400790882,21,False,26,52,26.0
400603889,3,True,42,16,
400603889,7,True,42,16,
400603891,3,False,3,10,7.0
400603891,7,False,3,10,7.0
400756961,3,False,43,45,2.0
400756961,7,False,43,45,2.0
400756961,10,False,43,45,2.0
400756962,3,False,16,22,6.0
400756963,3,True,26,13,
400756965,3,True,23,20,
400756965,7,True,23,20,
400757056,3,True,40,24,
400757057,3,False,42,45,3.0
400757057,7,False,42,45,3.0
400757057,10,False,42,45,3.0
400757057,14,False,42,45,3.0
400757058,3,True,42,24,
400757058,7,True,42,24,
400757059,3,False,13,17,4.0
400757059,7,False,13,17,4.0
400760496,3,False,31,38,7.0
400760496,7,False,31,38,7.0
400760496,10,False,31,38,7.0
400760496,14,False,31,38,7.0
400763547,3,True,24,13,
400763548,3,True,31,30,
400763549,3,True,52,26,
400763549,7,True,52,26,
400763550,3,False,28,30,2.0
400763550,7,False,28,30,2.0
400763632,3,True,44,10,
400763636,3,False,17,27,10.0
400763636,7,False,17,27,10.0
400763636,10,False,17,27,10.0
400764890,3,False,14,24,10.0
400764890,7,False,14,24,10.0
400764890,10,False,14,24,10.0
400764892,3,True,37,13,
400764892,7,True,37,13,
400764894,3,True,38,14,
400764895,3,True,59,10,
400787266,3,True,42,14,
400787266,7,True,42,14,
400787266,10,True,42,14,
400787266,14,True,42,14,
400787268,3,True,30,20,
400787268,7,True,30,20,
400787268,10,True,30,20,
400787268,14,True,30,20,
400787269,3,True,31,21,
400787269,7,True,31,21,
400787333,3,False,17,41,24.0
400787333,7,False,17,41,24.0
400787333,10,False,17,41,24.0
400787333,14,False,17,41,24.0
400787333,21,False,17,41,24.0
400787336,3,True,23,21,
400787337,3,True,35,13,
400787338,3,True,51,35,
400787338,7,True,51,35,
400787338,10,True,51,35,
400787338,14,True,51,35,
400787455,3,True,31,13,
400787455,7,True,31,13,
400787456,3,False,13,27,14.0
400787456,7,False,13,27,14.0
400787456,10,False,13,27,14.0
400787456,14,False,13,27,14.0
400787458,3,True,36,18,
400790884,3,False,14,48,34.0
400790884,7,False,14,48,34.0
400790884,10,False,14,48,34.0
400790884,14,False,14,48,34.0
400790884,21,False,14,48,34.0
400603872,3,True,27,19,
400603872,7,True,27,19,
400603875,3,True,52,21,
400603875,7,True,52,21,
400603876,3,True,35,28,
400603876,7,True,35,28,
400756966,3,True,26,19,
400756967,3,True,20,19,
400756967,7,True,20,19,
400756967,10,True,20,19,
400756969,3,True,56,41,
400756970,3,False,27,30,3.0
400756970,7,False,27,30,3.0
400756970,10,False,27,30,3.0
400756970,14,False,27,30,3.0
400756971,3,True,45,21,
400756971,7,True,45,21,
400756972,3,False,21,27,6.0
400756972,7,False,21,27,6.0
400756972,10,False,21,27,6.0
400757063,3,True,27,21,
400757063,7,True,27,21,
400757064,3,True,35,31,
400757066,3,True,30,28,
400757066,7,True,30,28,
400757066,10,True,30,28,
400763446,3,False,0,24,24.0
400763446,7,False,0,24,24.0
400763446,10,False,0,24,24.0
400763446,14,False,0,24,24.0
400763446,21,False,0,24,24.0
400763448,3,True,70,53,
400763448,7,True,70,53,
400763448,10,True,70,53,
400763448,14,True,70,53,
400763553,3,True,29,26,
400763555,3,False,45,55,10.0
400763555,7,False,45,55,10.0
400763555,10,False,45,55,10.0
400763555,14,False,45,55,10.0
400763555,21,False,45,55,10.0
400763585,3,True,24,20,
400763638,3,False,17,31,14.0
400763638,7,False,17,31,14.0
400763638,10,False,17,31,14.0
400763638,14,False,17,31,14.0
400763638,21,False,17,31,14.0
400763639,3,False,23,30,7.0
400763639,7,False,23,30,7.0
400763640,3,True,55,30,
400764896,3,False,13,31,18.0
400764896,7,False,13,31,18.0
400764896,10,False,13,31,18.0
400764896,14,False,13,31,18.0
400764898,3,True,41,13,
400764898,7,True,41,13,
400764898,10,True,41,13,
400764899,3,True,29,17,
400764899,7,True,29,17,
400764900,3,True,40,31,
400764900,7,True,40,31,
400764900,10,True,40,31,
400787273,3,True,41,17,
400787339,3,True,58,28,
400787339,7,True,58,28,
400787340,3,True,29,24,
400787461,3,True,48,34,
400787461,7,True,48,34,
400787463,3,True,30,24,
400787463,7,True,30,24,
400787463,10,True,30,24,
400787463,14,True,30,24,
400603908,3,False,52,53,1.0
400603908,7,False,52,53,1.0
400603910,3,False,10,26,16.0
400603910,7,False,10,26,16.0
400603910,10,False,10,26,16.0
400603910,14,False,10,26,16.0
400756974,3,True,23,13,
400756974,7,True,23,13,
400756976,3,True,41,17,
400757067,3,True,38,30,
400757067,7,True,38,30,
400757067,10,True,38,30,
400757067,14,True,38,30,
400757068,3,False,24,38,14.0
400757068,7,False,24,38,14.0
400757068,10,False,24,38,14.0
400757068,14,False,24,38,14.0
400757072,3,True,44,28,
400757072,7,True,44,28,
400757072,10,True,44,28,
400763450,3,True,52,16,
400763451,3,False,29,49,20.0
400763451,7,False,29,49,20.0
400763451,10,False,29,49,20.0
400763451,14,False,29,49,20.0
400763451,21,False,29,49,20.0
400763557,3,True,35,27,
400763558,3,True,31,24,
400763558,7,True,31,24,
400763560,3,False,38,39,1.0
400763560,7,False,38,39,1.0
400763560,10,False,38,39,1.0
400763645,3,True,27,24,
400763645,7,True,27,24,
400763647,3,False,31,36,5.0
400763647,7,False,31,36,5.0
400763648,3,True,35,19,
400763648,7,True,35,19,
400764901,3,True,60,40,
400764902,3,False,17,22,5.0
400764902,7,False,17,22,5.0
400764904,3,False,20,45,25.0
400764904,7,False,20,45,25.0
400764904,10,False,20,45,25.0
400764904,14,False,20,45,25.0
400764904,21,False,20,45,25.0
400787278,3,False,13,14,1.0
400787278,7,False,13,14,1.0
400787278,10,False,13,14,1.0
400787343,3,False,27,32,5.0
400787348,3,False,13,17,4.0
400787464,3,False,27,40,13.0
400787464,7,False,27,40,13.0
400787464,10,False,27,40,13.0
400787464,14,False,27,40,13.0
400787465,3,True,23,21,
400787466,3,True,52,45,
400787466,7,True,52,45,
400787466,10,True,52,45,
400787466,14,True,52,45,
400787466,21,True,52,45,
400787468,3,False,21,31,10.0
400787468,7,False,21,31,10.0
400787468,10,False,21,31,10.0
400790887,3,True,17,16,
400603931,3,True,20,13,
400603931,7,True,20,13,
400603932,3,False,14,31,17.0
400603932,7,False,14,31,17.0
400603932,10,False,14,31,17.0
400603932,14,False,14,31,17.0
400603932,21,False,14,31,17.0
400603937,3,True,21,17,
400756981,3,False,13,31,18.0
400756981,7,False,13,31,18.0
400756981,10,False,13,31,18.0
400756981,14,False,13,31,18.0
400756982,3,True,34,17,
400756982,7,True,34,17,
400756982,10,True,34,17,
400756983,3,True,38,31,
400756983,7,True,38,31,
400757073,3,True,27,24,
400757073,7,True,27,24,
400757073,10,True,27,24,
400757073,14,True,27,24,
400757074,3,False,30,37,7.0
400757074,7,False,30,37,7.0
400757074,10,False,30,37,7.0
400757075,3,True,27,17,
400757075,7,True,27,17,
400757075,10,True,27,17,
400757075,14,True,27,17,
400757076,3,False,27,31,4.0
400757076,7,False,27,31,4.0
400757077,3,False,36,38,2.0
400757077,7,False,36,38,2.0
400757077,10,False,36,38,2.0
400760498,3,False,31,34,3.0
400760498,7,False,31,34,3.0
400760498,10,False,31,34,3.0
400760498,14,False,31,34,3.0
400760498,21,False,31,34,3.0
400763454,3,False,34,44,10.0
400763454,7,False,34,44,10.0
400763454,10,False,34,44,10.0
400763454,14,False,34,44,10.0
400763455,3,True,35,31,
400763455,7,True,35,31,
400763455,10,True,35,31,
400763455,14,True,35,31,
400763458,3,True,38,20,
400763565,3,True,48,41,
400763565,7,True,48,41,
400763649,3,True,30,27,
400763649,7,True,30,27,
400763650,3,True,24,17,
400763650,7,True,24,17,
400763652,3,True,31,21,
400764907,3,True,49,38,
400764907,7,True,49,38,
400764908,3,True,35,34,
400764908,7,True,35,34,
400764908,10,True,35,34,
400764908,14,True,35,34,
400764910,3,False,23,44,21.0
400764910,7,False,23,44,21.0
400764910,10,False,23,44,21.0
400764910,14,False,23,44,21.0
400764910,21,False,23,44,21.0
400785063,3,False,16,20,4.0
400785063,7,False,16,20,4.0
400785063,10,False,16,20,4.0
400787280,3,False,28,35,7.0
400787280,7,False,28,35,7.0
400787280,10,False,28,35,7.0
400787280,14,False,28,35,7.0
400787281,3,False,24,31,7.0
400787281,7,False,24,31,7.0
400787281,10,False,24,31,7.0
400787281,14,False,24,31,7.0
400787282,3,True,49,35,
400787282,7,True,49,35,
400787283,3,False,14,42,28.0
400787283,7,False,14,42,28.0
400787283,10,False,14,42,28.0
400787283,14,False,14,42,28.0
400787283,21,False,14,42,28.0
400787284,3,True,37,34,
400787284,7,True,37,34,
400787284,10,True,37,34,
400787351,3,True,41,30,
400787352,3,True,41,27,
400787354,3,True,28,17,
400787469,3,False,25,32,7.0
400787469,7,False,25,32,7.0
400787469,10,False,25,32,7.0
400787472,3,True,45,10,
400787472,7,True,45,10,
400787472,10,True,45,10,
400787473,3,False,19,41,22.0
400787473,7,False,19,41,22.0
400787473,10,False,19,41,22.0
400787473,14,False,19,41,22.0
400787473,21,False,19,41,22.0
400603922,3,False,50,51,1.0
400603922,7,False,50,51,1.0
400603922,10,False,50,51,1.0
400603922,14,False,50,51,1.0
400603925,3,True,23,17,
400603925,7,True,23,17,
400756990,3,True,38,21,
400756990,7,True,38,21,
400756991,3,True,45,34,
400763460,3,True,38,35,
400763460,7,True,38,35,
400763460,10,True,38,35,
400763460,14,True,38,35,
400763460,21,True,38,35,
400763573,3,False,14,17,3.0
400763574,3,True,28,16,
400763575,3,False,7,13,6.0
400763575,7,False,7,13,6.0
400763575,10,False,7,13,6.0
400763656,3,True,56,31,
400763656,7,True,56,31,
400763656,10,True,56,31,
400763657,3,True,17,15,
400763657,7,True,17,15,
400764911,3,True,44,7,
400764911,7,True,44,7,
400764912,3,False,27,65,38.0
400764912,7,False,27,65,38.0
400764912,10,False,27,65,38.0
400764912,14,False,27,65,38.0
400764912,21,False,27,65,38.0
400764913,3,False,17,20,3.0
400764913,7,False,17,20,3.0
400764913,10,False,17,20,3.0
400764915,3,False,12,31,19.0
400764915,7,False,12,31,19.0
400764915,10,False,12,31,19.0
400764915,14,False,12,31,19.0
400787288,3,True,52,10,
400787290,3,True,31,27,
400787290,7,True,31,27,
400787290,10,True,31,27,
400787290,14,True,31,27,
400787356,3,False,28,44,16.0
400787356,7,False,28,44,16.0
400787356,10,False,28,44,16.0
400787356,14,False,28,44,16.0
400787356,21,False,28,44,16.0
400787358,3,True,27,19,
400787359,3,False,13,20,7.0
400787359,7,False,13,20,7.0
400787475,3,True,24,10,
400787475,7,True,24,10,
400787475,10,True,24,10,
400790881,3,False,30,37,7.0
400790881,7,False,30,37,7.0
400790881,10,False,30,37,7.0
400790881,14,False,30,37,7.0
400790881,21,False,30,37,7.0
400603913,3,True,29,13,
400603914,3,False,2,27,25.0
400603914,7,False,2,27,25.0
400603914,10,False,2,27,25.0
400603914,14,False,2,27,25.0
400603914,21,False,2,27,25.0
400603916,3,True,38,24,
400603916,7,True,38,24,
400603916,10,True,38,24,
400603916,14,True,38,24,
400603916,21,True,38,24,
400756995,3,False,17,20,3.0
400756995,7,False,17,20,3.0
400756995,10,False,17,20,3.0
400756998,3,True,23,20,
400756998,7,True,23,20,
400757085,3,True,52,42,
400757085,7,True,52,42,
400757086,3,True,45,10,
400757087,3,True,48,46,
400757087,7,True,48,46,
400757087,10,True,48,46,
400757087,14,True,48,46,
400757087,21,True,48,46,
400757088,3,True,40,21,
400757090,3,False,36,38,2.0
400757090,7,False,36,38,2.0
400763463,3,False,45,48,3.0
400763463,7,False,45,48,3.0
400763463,10,False,45,48,3.0
400763463,14,False,45,48,3.0
400763466,3,True,58,23,
400763577,3,True,24,14,
400763577,7,True,24,14,
400763580,3,True,31,21,
400763580,7,True,31,21,
400763582,3,True,46,41,
400763582,7,True,46,41,
400763582,10,True,46,41,
400763582,14,True,46,41,
400763582,21,True,46,41,
400763659,3,False,24,58,34.0
400763659,7,False,24,58,34.0
400763659,10,False,24,58,34.0
400763659,14,False,24,58,34.0
400763659,21,False,24,58,34.0
400763660,3,False,17,20,3.0
400763661,3,True,33,31,
400764918,3,True,44,3,
400764919,3,True,19,16,
400764919,7,True,19,16,
400764919,10,True,19,16,
400764922,3,True,45,34,
400764922,7,True,45,34,
400764922,10,True,45,34,
400787292,3,False,35,47,12.0
400787292,7,False,35,47,12.0
400787292,10,False,35,47,12.0
400787292,14,False,35,47,12.0
400787294,3,True,34,31,
400787294,7,True,34,31,
400787294,10,True,34,31,
400787294,14,True,34,31,
400787297,3,True,51,28,
400787297,7,True,51,28,
400787297,10,True,51,28,
400787298,3,False,28,35,7.0
400787298,7,False,28,35,7.0
400787298,10,False,28,35,7.0
400787298,14,False,28,35,7.0
400787362,3,False,21,26,5.0
400787362,7,False,21,26,5.0
400787362,10,False,21,26,5.0
400787364,3,True,35,28,
400787364,7,True,35,28,
400787364,10,True,35,28,
400787364,14,True,35,28,
400787365,3,False,26,31,5.0
400787365,7,False,26,31,5.0
400787365,10,False,26,31,5.0
400787365,14,False,26,31,5.0
400787479,3,True,52,28,
400787479,7,True,52,28,
400787480,3,True,55,17,
400787480,7,True,55,17,
400790888,3,True,40,23,
400763468,3,False,17,23,6.0
400763468,7,False,17,23,6.0
400763468,10,False,17,23,6.0
400763468,14,False,17,23,6.0
400763469,3,False,23,24,1.0
400787482,3,True,34,27,
400787484,3,False,7,34,27.0
400787484,7,False,7,34,27.0
400787484,10,False,7,34,27.0
400787484,14,False,7,34,27.0
400787484,21,False,7,34,27.0
400787486,3,True,42,35,
400787486,7,True,42,35,
400787486,10,True,42,35,
400787486,14,True,42,35,
400852672,3,True,45,28,
400852672,7,True,45,28,
400852672,10,True,45,28,
400852672,14,True,45,28,
400852675,3,True,27,24,
400852675,7,True,27,24,
400852676,3,True,45,37,
400852677,3,True,41,22,
400852681,3,True,29,15,
400852682,3,True,16,13,
400760500,3,True,21,17,
400876038,3,True,23,20,
400876039,3,False,10,34,24.0
400876039,7,False,10,34,24.0
400876039,10,False,10,34,24.0
400876039,14,False,10,34,24.0
400876039,21,False,10,34,24.0
400876040,3,False,28,31,3.0
400876040,7,False,28,31,3.0
400876043,3,True,51,31,
400876043,7,True,51,31,
400876045,3,False,50,61,11.0
400876045,7,False,50,61,11.0
400876045,10,False,50,61,11.0
400876045,14,False,50,61,11.0
400876045,21,False,50,61,11.0
400876047,3,False,45,48,3.0
400876047,7,False,45,48,3.0
400876047,10,False,45,48,3.0
400876049,3,False,35,52,17.0
400876049,7,False,35,52,17.0
400876049,10,False,35,52,17.0
400876049,14,False,35,52,17.0
400876090,3,True,17,16,
400876090,7,True,17,16,
400876092,3,True,41,17,
400876094,3,False,26,34,8.0
400876094,7,False,26,34,8.0
400876094,10,False,26,34,8.0
400876094,14,False,26,34,8.0
400876094,21,False,26,34,8.0
400876095,3,False,12,17,5.0
400876095,7,False,12,17,5.0
400876095,10,False,12,17,5.0
400876096,3,False,12,31,19.0
400876096,7,False,12,31,19.0
400876096,10,False,12,31,19.0
400876096,14,False,12,31,19.0
400876096,21,False,12,31,19.0
400876097,3,False,24,31,7.0
400876097,7,False,24,31,7.0
400876097,10,False,24,31,7.0
400876098,3,True,31,14,
400876098,7,True,31,14,
400876099,3,False,28,33,5.0
400876099,7,False,28,33,5.0
400876099,10,False,28,33,5.0
400876101,3,True,35,24,
400876101,7,True,35,24,
400876101,10,True,35,24,
400876101,14,True,35,24,
400876101,21,True,35,24,
400876102,3,False,8,38,30.0
400876102,7,False,8,38,30.0
400876102,10,False,8,38,30.0
400876102,14,False,8,38,30.0
400876102,21,False,8,38,30.0
400876103,3,False,23,31,8.0
400876103,7,False,23,31,8.0
400876105,3,False,32,33,1.0
400876105,7,False,32,33,1.0
400876105,10,False,32,33,1.0
400876105,14,False,32,33,1.0
400876107,3,True,24,7,
400876107,7,True,24,7,
400876108,3,False,0,31,31.0
400876108,7,False,0,31,31.0
400876108,10,False,0,31,31.0
400876108,14,False,0,31,31.0
400876108,21,False,0,31,31.0
400876109,3,True,30,3,
400876111,3,True,52,49,
400876111,7,True,52,49,
400876111,10,True,52,49,
400876111,14,True,52,49,
400876112,3,True,35,19,
400876112,7,True,35,19,
400876570,3,False,31,35,4.0
400878692,3,True,25,23,
400878692,7,True,25,23,
400903226,3,True,26,24,
400903226,7,True,26,24,
400928102,3,True,45,21,
400928102,7,True,45,21,
400928102,10,True,45,21,
400928102,14,True,45,21,
400868910,3,False,13,28,15.0
400868910,7,False,13,28,15.0
400868910,10,False,13,28,15.0
400868910,14,False,13,28,15.0
400868946,3,False,47,50,3.0
400868946,7,False,47,50,3.0
400868946,10,False,47,50,3.0
400868946,14,False,47,50,3.0
400868968,3,True,13,10,
400868968,7,True,13,10,
400868968,10,True,13,10,
400868969,3,True,52,6,
400868970,3,True,21,20,
400868970,7,True,21,20,
400868971,3,True,19,13,
400868972,3,True,33,24,
400868972,7,True,33,24,
400868972,10,True,33,24,
400868973,3,False,35,44,9.0
400868973,7,False,35,44,9.0
400868974,3,False,14,16,2.0
400868974,7,False,14,16,2.0
400868974,10,False,14,16,2.0
400868977,3,True,20,13,
400868977,7,True,20,13,
400868977,10,True,20,13,
400868978,3,True,31,24,
400868979,3,True,45,34,
400868979,7,True,45,34,
400868979,10,True,45,34,
400868979,14,True,45,34,
400868979,21,True,45,34,
400869092,3,True,30,23,
400869092,7,True,30,23,
400869178,3,False,34,40,6.0
400869178,7,False,34,40,6.0
400869258,3,True,31,21,
400869258,7,True,31,21,
400869260,3,True,77,10,
400869260,7,True,77,10,
400869261,3,True,33,13,
400869264,3,False,54,56,2.0
400869264,7,False,54,56,2.0
400869265,3,False,10,31,21.0
400869265,7,False,10,31,21.0
400869265,10,False,10,31,21.0
400869265,14,False,10,31,21.0
400869265,21,False,10,31,21.0
400869267,3,False,21,22,1.0
400869342,3,True,34,13,
400869421,3,True,7,3,
400869424,3,True,17,14,
400869424,7,True,17,14,
400869507,3,False,23,33,10.0
400869507,7,False,23,33,10.0
400869507,10,False,23,33,10.0
400869507,14,False,23,33,10.0
400868877,3,True,40,13,
400868911,3,True,31,14,
400868911,7,True,31,14,
400868923,3,True,20,19,
400868958,3,True,26,7,
400868958,7,True,26,7,
400868981,3,False,38,41,3.0
400868981,7,False,38,41,3.0
400868981,10,False,38,41,3.0
400868989,3,True,45,24,
400868989,7,True,45,24,
400868989,10,True,45,24,
400868989,14,True,45,24,
400868991,3,True,47,24,
400869100,3,True,68,55,
400869185,3,True,23,14,
400869270,3,False,27,30,3.0
400869430,3,True,30,24,
400869431,3,False,14,24,10.0
400869431,7,False,14,24,10.0
400869431,10,False,14,24,10.0
400869434,3,True,48,23,
400869434,7,True,48,23,
400869435,3,False,30,33,3.0
400869435,7,False,30,33,3.0
400869435,10,False,30,33,3.0
400869512,3,True,28,24,
400869811,3,True,24,9,
400868948,3,False,28,36,8.0
400868948,7,False,28,36,8.0
400868948,10,False,28,36,8.0
400868948,14,False,28,36,8.0
400868948,21,False,28,36,8.0
400868993,3,False,16,29,13.0
400868993,7,False,16,29,13.0
400868993,10,False,16,29,13.0
400868993,14,False,16,29,13.0
400868995,3,True,62,42,
400868995,7,True,62,42,
400868997,3,True,48,43,
400868997,7,True,48,43,
400868997,10,True,48,43,
400868997,14,True,48,43,
400868997,21,True,48,43,
400868998,3,True,28,27,
400868998,7,True,28,27,
400868998,10,True,28,27,
400869109,3,True,32,28,
400869109,7,True,32,28,
400869109,10,True,32,28,
400869109,14,True,32,28,
400869111,3,True,45,28,
400869111,7,True,45,28,
400869111,10,True,45,28,
400869111,14,True,45,28,
400869112,3,True,34,17,
400869113,3,True,35,32,
400869113,7,True,35,32,
400869113,10,True,35,32,
400869116,3,True,56,6,
400869117,3,False,43,50,7.0
400869117,7,False,43,50,7.0
400869192,3,True,37,28,
400869192,7,True,37,28,
400869192,10,True,37,28,
400869192,14,True,37,28,
400869192,21,True,37,28,
400869198,3,True,44,21,
400869198,7,True,44,21,
400869278,3,False,38,65,27.0
400869278,7,False,38,65,27.0
400869278,10,False,38,65,27.0
400869278,14,False,38,65,27.0
400869278,21,False,38,65,27.0
400869281,3,True,41,21,
400869281,7,True,41,21,
400869361,3,True,38,10,
400869362,3,False,31,37,6.0
400869362,7,False,31,37,6.0
400869362,10,False,31,37,6.0
400869362,14,False,31,37,6.0
400869440,3,False,20,63,43.0
400869440,7,False,20,63,43.0
400869440,10,False,20,63,43.0
400869440,14,False,20,63,43.0
400869440,21,False,20,63,43.0
400869442,3,True,45,38,
400869443,3,True,45,20,
400869443,7,True,45,20,
400869443,10,True,45,20,
400869443,14,True,45,20,
400869444,3,True,13,10,
400869444,7,True,13,10,
400869444,10,True,13,10,
400869517,3,True,40,16,
400869518,3,True,30,24,
400869518,7,True,30,24,
400869657,3,True,23,17,
400869813,3,True,23,21,
400869813,7,True,23,21,
400869813,10,True,23,21,
400869813,14,True,23,21,
400868925,3,True,35,32,
400868949,3,False,35,38,3.0
400868949,7,False,35,38,3.0
400868960,3,True,47,35,
400868960,7,True,47,35,
400869003,3,False,13,18,5.0
400869004,3,True,17,10,
400869007,3,True,38,28,
400869007,7,True,38,28,
400869007,10,True,38,28,
400869007,14,True,38,28,
400869007,21,True,38,28,
400869008,3,True,45,24,
400869008,7,True,45,24,
400869118,3,True,31,27,
400869118,7,True,31,27,
400869118,10,True,31,27,
400869118,14,True,31,27,
400869119,3,True,35,28,
400869119,7,True,35,28,
400869120,3,True,51,41,
400869120,7,True,51,41,
400869120,10,True,51,41,
400869120,14,True,51,41,
400869121,3,True,22,13,
400869121,7,True,22,13,
400869122,3,False,38,41,3.0
400869122,7,False,38,41,3.0
400869122,10,False,38,41,3.0
400869122,14,False,38,41,3.0
400869199,3,True,27,20,
400869199,7,True,27,20,
400869201,3,False,24,27,3.0
400869202,3,True,48,41,
400869202,7,True,48,41,
400869202,10,True,48,41,
400869202,14,True,48,41,
400869202,21,True,48,41,
400869203,3,True,24,14,
400869203,7,True,24,14,
400869203,10,True,24,14,
400869205,3,False,30,33,3.0
400869205,7,False,30,33,3.0
400869205,10,False,30,33,3.0
400869285,3,True,45,38,
400869286,3,True,31,27,
400869286,7,True,31,27,
400869286,10,True,31,27,
400869286,14,True,31,27,
400869288,3,False,35,49,14.0
400869288,7,False,35,49,14.0
400869288,10,False,35,49,14.0
400869288,14,False,35,49,14.0
400869288,21,False,35,49,14.0
400869291,3,True,27,20,
400869291,7,True,27,20,
400869363,3,True,48,20,
400869365,3,True,38,34,
400869365,7,True,38,34,
400869365,10,True,38,34,
400869365,14,True,38,34,
400869367,3,False,35,42,7.0
400869367,7,False,35,42,7.0
400869369,3,True,34,7,
400869448,3,True,55,35,
400869448,7,True,55,35,
400869449,3,True,37,36,
400869449,7,True,37,36,
400869449,10,True,37,36,
400869450,3,False,24,31,7.0
400869450,7,False,24,31,7.0
400869450,10,False,24,31,7.0
400869450,14,False,24,31,7.0
400869452,3,False,28,33,5.0
400869452,7,False,28,33,5.0
400869452,10,False,28,33,5.0
400869452,14,False,28,33,5.0
400869524,3,True,33,3,
400869526,3,True,41,39,
400869659,3,False,6,30,24.0
400869659,7,False,6,30,24.0
400869659,10,False,6,30,24.0
400869659,14,False,6,30,24.0
400869659,21,False,6,30,24.0
400869660,3,True,24,13,
400868879,3,True,45,42,
400868879,7,True,45,42,
400868879,10,True,45,42,
400868879,14,True,45,42,
400868926,3,True,55,53,
400868926,7,True,55,53,
400868961,3,True,31,24,
400868961,7,True,31,24,
400868961,10,True,31,24,
400868961,14,True,31,24,
400869010,3,True,34,6,
400869013,3,True,34,31,
400869013,7,True,34,31,
400869013,10,True,34,31,
400869013,14,True,34,31,
400869016,3,True,24,13,
400869016,7,True,24,13,
400869125,3,False,24,45,21.0
400869125,7,False,24,45,21.0
400869125,10,False,24,45,21.0
400869125,14,False,24,45,21.0
400869125,21,False,24,45,21.0
400869126,3,True,41,20,
400869127,3,True,47,6,
400869128,3,True,28,23,
400869129,3,False,33,51,18.0
400869129,7,False,33,51,18.0
400869129,10,False,33,51,18.0
400869129,14,False,33,51,18.0
400869129,21,False,33,51,18.0
400869208,3,False,17,38,21.0
400869208,7,False,17,38,21.0
400869208,10,False,17,38,21.0
400869208,14,False,17,38,21.0
400869208,21,False,17,38,21.0
400869212,3,False,24,42,18.0
400869212,7,False,24,42,18.0
400869212,10,False,24,42,18.0
400869212,14,False,24,42,18.0
400869293,3,True,31,27,
400869293,7,True,31,27,
400869295,3,False,25,28,3.0
400869295,7,False,25,28,3.0
400869295,10,False,25,28,3.0
400869297,3,False,24,31,7.0
400869297,7,False,24,31,7.0
400869298,3,True,49,10,
400869371,3,False,31,33,2.0
400869371,7,False,31,33,2.0
400869374,3,True,30,13,
400869374,7,True,30,13,
400869375,3,True,44,28,
400869453,3,True,42,36,
400869453,7,True,42,36,
400869454,3,False,20,34,14.0
400869454,7,False,20,34,14.0
400869454,10,False,20,34,14.0
400869454,14,False,20,34,14.0
400869455,3,False,35,37,2.0
400869455,7,False,35,37,2.0
400869455,10,False,35,37,2.0
400869455,14,False,35,37,2.0
400869455,21,False,35,37,2.0
400869528,3,False,29,47,18.0
400869528,7,False,29,47,18.0
400869528,10,False,29,47,18.0
400869528,14,False,29,47,18.0
400869529,3,True,45,20,
400869530,3,True,45,20,
400869530,7,True,45,20,
400869606,3,True,17,16,
400869606,7,True,17,16,
400869606,10,True,17,16,
400869620,3,True,49,31,
400869661,3,False,21,24,3.0
400869661,7,False,21,24,3.0
400869662,3,False,31,38,7.0
400869662,7,False,31,38,7.0
400869662,10,False,31,38,7.0
400869662,14,False,31,38,7.0
400869665,3,True,31,16,
400869666,3,True,29,26,
400869666,7,True,29,26,
400869666,10,True,29,26,
400869820,3,False,31,37,6.0
400869820,7,False,31,37,6.0
400869820,10,False,31,37,6.0
400868927,3,False,14,31,17.0
400868927,7,False,14,31,17.0
400868927,10,False,14,31,17.0
400868927,14,False,14,31,17.0
400868951,3,False,3,10,7.0
400868951,7,False,3,10,7.0
400869021,3,False,14,38,24.0
400869021,7,False,14,38,24.0
400869021,10,False,14,38,24.0
400869021,14,False,14,38,24.0
400869021,21,False,14,38,24.0
400869130,3,True,36,23,
400869130,7,True,36,23,
400869130,10,True,36,23,
400869131,3,False,20,23,3.0
400869131,7,False,20,23,3.0
400869131,10,False,20,23,3.0
400869134,3,False,44,47,3.0
400869134,7,False,44,47,3.0
400869134,10,False,44,47,3.0
400869134,14,False,44,47,3.0
400869135,3,False,16,42,26.0
400869135,7,False,16,42,26.0
400869135,10,False,16,42,26.0
400869135,14,False,16,42,26.0
400869135,21,False,16,42,26.0
400869213,3,False,26,35,9.0
400869213,7,False,26,35,9.0
400869213,10,False,26,35,9.0
400869213,14,False,26,35,9.0
400869213,21,False,26,35,9.0
400869215,3,False,24,31,7.0
400869215,7,False,24,31,7.0
400869216,3,True,27,22,
400869217,3,False,17,34,17.0
400869217,7,False,17,34,17.0
400869217,10,False,17,34,17.0
400869217,14,False,17,34,17.0
400869299,3,True,24,21,
400869301,3,False,20,44,24.0
400869301,7,False,20,44,24.0
400869301,10,False,20,44,24.0
400869301,14,False,20,44,24.0
400869301,21,False,20,44,24.0
400869302,3,True,35,13,
400869377,3,False,23,28,5.0
400869377,7,False,23,28,5.0
400869377,10,False,23,28,5.0
400869378,3,False,21,35,14.0
400869378,7,False,21,35,14.0
400869378,10,False,21,35,14.0
400869378,14,False,21,35,14.0
400869378,21,False,21,35,14.0
400869379,3,True,55,52,
400869379,7,True,55,52,
400869380,3,False,21,38,17.0
400869380,7,False,21,38,17.0
400869380,10,False,21,38,17.0
400869380,14,False,21,38,17.0
400869381,3,False,32,55,23.0
400869381,7,False,32,55,23.0
400869381,10,False,32,55,23.0
400869381,14,False,32,55,23.0
400869381,21,False,32,55,23.0
400869457,3,True,56,10,
400869458,3,True,37,34,
400869458,7,True,37,34,
400869459,3,False,3,34,31.0
400869459,7,False,3,34,31.0
400869459,10,False,3,34,31.0
400869459,14,False,3,34,31.0
400869459,21,False,3,34,31.0
400869531,3,True,34,27,
400869531,7,True,34,27,
400869531,10,True,34,27,
400869533,3,True,43,40,
400869533,7,True,43,40,
400869533,10,True,43,40,
400869534,3,False,9,20,11.0
400869534,7,False,9,20,11.0
400869534,10,False,9,20,11.0
400869535,3,True,38,22,
400869536,3,False,40,46,6.0
400869536,7,False,40,46,6.0
400869536,10,False,40,46,6.0
400869536,14,False,40,46,6.0
400869590,3,True,38,31,
400869590,7,True,38,31,
400869590,10,True,38,31,
400869590,14,True,38,31,
400869599,3,True,24,23,
400869599,7,True,24,23,
400869607,3,True,44,38,
400869607,7,True,44,38,
400869615,3,True,45,40,
400869643,3,True,38,17,
400869667,3,False,31,34,3.0
400869667,7,False,31,34,3.0
400869722,3,False,19,20,1.0
400869722,7,False,19,20,1.0
400869823,3,True,41,21,
400869823,7,True,41,21,
400869823,10,True,41,21,
400869823,14,True,41,21,
400869824,3,False,31,34,3.0
400869824,7,False,31,34,3.0
400869824,10,False,31,34,3.0
400869824,14,False,31,34,3.0
400868928,3,True,28,21,
400868928,7,True,28,21,
400869024,3,False,30,34,4.0
400869024,7,False,30,34,4.0
400869024,10,False,30,34,4.0
400869026,3,False,16,17,1.0
400869026,7,False,16,17,1.0
400869027,3,True,45,10,
400869027,7,True,45,10,
400869219,3,False,40,45,5.0
400869219,7,False,40,45,5.0
400869219,10,False,40,45,5.0
400869219,14,False,40,45,5.0
400869220,3,True,28,23,
400869223,3,True,14,10,
400869305,3,True,31,21,
400869305,7,True,31,21,
400869308,3,False,20,27,7.0
400869308,7,False,20,27,7.0
400869308,10,False,20,27,7.0
400869384,3,False,43,44,1.0
400869384,7,False,43,44,1.0
400869385,3,False,13,14,1.0
400869385,7,False,13,14,1.0
400869465,3,True,45,31,
400869465,7,True,45,31,
400869466,3,False,17,31,14.0
400869466,7,False,17,31,14.0
400869466,10,False,17,31,14.0
400869466,14,False,17,31,14.0
400869538,3,True,24,14,
400869540,3,True,42,27,
400869591,3,True,27,6,
400869627,3,False,17,48,31.0
400869627,7,False,17,48,31.0
400869627,10,False,17,48,31.0
400869627,14,False,17,48,31.0
400869627,21,False,17,48,31.0
400869644,3,True,30,23,
400869644,7,True,30,23,
400869644,10,True,30,23,
400869671,3,False,10,31,21.0
400869671,7,False,10,31,21.0
400869671,10,False,10,31,21.0
400869671,14,False,10,31,21.0
400869671,21,False,10,31,21.0
400869672,3,False,40,54,14.0
400869672,7,False,40,54,14.0
400869672,10,False,40,54,14.0
400869672,14,False,40,54,14.0
400869723,3,False,13,20,7.0
400869723,7,False,13,20,7.0
400869723,10,False,13,20,7.0
400869723,14,False,13,20,7.0
400869827,3,True,31,21,
400869827,7,True,31,21,
400869829,3,True,40,34,
400868916,3,False,18,35,17.0
400868916,7,False,18,35,17.0
400868916,10,False,18,35,17.0
400868916,14,False,18,35,17.0
400869031,3,False,38,40,2.0
400869031,7,False,38,40,2.0
400869031,10,False,38,40,2.0
400869032,3,True,38,21,
400869032,7,True,38,21,
400869032,10,True,38,21,
400869033,3,False,45,51,6.0
400869033,7,False,45,51,6.0
400869033,10,False,45,51,6.0
400869141,3,True,37,32,
400869141,7,True,37,32,
400869141,10,True,37,32,
400869142,3,False,45,52,7.0
400869142,7,False,45,52,7.0
400869142,10,False,45,52,7.0
400869142,14,False,45,52,7.0
400869143,3,False,5,10,5.0
400869143,7,False,5,10,5.0
400869224,3,True,28,27,
400869225,3,False,27,34,7.0
400869225,7,False,27,34,7.0
400869225,10,False,27,34,7.0
400869226,3,False,23,42,19.0
400869226,7,False,23,42,19.0
400869226,10,False,23,42,19.0
400869226,14,False,23,42,19.0
400869226,21,False,23,42,19.0
400869311,3,False,25,35,10.0
400869311,7,False,25,35,10.0
400869311,10,False,25,35,10.0
400869314,3,True,45,31,
400869316,3,False,26,40,14.0
400869316,7,False,26,40,14.0
400869316,10,False,26,40,14.0
400869316,14,False,26,40,14.0
400869386,3,False,24,27,3.0
400869386,7,False,24,27,3.0
400869387,3,True,44,24,
400869468,3,False,20,28,8.0
400869468,7,False,20,28,8.0
400869468,10,False,20,28,8.0
400869542,3,False,30,46,16.0
400869542,7,False,30,46,16.0
400869542,10,False,30,46,16.0
400869542,14,False,30,46,16.0
400869543,3,True,24,16,
400869543,7,True,24,16,
400869543,10,True,24,16,
400869544,3,True,31,19,
400869545,3,False,16,38,22.0
400869545,7,False,16,38,22.0
400869545,10,False,16,38,22.0
400869545,14,False,16,38,22.0
400869545,21,False,16,38,22.0
400869546,3,False,28,42,14.0
400869546,7,False,28,42,14.0
400869546,10,False,28,42,14.0
400869546,14,False,28,42,14.0
400869600,3,True,44,20,
400869600,7,True,44,20,
400869645,3,False,21,24,3.0
400869675,3,False,17,28,11.0
400869675,7,False,17,28,11.0
400869675,10,False,17,28,11.0
400869677,3,True,27,14,
400869830,3,True,28,21,
400869830,7,True,28,21,
400869830,10,True,28,21,
400869830,14,True,28,21,
400869832,3,True,22,19,
400869834,3,True,27,3,
400868881,3,False,34,35,1.0
400868881,7,False,34,35,1.0
400868917,3,False,13,21,8.0
400868917,7,False,13,21,8.0
400868917,10,False,13,21,8.0
400868953,3,True,30,27,
400868953,7,True,30,27,
400869035,3,True,24,10,
400869036,3,True,40,29,
400869038,3,False,21,35,14.0
400869038,7,False,21,35,14.0
400869038,10,False,21,35,14.0
400869038,14,False,21,35,14.0
400869038,21,False,21,35,14.0
400869039,3,False,21,24,3.0
400869039,7,False,21,24,3.0
400869039,10,False,21,24,3.0
400869146,3,False,10,34,24.0
400869146,7,False,10,34,24.0
400869146,10,False,10,34,24.0
400869146,14,False,10,34,24.0
400869146,21,False,10,34,24.0
400869148,3,True,31,24,
400869149,3,True,35,31,
400869149,7,True,35,31,
400869149,10,True,35,31,
400869149,14,True,35,31,
400869149,21,True,35,31,
400869231,3,True,31,21,
400869231,7,True,31,21,
400869231,10,True,31,21,
400869231,14,True,31,21,
400869234,3,True,40,13,
400869234,7,True,40,13,
400869317,3,False,20,41,21.0
400869317,7,False,20,41,21.0
400869317,10,False,20,41,21.0
400869317,14,False,20,41,21.0
400869317,21,False,20,41,21.0
400869318,3,False,26,31,5.0
400869318,7,False,26,31,5.0
400869318,10,False,26,31,5.0
400869319,3,False,24,27,3.0
400869319,7,False,24,27,3.0
400869396,3,True,31,21,
400869471,3,True,39,36,
400869472,3,False,14,21,7.0
400869472,7,False,14,21,7.0
400869473,3,True,37,34,
400869473,7,True,37,34,
400869474,3,True,38,35,
400869475,3,True,32,25,
400869475,7,True,32,25,
400869475,10,True,32,25,
400869549,3,True,31,24,
400869549,7,True,31,24,
400869549,10,True,31,24,
400869549,14,True,31,24,
400869549,21,True,31,24,
400869552,3,False,30,59,29.0
400869552,7,False,30,59,29.0
400869552,10,False,30,59,29.0
400869552,14,False,30,59,29.0
400869552,21,False,30,59,29.0
400869553,3,False,31,35,4.0
400869553,7,False,31,35,4.0
400869553,10,False,31,35,4.0
400869621,3,False,20,37,17.0
400869621,7,False,20,37,17.0
400869621,10,False,20,37,17.0
400869621,14,False,20,37,17.0
400869680,3,True,42,36,
400869681,3,True,32,23,
400869681,7,True,32,23,
400869682,3,True,62,24,
400869682,7,True,62,24,
400869717,3,False,15,28,13.0
400869717,7,False,15,28,13.0
400869717,10,False,15,28,13.0
400869717,14,False,15,28,13.0
400869835,3,True,34,10,
400869835,7,True,34,10,
400869835,10,True,34,10,
400869837,3,True,13,10,
400869837,7,True,13,10,
400868882,3,False,22,62,40.0
400868882,7,False,22,62,40.0
400868882,10,False,22,62,40.0
400868882,14,False,22,62,40.0
400868882,21,False,22,62,40.0
400868930,3,True,20,3,
400868954,3,True,28,27,
400868954,7,True,28,27,
400868966,3,True,52,31,
400868966,7,True,52,31,
400868966,10,True,52,31,
400868966,14,True,52,31,
400869041,3,False,10,31,21.0
400869041,7,False,10,31,21.0
400869041,10,False,10,31,21.0
400869041,14,False,10,31,21.0
400869041,21,False,10,31,21.0
400869042,3,True,23,16,
400869043,3,True,27,24,
400869043,7,True,27,24,
400869045,3,True,37,27,
400869045,7,True,37,27,
400869045,10,True,37,27,
400869046,3,False,28,35,7.0
400869046,7,False,28,35,7.0
400869046,10,False,28,35,7.0
400869046,14,False,28,35,7.0
400869046,21,False,28,35,7.0
400869150,3,True,20,10,
400869154,3,True,66,27,
400869238,3,True,35,26,
400869238,7,True,35,26,
400869322,3,True,48,17,
400869322,7,True,48,17,
400869324,3,False,17,37,20.0
400869324,7,False,17,37,20.0
400869324,10,False,17,37,20.0
400869324,14,False,17,37,20.0
400869397,3,False,27,38,11.0
400869397,7,False,27,38,11.0
400869397,10,False,27,38,11.0
400869397,14,False,27,38,11.0
400869397,21,False,27,38,11.0
400869399,3,False,25,42,17.0
400869399,7,False,25,42,17.0
400869399,10,False,25,42,17.0
400869399,14,False,25,42,17.0
400869403,3,False,25,45,20.0
400869403,7,False,25,45,20.0
400869403,10,False,25,45,20.0
400869403,14,False,25,45,20.0
400869403,21,False,25,45,20.0
400869479,3,True,24,20,
400869479,7,True,24,20,
400869479,10,True,24,20,
400869482,3,True,27,20,
400869593,3,True,34,24,
400869610,3,False,37,43,6.0
400869630,3,True,45,37,
400869630,7,True,45,37,
400869639,3,True,33,27,
400869639,7,True,33,27,
400869639,10,True,33,27,
400869684,3,False,27,31,4.0
400869684,7,False,27,31,4.0
400869686,3,True,44,31,
400869838,3,True,31,16,
400869839,3,True,35,10,
400869840,3,False,13,23,10.0
400869840,7,False,13,23,10.0
400869840,10,False,13,23,10.0
400869841,3,False,35,42,7.0
400869841,7,False,35,42,7.0
400921256,3,True,37,6,
400869052,3,False,7,13,6.0
400869054,3,True,49,36,
400869054,7,True,49,36,
400869055,3,False,28,29,1.0
400869155,3,True,49,26,
400869155,7,True,49,26,
400869155,10,True,49,26,
400869157,3,False,13,26,13.0
400869157,7,False,13,26,13.0
400869157,10,False,13,26,13.0
400869158,3,True,38,24,
400869158,7,True,38,24,
400869243,3,False,21,24,3.0
400869244,3,False,66,69,3.0
400869244,7,False,66,69,3.0
400869244,10,False,66,69,3.0
400869325,3,False,41,48,7.0
400869325,7,False,41,48,7.0
400869325,10,False,41,48,7.0
400869326,3,True,37,21,
400869326,7,True,37,21,
400869326,10,True,37,21,
400869326,14,True,37,21,
400869327,3,False,28,38,10.0
400869327,7,False,28,38,10.0
400869327,10,False,28,38,10.0
400869327,14,False,28,38,10.0
400869328,3,True,31,24,
400869328,7,True,31,24,
400869328,10,True,31,24,
400869405,3,True,35,31,
400869405,7,True,35,31,
400869405,10,True,35,31,
400869407,3,False,17,42,25.0
400869407,7,False,17,42,25.0
400869407,10,False,17,42,25.0
400869407,14,False,17,42,25.0
400869407,21,False,17,42,25.0
400869483,3,False,27,28,1.0
400869485,3,False,42,43,1.0
400869485,7,False,42,43,1.0
400869486,3,False,20,30,10.0
400869486,7,False,20,30,10.0
400869486,10,False,20,30,10.0
400869486,14,False,20,30,10.0
400869486,21,False,20,30,10.0
400869487,3,True,44,12,
400869487,7,True,44,12,
400869487,10,True,44,12,
400869488,3,True,35,20,
400869488,7,True,35,20,
400869558,3,False,31,55,24.0
400869558,7,False,31,55,24.0
400869558,10,False,31,55,24.0
400869558,14,False,31,55,24.0
400869558,21,False,31,55,24.0
400869559,3,True,49,42,
400869561,3,True,42,40,
400869594,3,True,31,24,
400869594,7,True,31,24,
400869594,10,True,31,24,
400869631,3,True,24,20,
400869689,3,True,45,31,
400869689,7,True,45,31,
400869689,10,True,45,31,
400869691,3,True,24,17,
400869691,7,True,24,17,
400869692,3,True,45,17,
400869692,7,True,45,17,
400869692,10,True,45,17,
400869724,3,True,34,14,
400869724,7,True,34,14,
400869844,3,False,26,33,7.0
400869844,7,False,26,33,7.0
400869844,10,False,26,33,7.0
400869844,14,False,26,33,7.0
400869845,3,False,23,37,14.0
400869845,7,False,23,37,14.0
400869845,10,False,23,37,14.0
400869845,14,False,23,37,14.0
400869846,3,True,47,14,
400869846,7,True,47,14,
400868884,3,True,42,21,
400868884,7,True,42,21,
400868932,3,True,51,9,
400868955,3,False,31,34,3.0
400869064,3,True,63,37,
400869066,3,False,17,38,21.0
400869066,7,False,17,38,21.0
400869066,10,False,17,38,21.0
400869066,14,False,17,38,21.0
400869066,21,False,17,38,21.0
400869163,3,True,36,14,
400869163,7,True,36,14,
400869164,3,True,38,24,
400869164,7,True,38,24,
400869165,3,False,28,30,2.0
400869166,3,True,45,31,
400869166,7,True,45,31,
400869246,3,True,42,25,
400869247,3,True,41,38,
400869247,7,True,41,38,
400869247,10,True,41,38,
400869249,3,False,37,38,1.0
400869250,3,False,33,34,1.0
400869250,7,False,33,34,1.0
400869251,3,True,14,13,
400869330,3,False,7,42,35.0
400869330,7,False,7,42,35.0
400869330,10,False,7,42,35.0
400869330,14,False,7,42,35.0
400869330,21,False,7,42,35.0
400869333,3,True,31,24,
400869333,7,True,31,24,
400869333,10,True,31,24,
400869333,14,True,31,24,
400869333,21,True,31,24,
400869411,3,False,14,31,17.0
400869411,7,False,14,31,17.0
400869411,10,False,14,31,17.0
400869411,14,False,14,31,17.0
400869412,3,True,42,24,
400869412,7,True,42,24,
400869412,10,True,42,24,
400869413,3,False,23,29,6.0
400869413,7,False,23,29,6.0
400869413,10,False,23,29,6.0
400869413,14,False,23,29,6.0
400869414,3,False,24,44,20.0
400869414,7,False,24,44,20.0
400869414,10,False,24,44,20.0
400869414,14,False,24,44,20.0
400869414,21,False,24,44,20.0
400869494,3,True,31,17,
400869494,7,True,31,17,
400869564,3,False,20,35,15.0
400869564,7,False,20,35,15.0
400869564,10,False,20,35,15.0
400869564,14,False,20,35,15.0
400869564,21,False,20,35,15.0
400869595,3,False,10,66,56.0
400869595,7,False,10,66,56.0
400869595,10,False,10,66,56.0
400869595,14,False,10,66,56.0
400869595,21,False,10,66,56.0
400869603,3,False,21,24,3.0
400869623,3,False,6,31,25.0
400869623,7,False,6,31,25.0
400869623,10,False,6,31,25.0
400869623,14,False,6,31,25.0
400869623,21,False,6,31,25.0
400869649,3,True,17,16,
400869649,7,True,17,16,
400869695,3,True,20,10,
400869698,3,True,49,20,
400869847,3,False,3,35,32.0
400869847,7,False,3,35,32.0
400869847,10,False,3,35,32.0
400869847,14,False,3,35,32.0
400869847,21,False,3,35,32.0
400869849,3,False,24,30,6.0
400869849,7,False,24,30,6.0
400869849,10,False,24,30,6.0
400869849,14,False,24,30,6.0
400922541,3,True,66,31,
400922541,7,True,66,31,
400922541,10,True,66,31,
400922862,3,False,10,16,6.0
400868885,3,False,35,54,19.0
400868885,7,False,35,54,19.0
400868885,10,False,35,54,19.0
400868885,14,False,35,54,19.0
400868885,21,False,35,54,19.0
400868933,3,True,28,10,
400868956,3,True,45,27,
400869068,3,True,30,12,
400869070,3,False,27,28,1.0
400869070,7,False,27,28,1.0
400869071,3,False,38,41,3.0
400869071,7,False,38,41,3.0
400869072,3,False,20,55,35.0
400869072,7,False,20,55,35.0
400869072,10,False,20,55,35.0
400869072,14,False,20,55,35.0
400869072,21,False,20,55,35.0
400869073,3,False,24,28,4.0
400869075,3,False,34,45,11.0
400869075,7,False,34,45,11.0
400869075,10,False,34,45,11.0
400869167,3,False,35,56,21.0
400869167,7,False,35,56,21.0
400869167,10,False,35,56,21.0
400869167,14,False,35,56,21.0
400869167,21,False,35,56,21.0
400869169,3,False,10,36,26.0
400869169,7,False,10,36,26.0
400869169,10,False,10,36,26.0
400869169,14,False,10,36,26.0
400869169,21,False,10,36,26.0
400869170,3,True,27,22,
400869170,7,True,27,22,
400869171,3,False,24,34,10.0
400869171,7,False,24,34,10.0
400869171,10,False,24,34,10.0
400869252,3,False,20,27,7.0
400869252,7,False,20,27,7.0
400869252,10,False,20,27,7.0
400869252,14,False,20,27,7.0
400869253,3,False,31,63,32.0
400869253,7,False,31,63,32.0
400869253,10,False,31,63,32.0
400869253,14,False,31,63,32.0
400869253,21,False,31,63,32.0
400869254,3,False,35,56,21.0
400869254,7,False,35,56,21.0
400869254,10,False,35,56,21.0
400869254,14,False,35,56,21.0
400869254,21,False,35,56,21.0
400869255,3,True,16,14,
400869255,7,True,16,14,
400869256,3,False,10,45,35.0
400869256,7,False,10,45,35.0
400869256,10,False,10,45,35.0
400869256,14,False,10,45,35.0
400869256,21,False,10,45,35.0
400869336,3,True,21,20,
400869336,7,True,21,20,
400869336,10,True,21,20,
400869416,3,True,42,28,
400869416,7,True,42,28,
400869417,3,True,77,56,
400869417,7,True,77,56,
400869418,3,False,24,39,15.0
400869418,7,False,24,39,15.0
400869418,10,False,24,39,15.0
400869418,14,False,24,39,15.0
400869418,21,False,24,39,15.0
400869497,3,False,21,28,7.0
400869497,7,False,21,28,7.0
400869497,10,False,21,28,7.0
400869497,14,False,21,28,7.0
400869497,21,False,21,28,7.0
400869498,3,False,14,17,3.0
400869498,7,False,14,17,3.0
400869498,10,False,14,17,3.0
400869499,3,True,40,21,
400869500,3,True,76,61,
400869500,7,True,76,61,
400869567,3,True,40,37,
400869567,7,True,40,37,
400869567,10,True,40,37,
400869567,14,True,40,37,
400869568,3,False,44,48,4.0
400869568,7,False,44,48,4.0
400869568,10,False,44,48,4.0
400869568,14,False,44,48,4.0
400869570,3,False,13,38,25.0
400869570,7,False,13,38,25.0
400869570,10,False,13,38,25.0
400869570,14,False,13,38,25.0
400869570,21,False,13,38,25.0
400869571,3,True,37,10,
400869571,7,True,37,10,
400869572,3,True,75,31,
400869572,7,True,75,31,
400869596,3,True,49,19,
400869604,3,True,34,19,
400869650,3,True,30,27,
400869650,7,True,30,27,
400869650,10,True,30,27,
400869700,3,True,26,24,
400869700,7,True,26,24,
400869702,3,True,45,12,
400869703,3,True,31,17,
400869703,7,True,31,17,
400869703,10,True,31,17,
400869852,3,False,19,24,5.0
400869852,7,False,19,24,5.0
400869852,10,False,19,24,5.0
400869853,3,True,38,31,
400869853,7,True,38,31,
400869853,10,True,38,31,
400868886,3,True,24,21,
400868886,7,True,24,21,
400868886,10,True,24,21,
400869611,3,False,6,30,24.0
400869611,7,False,6,30,24.0
400869611,10,False,6,30,24.0
400869611,14,False,6,30,24.0
400869611,21,False,6,30,24.0
400869618,3,True,38,20,
400869618,7,True,38,20,
400869856,3,False,24,28,4.0
400869856,7,False,24,28,4.0
400869856,10,False,24,28,4.0
400869859,3,True,35,28,
400869859,7,True,35,28,
400926943,3,True,54,16,
400926943,7,True,54,16,
400926946,3,False,31,38,7.0
400926946,7,False,31,38,7.0
400926947,3,False,10,34,24.0
400926947,7,False,10,34,24.0
400926947,10,False,10,34,24.0
400926947,14,False,10,34,24.0
400926947,21,False,10,34,24.0
400926948,3,True,58,44,
400926949,3,True,27,24,
400926949,7,True,27,24,
400926949,10,True,27,24,
400868921,3,False,17,21,4.0
400868921,7,False,17,21,4.0
400868921,10,False,17,21,4.0
400868921,14,False,17,21,4.0
400953323,3,False,28,38,10.0
400953323,7,False,28,38,10.0
400953323,10,False,28,38,10.0
400953323,14,False,28,38,10.0
400953323,21,False,28,38,10.0
400953324,3,False,28,31,3.0
400953324,7,False,28,31,3.0
400953324,10,False,28,31,3.0
400953324,14,False,28,31,3.0
400953325,3,False,30,35,5.0
400953325,7,False,30,35,5.0
400953325,10,False,30,35,5.0
400953325,14,False,30,35,5.0
400953390,3,True,38,34,
400953390,7,True,38,34,
400953392,3,False,0,34,34.0
400953392,7,False,0,34,34.0
400953392,10,False,0,34,34.0
400953392,14,False,0,34,34.0
400953392,21,False,0,34,34.0
400953396,3,True,35,17,
400953396,7,True,35,17,
400953396,10,True,35,17,
400953397,3,True,42,13,
400953400,3,True,49,7,
400953400,7,True,49,7,
400953401,3,True,39,37,
400953401,7,True,39,37,
400953401,10,True,39,37,
400953401,14,True,39,37,
400953403,3,True,24,23,
400953403,7,True,24,23,
400953405,3,False,27,31,4.0
400953405,7,False,27,31,4.0
400953406,3,False,20,21,1.0
400953406,7,False,20,21,1.0
400953408,3,True,34,24,
400953408,7,True,34,24,
400953408,10,True,34,24,
400953409,3,True,27,17,
400953411,3,False,27,34,7.0
400953411,7,False,27,34,7.0
400953411,10,False,27,34,7.0
400953411,14,False,27,34,7.0
400953412,3,True,54,48,
400953412,7,True,54,48,
400953412,10,True,54,48,
400953412,14,True,54,48,
400953415,3,True,26,23,
400953415,7,True,26,23,
400953415,10,True,26,23,
400953416,3,True,30,21,
400954523,3,False,10,51,41.0
400954523,7,False,10,51,41.0
400954523,10,False,10,51,41.0
400954523,14,False,10,51,41.0
400954523,21,False,10,51,41.0
400959397,3,True,42,17,
400966332,3,True,26,20,
400966332,7,True,26,20,
400933827,3,True,24,7,
400933830,3,True,33,17,
400933830,7,True,33,17,
400933838,3,True,45,44,
400933838,7,True,45,44,
400933838,10,True,45,44,
400933838,14,True,45,44,
400933838,21,True,45,44,
400933840,3,True,42,41,
400933840,7,True,42,41,
400933840,10,True,42,41,
400933840,14,True,42,41,
400934495,3,False,41,51,10.0
400934495,7,False,41,51,10.0
400934495,10,False,41,51,10.0
400934495,14,False,41,51,10.0
400934497,3,True,31,24,
400935229,3,True,49,21,
400935229,7,True,49,21,
400935231,3,True,59,10,
400935231,7,True,59,10,
400935231,10,True,59,10,
400935232,3,True,24,21,
400935233,3,True,24,3,
400935234,3,True,35,10,
400935235,3,True,43,36,
400935236,3,True,31,20,
400935236,7,True,31,20,
400935236,10,True,31,20,
400935238,3,True,35,28,
400935238,7,True,35,28,
400935250,3,True,30,14,
400935250,7,True,30,14,
400935252,3,True,49,31,
400935252,7,True,49,31,
400935256,3,False,30,35,5.0
400935256,7,False,30,35,5.0
400935256,10,False,30,35,5.0
400937446,3,True,23,20,
400937446,7,True,23,20,
400938592,3,True,42,19,
400938594,3,False,26,31,5.0
400938594,7,False,26,31,5.0
400938594,10,False,26,31,5.0
400938594,14,False,26,31,5.0
400938888,3,False,28,38,10.0
400938888,7,False,28,38,10.0
400938888,10,False,28,38,10.0
400938888,14,False,28,38,10.0
400933843,3,True,14,6,
400933849,3,True,57,21,
400933849,7,True,57,21,
400933850,3,False,13,31,18.0
400933850,7,False,13,31,18.0
400933850,10,False,13,31,18.0
400933850,14,False,13,31,18.0
400934498,3,False,10,17,7.0
400934498,7,False,10,17,7.0
400934498,10,False,10,17,7.0
400934499,3,True,44,41,
400934499,7,True,44,41,
400934499,10,True,44,41,
400934500,3,False,27,45,18.0
400934500,7,False,27,45,18.0
400934500,10,False,27,45,18.0
400934500,14,False,27,45,18.0
400934502,3,False,16,31,15.0
400934502,7,False,16,31,15.0
400934502,10,False,16,31,15.0
400934502,14,False,16,31,15.0
400934562,3,True,21,17,
400934562,7,True,21,17,
400934562,10,True,21,17,
400935240,3,False,17,41,24.0
400935240,7,False,17,41,24.0
400935240,10,False,17,41,24.0
400935240,14,False,17,41,24.0
400935240,21,False,17,41,24.0
400935241,3,False,7,20,13.0
400935241,7,False,7,20,13.0
400935241,10,False,7,20,13.0
400935241,14,False,7,20,13.0
400935246,3,False,13,16,3.0
400935246,7,False,13,16,3.0
400935259,3,False,20,30,10.0
400935259,7,False,20,30,10.0
400935259,10,False,20,30,10.0
400935259,14,False,20,30,10.0
400935265,3,False,14,48,34.0
400935265,7,False,14,48,34.0
400935265,10,False,14,48,34.0
400935265,14,False,14,48,34.0
400935265,21,False,14,48,34.0
400935267,3,True,47,44,
400935267,7,True,47,44,
400935267,10,True,47,44,
400935267,14,True,47,44,
400935267,21,True,47,44,
400935347,3,True,34,17,
400937453,3,False,10,34,24.0
400937453,7,False,10,34,24.0
400937453,10,False,10,34,24.0
400937453,14,False,10,34,24.0
400937453,21,False,10,34,24.0
400937456,3,True,47,35,
400937458,3,True,37,20,
400937458,7,True,37,20,
400937458,10,True,37,20,
400937459,3,False,23,30,7.0
400937459,7,False,23,30,7.0
400938601,3,True,54,32,
400938601,7,True,54,32,
400938601,10,True,54,32,
400938603,3,False,14,31,17.0
400938603,7,False,14,31,17.0
400938603,10,False,14,31,17.0
400938603,14,False,14,31,17.0
400938605,3,True,51,31,
400944833,3,False,16,44,28.0
400944833,7,False,16,44,28.0
400944833,10,False,16,44,28.0
400944833,14,False,16,44,28.0
400944833,21,False,16,44,28.0
400944834,3,False,28,30,2.0
400944834,7,False,28,30,2.0
400944834,10,False,28,30,2.0
400944834,14,False,28,30,2.0
400944834,21,False,28,30,2.0
400933858,3,False,16,27,11.0
400933858,7,False,16,27,11.0
400933858,10,False,16,27,11.0
400933859,3,False,7,37,30.0
400933859,7,False,7,37,30.0
400933859,10,False,7,37,30.0
400933859,14,False,7,37,30.0
400933859,21,False,7,37,30.0
400933860,3,False,3,35,32.0
400933860,7,False,3,35,32.0
400933860,10,False,3,35,32.0
400933860,14,False,3,35,32.0
400933860,21,False,3,35,32.0
400933861,3,False,13,23,10.0
400933861,7,False,13,23,10.0
400933861,10,False,13,23,10.0
400933861,14,False,13,23,10.0
400933862,3,True,45,21,
400933862,7,True,45,21,
400933863,3,False,7,14,7.0
400933863,7,False,7,14,7.0
400934506,3,True,34,20,
400934506,7,True,34,20,
400934508,3,True,56,14,
400934508,7,True,56,14,
400934510,3,True,56,36,
400934510,7,True,56,36,
400934510,10,True,56,36,
400934511,3,True,27,24,
400934512,3,True,52,45,
400934574,3,True,49,20,
400935270,3,False,45,48,3.0
400935270,7,False,45,48,3.0
400935270,10,False,45,48,3.0
400935276,3,False,17,20,3.0
400935351,3,True,31,14,
400935351,7,True,31,14,
400935354,3,False,17,21,4.0
400935354,7,False,17,21,4.0
400935354,10,False,17,21,4.0
400935354,14,False,17,21,4.0
400937466,3,True,41,17,
400937466,7,True,41,17,
400937468,3,True,64,17,
400937468,7,True,64,17,
400937468,10,True,64,17,
400941800,3,True,29,21,
400941801,3,False,17,21,4.0
400941802,3,True,54,51,
400941802,7,True,54,51,
400941802,10,True,54,51,
400941802,14,True,54,51,
400941802,21,True,54,51,
400944836,3,True,20,13,
400944836,7,True,20,13,
400944836,10,True,20,13,
400944839,3,True,37,28,
400944839,7,True,37,28,
400944839,10,True,37,28,
400933864,3,False,43,50,7.0
400933866,3,True,28,27,
400933866,7,True,28,27,
400933866,10,True,28,27,
400933869,3,True,17,16,
400933869,7,True,17,16,
400933869,10,True,17,16,
400934514,3,True,56,34,
400934515,3,True,49,41,
400934516,3,False,31,44,13.0
400934516,7,False,31,44,13.0
400934516,10,False,31,44,13.0
400934516,14,False,31,44,13.0
400934518,3,False,24,27,3.0
400934518,7,False,24,27,3.0
400934518,10,False,24,27,3.0
400934518,14,False,24,27,3.0
400934561,3,True,21,17,
400935278,3,False,35,37,2.0
400935278,7,False,35,37,2.0
400935278,10,False,35,37,2.0
400935278,14,False,35,37,2.0
400935279,3,True,30,20,
400935279,7,True,30,20,
400935280,3,True,58,34,
400935280,7,True,58,34,
400935281,3,True,37,10,
400935281,7,True,37,10,
400935360,3,True,21,19,
400935361,3,False,10,38,28.0
400935361,7,False,10,38,28.0
400935361,10,False,10,38,28.0
400935361,14,False,10,38,28.0
400935361,21,False,10,38,28.0
400935362,3,True,27,17,
400935362,7,True,27,17,
400935364,3,True,28,10,
400937471,3,False,17,27,10.0
400937471,7,False,17,27,10.0
400937471,10,False,17,27,10.0
400937472,3,False,21,27,6.0
400937472,7,False,21,27,6.0
400937472,10,False,21,27,6.0
400937473,3,True,35,17,
400937473,7,True,35,17,
400937475,3,True,52,30,
400937478,3,True,20,19,
400938614,3,False,0,28,28.0
400938614,7,False,0,28,28.0
400938614,10,False,0,28,28.0
400938614,14,False,0,28,28.0
400938614,21,False,0,28,28.0
400938615,3,False,7,13,6.0
400938615,7,False,7,13,6.0
400938616,3,True,34,31,
400938618,3,True,46,43,
400938618,7,True,46,43,
400941806,3,True,44,21,
400941807,3,False,13,16,3.0
400941807,7,False,13,16,3.0
400941838,3,False,38,41,3.0
400941838,7,False,38,41,3.0
400941838,10,False,38,41,3.0
400941838,14,False,38,41,3.0
400944818,3,True,22,17,
400944842,3,False,50,56,6.0
400944842,7,False,50,56,6.0
400944842,10,False,50,56,6.0
400944842,14,False,50,56,6.0
400944842,21,False,50,56,6.0
400944902,3,False,20,27,7.0
400944902,7,False,20,27,7.0
400945258,3,False,23,42,19.0
400945258,7,False,23,42,19.0
400945258,10,False,23,42,19.0
400945258,14,False,23,42,19.0
400945258,21,False,23,42,19.0
400945259,3,True,28,24,
400945259,7,True,28,24,
400945261,3,True,28,21,
400945261,7,True,28,21,
400933875,3,True,38,24,
400933876,3,True,24,20,
400933876,7,True,24,20,
400933877,3,False,21,24,3.0
400933877,7,False,21,24,3.0
400933877,10,False,21,24,3.0
400933877,14,False,21,24,3.0
400933879,3,True,24,17,
400933879,7,True,24,17,
400933879,10,True,24,17,
400934520,3,True,41,34,
400934520,7,True,41,34,
400934566,3,True,35,21,
400934566,7,True,35,21,
400935284,3,False,27,30,3.0
400935284,7,False,27,30,3.0
400935286,3,True,27,23,
400935286,7,True,27,23,
400935367,3,False,24,31,7.0
400935367,7,False,24,31,7.0
400935370,3,True,33,24,
400937482,3,True,26,19,
400937482,7,True,26,19,
400938622,3,True,30,29,
400938622,7,True,30,29,
400938622,10,True,30,29,
400938622,14,True,30,29,
400938624,3,True,34,16,
400938624,7,True,34,16,
400938625,3,False,21,38,17.0
400938625,7,False,21,38,17.0
400938625,10,False,21,38,17.0
400938625,14,False,21,38,17.0
400938625,21,False,21,38,17.0
400938626,3,False,28,43,15.0
400938626,7,False,28,43,15.0
400938626,10,False,28,43,15.0
400938626,14,False,28,43,15.0
400938890,3,True,58,50,
400941813,3,True,31,21,
400941813,7,True,31,21,
400941813,10,True,31,21,
400941813,14,True,31,21,
400944844,3,True,51,43,
400944845,3,True,45,10,
400944904,3,True,34,23,
400945262,3,True,40,24,
400945262,7,True,40,24,
400945262,10,True,40,24,
400945262,14,True,40,24,
400945263,3,False,38,56,18.0
400945263,7,False,38,56,18.0
400945263,10,False,38,56,18.0
400945263,14,False,38,56,18.0
400933883,3,False,22,48,26.0
400933883,7,False,22,48,26.0
400933883,10,False,22,48,26.0
400933883,14,False,22,48,26.0
400933883,21,False,22,48,26.0
400933884,3,True,27,19,
400934522,3,True,31,24,
400934523,3,False,31,38,7.0
400934523,7,False,31,38,7.0
400934524,3,True,40,34,
400934524,7,True,40,34,
400934524,10,True,40,34,
400935289,3,False,42,45,3.0
400935289,7,False,42,45,3.0
400935289,10,False,42,45,3.0
400935289,14,False,42,45,3.0
400935291,3,True,23,20,
400935292,3,True,33,10,
400935371,3,True,45,16,
400935372,3,False,10,14,4.0
400935372,7,False,10,14,4.0
400935372,10,False,10,14,4.0
400935376,3,True,31,17,
400935376,7,True,31,17,
400937487,3,False,25,39,14.0
400937487,7,False,25,39,14.0
400937487,10,False,25,39,14.0
400937487,14,False,25,39,14.0
400937490,3,False,21,28,7.0
400937490,7,False,21,28,7.0
400937490,10,False,21,28,7.0
400937490,14,False,21,28,7.0
400937491,3,True,27,24,
400937491,7,True,27,24,
400938629,3,True,58,28,
400938630,3,False,22,23,1.0
400938630,7,False,22,23,1.0
400938630,10,False,22,23,1.0
400938631,3,True,15,14,
400938676,3,False,29,31,2.0
400938676,7,False,29,31,2.0
400938676,10,False,29,31,2.0
400938676,14,False,29,31,2.0
400941814,3,True,70,31,
400941814,7,True,70,31,
400941815,3,True,48,45,
400941817,3,True,34,10,
400941818,3,True,35,22,
400944848,3,False,16,21,5.0
400944848,7,False,16,21,5.0
400944848,10,False,16,21,5.0
400944850,3,True,45,31,
400944850,7,True,45,31,
400944989,3,False,29,37,8.0
400944989,7,False,29,37,8.0
400944990,3,False,23,26,3.0
400944990,7,False,23,26,3.0
400944990,10,False,23,26,3.0
400944991,3,True,20,15,
400944993,3,True,71,68,
400945267,3,True,24,7,
400945267,7,True,24,7,
400945270,3,False,21,35,14.0
400945270,7,False,21,35,14.0
400945270,10,False,21,35,14.0
400945270,14,False,21,35,14.0
400981507,3,True,24,20,
400933889,3,False,23,27,4.0
400933890,3,True,57,35,
400933890,7,True,57,35,
400933892,3,False,9,15,6.0
400934526,3,True,59,16,
400934526,7,True,59,16,
400934529,3,True,46,35,
400934529,7,True,46,35,
400934529,10,True,46,35,
400934529,14,True,46,35,
400934567,3,True,28,27,
400934567,7,True,28,27,
400935294,3,False,3,37,34.0
400935294,7,False,3,37,34.0
400935294,10,False,3,37,34.0
400935294,14,False,3,37,34.0
400935294,21,False,3,37,34.0
400935295,3,False,30,47,17.0
400935295,7,False,30,47,17.0
400935295,10,False,30,47,17.0
400935295,14,False,30,47,17.0
400935296,3,False,7,13,6.0
400935296,7,False,7,13,6.0
400935296,10,False,7,13,6.0
400935297,3,True,28,27,
400935297,7,True,28,27,
400935297,10,True,28,27,
400935297,14,True,28,27,
400935298,3,True,36,33,
400935298,7,True,36,33,
400935377,3,True,37,21,
400935377,7,True,37,21,
400935378,3,False,24,35,11.0
400935378,7,False,24,35,11.0
400935378,10,False,24,35,11.0
400935378,14,False,24,35,11.0
400935380,3,True,30,27,
400937493,3,False,24,27,3.0
400937493,7,False,24,27,3.0
400937494,3,False,42,45,3.0
400937494,7,False,42,45,3.0
400937494,10,False,42,45,3.0
400937494,14,False,42,45,3.0
400937496,3,True,20,14,
400937497,3,True,35,17,
400937497,7,True,35,17,
400938633,3,False,10,23,13.0
400938633,7,False,10,23,13.0
400938633,10,False,10,23,13.0
400938634,3,True,35,3,
400938635,3,False,23,25,2.0
400938636,3,False,26,29,3.0
400938636,7,False,26,29,3.0
400938636,10,False,26,29,3.0
400941821,3,False,24,28,4.0
400941821,7,False,24,28,4.0
400941821,10,False,24,28,4.0
400941821,14,False,24,28,4.0
400941822,3,False,17,45,28.0
400941822,7,False,17,45,28.0
400941822,10,False,17,45,28.0
400941822,14,False,17,45,28.0
400941822,21,False,17,45,28.0
400941823,3,True,30,27,
400944851,3,False,8,19,11.0
400944851,7,False,8,19,11.0
400944851,10,False,8,19,11.0
400944851,14,False,8,19,11.0
400944853,3,True,23,20,
400944853,7,True,23,20,
400944853,10,True,23,20,
400944853,14,True,23,20,
400944855,3,True,35,27,
400944856,3,False,37,47,10.0
400944856,7,False,37,47,10.0
400944856,10,False,37,47,10.0
400944856,14,False,37,47,10.0
400944856,21,False,37,47,10.0
400944994,3,False,13,14,1.0
400944994,7,False,13,14,1.0
400944994,10,False,13,14,1.0
400944994,14,False,13,14,1.0
400944995,3,False,14,17,3.0
400944996,3,True,14,13,
400944997,3,True,48,30,
400945272,3,True,34,30,
400945272,7,True,34,30,
400945272,10,True,34,30,
400945272,14,True,34,30,
400945272,21,True,34,30,
400945273,3,False,14,31,17.0
400945273,7,False,14,31,17.0
400945273,10,False,14,31,17.0
400945273,14,False,14,31,17.0
400945273,21,False,14,31,17.0
400945274,3,True,44,42,
400945274,7,True,44,42,
400945274,10,True,44,42,
400945275,3,False,0,38,38.0
400945275,7,False,0,38,38.0
400945275,10,False,0,38,38.0
400945275,14,False,0,38,38.0
400945275,21,False,0,38,38.0
400945276,3,False,23,28,5.0
400945277,3,True,37,26,
400945277,7,True,37,26,
400945277,10,True,37,26,
400981508,3,True,25,24,
400981508,7,True,25,24,
400981508,10,True,25,24,
400933897,3,True,68,21,
400933897,7,True,68,21,
400934531,3,False,13,31,18.0
400934531,7,False,13,31,18.0
400934531,10,False,13,31,18.0
400934531,14,False,13,31,18.0
400934534,3,True,42,35,
400934534,7,True,42,35,
400934534,10,True,42,35,
400934534,14,True,42,35,
400934535,3,True,13,10,
400934568,3,True,31,28,
400934568,7,True,31,28,
400935300,3,True,45,44,
400935300,7,True,45,44,
400935301,3,False,10,30,20.0
400935301,7,False,10,30,20.0
400935301,10,False,10,30,20.0
400935301,14,False,10,30,20.0
400935301,21,False,10,30,20.0
400935383,3,True,17,9,
400935385,3,True,17,10,
400935385,7,True,17,10,
400935387,3,False,12,14,2.0
400935387,7,False,12,14,2.0
400935387,10,False,12,14,2.0
400937498,3,False,10,41,31.0
400937498,7,False,10,41,31.0
400937498,10,False,10,41,31.0
400937498,14,False,10,41,31.0
400937498,21,False,10,41,31.0
400937499,3,False,17,24,7.0
400937499,7,False,17,24,7.0
400937500,3,False,28,31,3.0
400937500,7,False,28,31,3.0
400937500,10,False,28,31,3.0
400937500,14,False,28,31,3.0
400937501,3,True,38,24,
400937501,7,True,38,24,
400937501,10,True,38,24,
400938641,3,True,35,31,
400938641,7,True,35,31,
400938641,10,True,35,31,
400941824,3,False,38,42,4.0
400941826,3,True,31,28,
400941826,7,True,31,28,
400941827,3,False,14,20,6.0
400941827,7,False,14,20,6.0
400941827,10,False,14,20,6.0
400941827,14,False,14,20,6.0
400941828,3,False,17,33,16.0
400941828,7,False,17,33,16.0
400941828,10,False,17,33,16.0
400941828,14,False,17,33,16.0
400941828,21,False,17,33,16.0
400944858,3,True,37,29,
400944859,3,True,33,23,
400945002,3,True,48,3,
400945004,3,True,20,17,
400945278,3,True,45,42,
400945278,7,True,45,42,
400945279,3,True,24,14,
400945279,7,True,24,14,
400945280,3,True,27,24,
400945280,7,True,27,24,
400945281,3,False,28,52,24.0
400945281,7,False,28,52,24.0
400945281,10,False,28,52,24.0
400945281,14,False,28,52,24.0
400945281,21,False,28,52,24.0
400945282,3,False,3,27,24.0
400945282,7,False,3,27,24.0
400945282,10,False,3,27,24.0
400945282,14,False,3,27,24.0
400945282,21,False,3,27,24.0
400933899,3,True,29,26,
400933902,3,True,34,27,
400933902,7,True,34,27,
400934536,3,True,30,20,
400934539,3,True,49,27,
400934540,3,False,7,14,7.0
400934540,7,False,7,14,7.0
400934540,10,False,7,14,7.0
400934540,14,False,7,14,7.0
400934579,3,True,35,14,
400934579,7,True,35,14,
400935304,3,True,15,14,
400935304,7,True,15,14,
400935305,3,True,58,37,
400935307,3,True,44,23,
400935309,3,False,20,41,21.0
400935309,7,False,20,41,21.0
400935309,10,False,20,41,21.0
400935309,14,False,20,41,21.0
400935309,21,False,20,41,21.0
400935389,3,False,31,39,8.0
400935389,7,False,31,39,8.0
400935392,3,False,39,42,3.0
400935392,7,False,39,42,3.0
400935394,3,True,39,38,
400935394,7,True,39,38,
400935394,10,True,39,38,
400935394,14,True,39,38,
400935395,3,False,24,25,1.0
400937504,3,False,3,35,32.0
400937504,7,False,3,35,32.0
400937504,10,False,3,35,32.0
400937504,14,False,3,35,32.0
400937504,21,False,3,35,32.0
400937507,3,False,32,42,10.0
400937507,7,False,32,42,10.0
400937507,10,False,32,42,10.0
400937507,14,False,32,42,10.0
400937507,21,False,32,42,10.0
400937508,3,True,24,19,
400938643,3,False,30,41,11.0
400938643,7,False,30,41,11.0
400938643,10,False,30,41,11.0
400938643,14,False,30,41,11.0
400938643,21,False,30,41,11.0
400938644,3,True,42,28,
400938644,7,True,42,28,
400938646,3,True,45,38,
400938647,3,False,12,30,18.0
400938647,7,False,12,30,18.0
400938647,10,False,12,30,18.0
400938647,14,False,12,30,18.0
400938893,3,False,27,30,3.0
400938893,7,False,27,30,3.0
400938893,10,False,27,30,3.0
400941831,3,True,38,34,
400941831,7,True,38,34,
400941831,10,True,38,34,
400941831,14,True,38,34,
400941839,3,False,24,28,4.0
400944862,3,True,37,21,
400944862,7,True,37,21,
400944863,3,False,7,27,20.0
400944863,7,False,7,27,20.0
400944863,10,False,7,27,20.0
400944863,14,False,7,27,20.0
400945005,3,True,30,27,
400945005,7,True,30,27,
400945005,10,True,30,27,
400945005,14,True,30,27,
400945006,3,True,58,17,
400945007,3,False,20,21,1.0
400945283,3,False,28,45,17.0
400945283,7,False,28,45,17.0
400945283,10,False,28,45,17.0
400945283,14,False,28,45,17.0
400945286,3,False,16,26,10.0
400945286,7,False,16,26,10.0
400945286,10,False,16,26,10.0
400933905,3,True,39,38,
400933905,7,True,39,38,
400933905,10,True,39,38,
400933907,3,False,34,37,3.0
400933908,3,True,34,23,
400933908,7,True,34,23,
400933911,3,True,42,27,
400934541,3,True,38,9,
400934543,3,False,35,42,7.0
400934543,7,False,35,42,7.0
400934543,10,False,35,42,7.0
400934544,3,False,52,62,10.0
400934544,7,False,52,62,10.0
400934544,10,False,52,62,10.0
400934569,3,False,0,21,21.0
400934569,7,False,0,21,21.0
400934569,10,False,0,21,21.0
400934569,14,False,0,21,21.0
400934569,21,False,0,21,21.0
400934580,3,True,48,37,
400935312,3,True,41,30,
400935312,7,True,41,30,
400935312,10,True,41,30,
400935313,3,True,38,3,
400935314,3,True,37,23,
400935314,7,True,37,23,
400935315,3,False,21,24,3.0
400935315,7,False,21,24,3.0
400935315,10,False,21,24,3.0
400935396,3,True,45,17,
400935396,7,True,45,17,
400935396,10,True,45,17,
400935397,3,False,24,55,31.0
400935397,7,False,24,55,31.0
400935397,10,False,24,55,31.0
400935397,14,False,24,55,31.0
400935397,21,False,24,55,31.0
400935399,3,False,24,27,3.0
400935399,7,False,24,27,3.0
400935400,3,False,24,31,7.0
400935400,7,False,24,31,7.0
400935402,3,False,24,31,7.0
400935402,7,False,24,31,7.0
400935402,10,False,24,31,7.0
400937510,3,True,38,31,
400937510,7,True,38,31,
400937512,3,False,36,40,4.0
400938650,3,False,7,14,7.0
400938650,7,False,7,14,7.0
400938650,10,False,7,14,7.0
400938650,14,False,7,14,7.0
400938651,3,False,23,24,1.0
400938651,7,False,23,24,1.0
400941834,3,False,26,34,8.0
400941834,7,False,26,34,8.0
400941834,10,False,26,34,8.0
400941834,14,False,26,34,8.0
400941834,21,False,26,34,8.0
400941836,3,True,31,24,
400941836,7,True,31,24,
400941837,3,False,16,17,1.0
400944866,3,True,24,21,
400944866,7,True,24,21,
400944867,3,False,45,52,7.0
400944867,7,False,45,52,7.0
400944867,10,False,45,52,7.0
400944867,14,False,45,52,7.0
400944868,3,True,21,17,
400944868,7,True,21,17,
400944868,10,True,21,17,
400944869,3,False,14,19,5.0
400944869,7,False,14,19,5.0
400944869,10,False,14,19,5.0
400944869,14,False,14,19,5.0
400944870,3,True,45,35,
400944870,7,True,45,35,
400945010,3,False,28,35,7.0
400945010,7,False,28,35,7.0
400945012,3,True,27,17,
400945289,3,True,41,14,
400945289,7,True,41,14,
400945290,3,False,13,16,3.0
400945291,3,False,10,24,14.0
400945291,7,False,10,24,14.0
400945291,10,False,10,24,14.0
400945291,14,False,10,24,14.0
400945291,21,False,10,24,14.0
400945293,3,True,31,23,
400933913,3,False,17,40,23.0
400933913,7,False,17,40,23.0
400933913,10,False,17,40,23.0
400933913,14,False,17,40,23.0
400933913,21,False,17,40,23.0
400933916,3,True,31,24,
400933916,7,True,31,24,
400933920,3,False,21,44,23.0
400933920,7,False,21,44,23.0
400933920,10,False,21,44,23.0
400933920,14,False,21,44,23.0
400933920,21,False,21,44,23.0
400934547,3,True,28,23,
400934548,3,True,49,42,
400934548,7,True,49,42,
400934548,10,True,49,42,
400934548,14,True,49,42,
400934550,3,True,38,20,
400934565,3,False,16,21,5.0
400934565,7,False,16,21,5.0
400934565,10,False,16,21,5.0
400934565,14,False,16,21,5.0
400934581,3,False,8,41,33.0
400934581,7,False,8,41,33.0
400934581,10,False,8,41,33.0
400934581,14,False,8,41,33.0
400934581,21,False,8,41,33.0
400935316,3,False,22,30,8.0
400935316,7,False,22,30,8.0
400935316,10,False,22,30,8.0
400935316,14,False,22,30,8.0
400935318,3,True,44,37,
400935318,7,True,44,37,
400935318,10,True,44,37,
400935318,14,True,44,37,
400935408,3,True,35,6,
400935409,3,True,38,14,
400935409,7,True,38,14,
400937514,3,False,31,34,3.0
400937514,7,False,31,34,3.0
400937514,10,False,31,34,3.0
400937515,3,True,17,14,
400937515,7,True,17,14,
400937517,3,False,22,28,6.0
400937517,7,False,22,28,6.0
400937517,10,False,22,28,6.0
400937518,3,True,38,21,
400937518,7,True,38,21,
400937519,3,True,64,43,
400937519,7,True,64,43,
400937519,10,True,64,43,
400937519,14,True,64,43,
400938654,3,True,35,21,
400938654,7,True,35,21,
400938655,3,False,30,37,7.0
400938655,7,False,30,37,7.0
400938655,10,False,30,37,7.0
400938655,14,False,30,37,7.0
400938657,3,True,30,23,
400938657,7,True,30,23,
400938658,3,True,45,10,
400938658,7,True,45,10,
400938660,3,False,19,24,5.0
400938660,7,False,19,24,5.0
400938660,10,False,19,24,5.0
400938660,14,False,19,24,5.0
400944871,3,True,27,6,
400944872,3,False,19,24,5.0
400944872,7,False,19,24,5.0
400944872,10,False,19,24,5.0
400945013,3,True,24,14,
400945013,7,True,24,14,
400945015,3,False,30,42,12.0
400945015,7,False,30,42,12.0
400945015,10,False,30,42,12.0
400945015,14,False,30,42,12.0
400945017,3,False,10,38,28.0
400945017,7,False,10,38,28.0
400945017,10,False,10,38,28.0
400945017,14,False,10,38,28.0
400945017,21,False,10,38,28.0
400945295,3,False,14,28,14.0
400945295,7,False,14,28,14.0
400945295,10,False,14,28,14.0
400945295,14,False,14,28,14.0
400945295,21,False,14,28,14.0
400945296,3,True,59,52,
400945296,7,True,59,52,
400945296,10,True,59,52,
400945296,14,True,59,52,
400945296,21,True,59,52,
400945297,3,True,31,21,
400945297,7,True,31,21,
400945298,3,True,59,14,
400945298,7,True,59,14,
400945299,3,False,21,31,10.0
400945299,7,False,21,31,10.0
400945299,10,False,21,31,10.0
400945299,14,False,21,31,10.0
400933922,3,True,28,21,
400933922,7,True,28,21,
400933922,10,True,28,21,
400933922,14,True,28,21,
400933925,3,True,42,13,
400933926,3,True,31,24,
400933926,7,True,31,24,
400934551,3,True,23,13,
400934551,7,True,23,13,
400934552,3,False,40,45,5.0
400934552,7,False,40,45,5.0
400934552,10,False,40,45,5.0
400934552,14,False,40,45,5.0
400934552,21,False,40,45,5.0
400934554,3,False,14,28,14.0
400934554,7,False,14,28,14.0
400934554,10,False,14,28,14.0
400934554,14,False,14,28,14.0
400934555,3,True,27,3,
400934582,3,True,24,17,
400934582,7,True,24,17,
400935321,3,True,48,28,
400935321,7,True,48,28,
400935324,3,True,33,30,
400935324,7,True,33,30,
400935411,3,False,15,24,9.0
400935411,7,False,15,24,9.0
400935411,10,False,15,24,9.0
400935411,14,False,15,24,9.0
400935415,3,True,56,44,
400935416,3,True,24,10,
400937520,3,True,39,16,
400937522,3,False,20,43,23.0
400937522,7,False,20,43,23.0
400937522,10,False,20,43,23.0
400937522,14,False,20,43,23.0
400937522,21,False,20,43,23.0
400937525,3,True,44,28,
400937525,7,True,44,28,
400937525,10,True,44,28,
400937525,14,True,44,28,
400937528,3,True,20,14,
400938665,3,False,38,41,3.0
400938665,7,False,38,41,3.0
400938666,3,True,24,21,
400938666,7,True,24,21,
400938895,3,False,10,16,6.0
400938895,7,False,10,16,6.0
400938895,10,False,10,16,6.0
400938895,14,False,10,16,6.0
400941844,3,True,45,19,
400941845,3,False,20,48,28.0
400941845,7,False,20,48,28.0
400941845,10,False,20,48,28.0
400941845,14,False,20,48,28.0
400941845,21,False,20,48,28.0
400941846,3,False,17,20,3.0
400941846,7,False,17,20,3.0
400941846,10,False,17,20,3.0
400941847,3,True,66,45,
400941847,7,True,66,45,
400941847,10,True,66,45,
400941848,3,True,27,20,
400941848,7,True,27,20,
400944875,3,True,30,12,
400944876,3,False,7,13,6.0
400944877,3,False,0,52,52.0
400944877,7,False,0,52,52.0
400944877,10,False,0,52,52.0
400944877,14,False,0,52,52.0
400944877,21,False,0,52,52.0
400944878,3,False,34,47,13.0
400944878,7,False,34,47,13.0
400944878,10,False,34,47,13.0
400944878,14,False,34,47,13.0
400945019,3,True,42,23,
400945020,3,False,34,37,3.0
400945020,7,False,34,37,3.0
400945020,10,False,34,37,3.0
400945021,3,False,24,27,3.0
400945021,7,False,24,27,3.0
400945021,10,False,24,27,3.0
400945022,3,True,66,37,
400945022,7,True,66,37,
400945023,3,True,35,31,
400945023,7,True,35,31,
400945301,3,True,42,14,
400945301,7,True,42,14,
400945302,3,False,35,38,3.0
400945302,7,False,35,38,3.0
400945302,10,False,35,38,3.0
400945305,3,True,42,23,
400945305,7,True,42,23,
400945305,10,True,42,23,
400933930,3,False,28,31,3.0
400933930,7,False,28,31,3.0
400933930,10,False,28,31,3.0
400933930,14,False,28,31,3.0
400933931,3,True,48,45,
400933931,7,True,48,45,
400933931,10,True,48,45,
400933931,14,True,48,45,
400933932,3,False,14,26,12.0
400933932,7,False,14,26,12.0
400933932,10,False,14,26,12.0
400933938,3,False,24,42,18.0
400933938,7,False,24,42,18.0
400933938,10,False,24,42,18.0
400933938,14,False,24,42,18.0
400933938,21,False,24,42,18.0
400934556,3,True,45,22,
400934556,7,True,45,22,
400934557,3,False,23,27,4.0
400934558,3,True,20,19,
400934558,7,True,20,19,
400934558,10,True,20,19,
400934583,3,False,20,38,18.0
400934583,7,False,20,38,18.0
400934583,10,False,20,38,18.0
400934583,14,False,20,38,18.0
400935326,3,True,30,27,
400935328,3,False,30,42,12.0
400935328,7,False,30,42,12.0
400935328,10,False,30,42,12.0
400935417,3,True,56,14,
400935417,7,True,56,14,
400935418,3,True,42,7,
400935418,7,True,42,7,
400935420,3,True,31,20,
400935420,7,True,31,20,
400935420,10,True,31,20,
400935420,14,True,31,20,
400937529,3,False,14,24,10.0
400937529,7,False,14,24,10.0
400937529,10,False,14,24,10.0
400937529,14,False,14,24,10.0
400937532,3,False,23,31,8.0
400937532,7,False,23,31,8.0
400937533,3,True,33,21,
400937533,7,True,33,21,
400938668,3,False,17,41,24.0
400938668,7,False,17,41,24.0
400938668,10,False,17,41,24.0
400938668,14,False,17,41,24.0
400938668,21,False,17,41,24.0
400938669,3,False,6,20,14.0
400938669,7,False,6,20,14.0
400938669,10,False,6,20,14.0
400938669,14,False,6,20,14.0
400938670,3,False,27,28,1.0
400938670,7,False,27,28,1.0
400938671,3,True,41,10,
400938672,3,True,30,14,
400938672,7,True,30,14,
400938673,3,True,28,7,
400941849,3,True,49,42,
400941849,7,True,49,42,
400941850,3,True,24,14,
400941850,7,True,24,14,
400941851,3,True,22,21,
400941851,7,True,22,21,
400941853,3,True,43,22,
400941853,7,True,43,22,
400941854,3,True,41,38,
400941854,7,True,41,38,
400944880,3,True,67,50,
400944880,7,True,67,50,
400944881,3,False,24,34,10.0
400944881,7,False,24,34,10.0
400944881,10,False,24,34,10.0
400944881,14,False,24,34,10.0
400945025,3,True,34,31,
400945025,7,True,34,31,
400945028,3,False,24,31,7.0
400945028,7,False,24,31,7.0
400945029,3,False,24,31,7.0
400945029,7,False,24,31,7.0
400945029,10,False,24,31,7.0
400945029,14,False,24,31,7.0
400945306,3,True,38,35,
400945306,7,True,38,35,
400945306,10,True,38,35,
400945307,3,False,17,28,11.0
400945307,7,False,17,28,11.0
400945307,10,False,17,28,11.0
400945309,3,False,17,20,3.0
400945309,7,False,17,20,3.0
400945309,10,False,17,20,3.0
400945311,3,True,23,16,
400945311,7,True,23,16,
400944884,3,True,63,14,
400944884,7,True,63,14,
400944885,3,False,25,32,7.0
400944885,7,False,25,32,7.0
400944885,10,False,25,32,7.0
400944886,3,False,17,28,11.0
400944886,7,False,17,28,11.0
400944886,10,False,17,28,11.0
400944887,3,False,10,24,14.0
400944887,7,False,10,24,14.0
400944887,10,False,10,24,14.0
400944887,14,False,10,24,14.0
400944888,3,True,22,17,
400944888,7,True,22,17,
400955151,3,True,62,55,
400955151,7,True,62,55,
400955153,3,True,28,7,
400955153,7,True,28,7,
400955154,3,True,17,14,
400985387,3,False,45,63,18.0
400985387,7,False,45,63,18.0
400985387,10,False,45,63,18.0
400985387,14,False,45,63,18.0
400985387,21,False,45,63,18.0
400934572,3,False,13,14,1.0
400934572,7,False,13,14,1.0
401032055,3,True,31,20,
401032057,3,True,45,13,
401032061,3,False,32,35,3.0
401032061,7,False,32,35,3.0
401032061,10,False,32,35,3.0
401032062,3,True,49,18,
401032063,3,False,34,37,3.0
401032063,7,False,34,37,3.0
401032066,3,True,31,14,
401032068,3,False,10,34,24.0
401032068,7,False,10,34,24.0
401032068,10,False,10,34,24.0
401032068,14,False,10,34,24.0
401032068,21,False,10,34,24.0
401032069,3,True,10,7,
401032069,7,True,10,7,
401032070,3,False,27,56,29.0
401032070,7,False,27,56,29.0
401032070,10,False,27,56,29.0
401032070,14,False,27,56,29.0
401032070,21,False,27,56,29.0
401032071,3,False,3,35,32.0
401032071,7,False,3,35,32.0
401032071,10,False,3,35,32.0
401032071,14,False,3,35,32.0
401032071,21,False,3,35,32.0
401032072,3,False,38,45,7.0
401032072,7,False,38,45,7.0
401032072,10,False,38,45,7.0
401032074,3,True,34,18,
401032076,3,False,15,41,26.0
401032076,7,False,15,41,26.0
401032076,10,False,15,41,26.0
401032076,14,False,15,41,26.0
401032076,21,False,15,41,26.0
401032077,3,False,0,28,28.0
401032077,7,False,0,28,28.0
401032077,10,False,0,28,28.0
401032077,14,False,0,28,28.0
401032077,21,False,0,28,28.0
401032081,3,False,33,38,5.0
401032081,7,False,33,38,5.0
401032081,10,False,33,38,5.0
401032081,14,False,33,38,5.0
401032082,3,True,52,13,
401032083,3,False,22,27,5.0
401032083,7,False,22,27,5.0
401032083,10,False,22,27,5.0
401032086,3,False,21,28,7.0
401032086,7,False,21,28,7.0
401032086,10,False,21,28,7.0
401032086,14,False,21,28,7.0
401032086,21,False,21,28,7.0
401032087,3,False,16,44,28.0
401032087,7,False,16,44,28.0
401032087,10,False,16,44,28.0
401032087,14,False,16,44,28.0
401032087,21,False,16,44,28.0
401032088,3,False,24,27,3.0
401032088,7,False,24,27,3.0
401032088,10,False,24,27,3.0
401032088,14,False,24,27,3.0
401035250,3,False,20,31,11.0
401035250,7,False,20,31,11.0
401035250,10,False,20,31,11.0
401035251,3,True,14,13,
401035252,3,True,16,13,
401035253,3,True,41,24,
401035253,7,True,41,24,
401012676,3,False,23,28,5.0
401012676,7,False,23,28,5.0
401012676,10,False,23,28,5.0
401012676,14,False,23,28,5.0
401012678,3,True,43,21,
401012681,3,True,58,24,
401012681,7,True,58,24,
401012681,10,True,58,24,
401012683,3,True,41,19,
401012804,3,True,31,24,
401012804,7,True,31,24,
401012804,10,True,31,24,
401012804,14,True,31,24,
401012851,3,True,38,28,
401012851,7,True,38,28,
401012872,3,False,29,34,5.0
401012872,7,False,29,34,5.0
401012872,10,False,29,34,5.0
401012872,14,False,29,34,5.0
401012880,3,True,38,31,
401012880,7,True,38,31,
401012888,3,False,17,24,7.0
401012888,7,False,17,24,7.0
401012888,10,False,17,24,7.0
401012888,14,False,17,24,7.0
401013086,3,True,23,17,
401013095,3,False,17,33,16.0
401013095,7,False,17,33,16.0
401013095,10,False,17,33,16.0
401013095,14,False,17,33,16.0
401013095,21,False,17,33,16.0
401013096,3,False,3,24,21.0
401013096,7,False,3,24,21.0
401013096,10,False,3,24,21.0
401013096,14,False,3,24,21.0
401013096,21,False,3,24,21.0
401013342,3,False,27,31,4.0
401013342,7,False,27,31,4.0
401013342,10,False,27,31,4.0
401013342,14,False,27,31,4.0
401013349,3,True,45,38,
401013349,7,True,45,38,
401013448,3,False,10,52,42.0
401013448,7,False,10,52,42.0
401013448,10,False,10,52,42.0
401013448,14,False,10,52,42.0
401013448,21,False,10,52,42.0
401014975,3,False,28,35,7.0
401014975,7,False,28,35,7.0
401014975,10,False,28,35,7.0
401014975,14,False,28,35,7.0
401014975,21,False,28,35,7.0
401014977,3,True,45,27,
401014977,7,True,45,27,
401014977,10,True,45,27,
401019475,3,False,41,59,18.0
401019475,7,False,41,59,18.0
401019475,10,False,41,59,18.0
401019475,14,False,41,59,18.0
401019475,21,False,41,59,18.0
401022510,3,False,34,43,9.0
401022510,7,False,34,43,9.0
401022510,10,False,34,43,9.0
401022510,14,False,34,43,9.0
401022510,21,False,34,43,9.0
401022512,3,True,31,10,
401022512,7,True,31,10,
401012261,3,False,27,34,7.0
401012261,7,False,27,34,7.0
401012263,3,False,16,27,11.0
401012263,7,False,16,27,11.0
401012263,10,False,16,27,11.0
401012270,3,True,28,26,
401012727,3,False,13,16,3.0
401012728,3,True,49,21,
401012728,7,True,49,21,
401012729,3,False,28,33,5.0
401012729,7,False,28,33,5.0
401012729,10,False,28,33,5.0
401012729,14,False,28,33,5.0
401012730,3,True,17,6,
401012735,3,False,18,21,3.0
401012735,7,False,18,21,3.0
401012735,10,False,18,21,3.0
401012852,3,True,20,16,
401012852,7,True,20,16,
401012863,3,True,13,3,
401012873,3,True,45,14,
401012873,7,True,45,14,
401013098,3,False,7,21,14.0
401013098,7,False,7,21,14.0
401013098,10,False,7,21,14.0
401013098,14,False,7,21,14.0
401013100,3,False,38,49,11.0
401013100,7,False,38,49,11.0
401013100,10,False,38,49,11.0
401013103,3,False,19,41,22.0
401013103,7,False,19,41,22.0
401013103,10,False,19,41,22.0
401013103,14,False,19,41,22.0
401013103,21,False,19,41,22.0
401013352,3,False,19,20,1.0
401013355,3,True,45,14,
401013355,7,True,45,14,
401013358,3,True,34,13,
401014982,3,True,28,20,
401014982,7,True,28,20,
401014982,10,True,28,20,
401014982,14,True,28,20,
401014989,3,False,20,21,1.0
401014989,7,False,20,21,1.0
401014990,3,False,24,47,23.0
401014990,7,False,24,47,23.0
401014990,10,False,24,47,23.0
401014990,14,False,24,47,23.0
401014990,21,False,24,47,23.0
401019477,3,True,42,12,
401019477,7,True,42,12,
401019479,3,False,21,22,1.0
401012272,3,False,17,44,27.0
401012272,7,False,17,44,27.0
401012272,10,False,17,44,27.0
401012272,14,False,17,44,27.0
401012272,21,False,17,44,27.0
401012273,3,False,21,22,1.0
401012273,7,False,21,22,1.0
401012273,10,False,21,22,1.0
401012277,3,True,62,7,
401012277,7,True,62,7,
401012278,3,True,56,10,
401012279,3,True,40,37,
401012738,3,False,21,28,7.0
401012738,7,False,21,28,7.0
401012738,10,False,21,28,7.0
401012738,14,False,21,28,7.0
401012739,3,True,37,14,
401012739,7,True,37,14,
401012739,10,True,37,14,
401012806,3,True,25,19,
401012806,7,True,25,19,
401012806,10,True,25,19,
401012853,3,True,38,10,
401012874,3,False,14,35,21.0
401012874,7,False,14,35,21.0
401012874,10,False,14,35,21.0
401012874,14,False,14,35,21.0
401012874,21,False,14,35,21.0
401013028,3,False,27,40,13.0
401013028,7,False,27,40,13.0
401013028,10,False,27,40,13.0
401013028,14,False,27,40,13.0
401013028,21,False,27,40,13.0
401013074,3,True,40,28,
401013074,7,True,40,28,
401013109,3,True,41,34,
401013109,7,True,41,34,
401013111,3,False,7,30,23.0
401013111,7,False,7,30,23.0
401013111,10,False,7,30,23.0
401013111,14,False,7,30,23.0
401013111,21,False,7,30,23.0
401013112,3,False,19,24,5.0
401013112,7,False,19,24,5.0
401013112,10,False,19,24,5.0
401013112,14,False,19,24,5.0
401013112,21,False,19,24,5.0
401013113,3,True,20,17,
401013113,7,True,20,17,
401013113,10,True,20,17,
401013113,14,True,20,17,
401013323,3,True,63,49,
401013323,7,True,63,49,
401013337,3,False,19,24,5.0
401013337,7,False,19,24,5.0
401013337,10,False,19,24,5.0
401013337,14,False,19,24,5.0
401013343,3,False,34,39,5.0
401013343,7,False,34,39,5.0
401013343,10,False,34,39,5.0
401013356,3,False,21,24,3.0
401013356,7,False,21,24,3.0
401013368,3,True,28,21,
401013368,7,True,28,21,
401013491,3,False,21,44,23.0
401013491,7,False,21,44,23.0
401013491,10,False,21,44,23.0
401013491,14,False,21,44,23.0
401013491,21,False,21,44,23.0
401014993,3,True,28,25,
401014996,3,False,24,31,7.0
401014996,7,False,24,31,7.0
401014996,10,False,24,31,7.0
401014996,14,False,24,31,7.0
401019488,3,False,20,29,9.0
401019488,7,False,20,29,9.0
401019488,10,False,20,29,9.0
401019488,14,False,20,29,9.0
401021660,3,True,41,31,
401021660,7,True,41,31,
401021660,10,True,41,31,
401021660,14,True,41,31,
401012286,3,False,7,28,21.0
401012286,7,False,7,28,21.0
401012286,10,False,7,28,21.0
401012286,14,False,7,28,21.0
401012286,21,False,7,28,21.0
401012748,3,True,39,36,
401012748,7,True,39,36,
401012748,10,True,39,36,
401012749,3,True,38,31,
401012749,7,True,38,31,
401012749,10,True,38,31,
401012749,14,True,38,31,
401012751,3,True,27,20,
401012751,7,True,27,20,
401012807,3,True,63,24,
401012865,3,True,28,17,
401013040,3,True,26,13,
401013040,7,True,26,13,
401013075,3,False,16,31,15.0
401013075,7,False,16,31,15.0
401013075,10,False,16,31,15.0
401013075,14,False,16,31,15.0
401013119,3,False,13,30,17.0
401013119,7,False,13,30,17.0
401013119,10,False,13,30,17.0
401013119,14,False,13,30,17.0
401013119,21,False,13,30,17.0
401013125,3,False,35,38,3.0
401013125,7,False,35,38,3.0
401013125,10,False,35,38,3.0
401013128,3,False,35,49,14.0
401013128,7,False,35,49,14.0
401013128,10,False,35,49,14.0
401013128,14,False,35,49,14.0
401013129,3,True,56,27,
401013324,3,False,17,41,24.0
401013324,7,False,17,41,24.0
401013324,10,False,17,41,24.0
401013324,14,False,17,41,24.0
401013324,21,False,17,41,24.0
401015000,3,False,20,28,8.0
401015000,7,False,20,28,8.0
401019492,3,True,20,13,
401019492,7,True,20,13,
401019494,3,True,52,35,
401019494,7,True,52,35,
401019495,3,False,30,31,1.0
401019495,7,False,30,31,1.0
401020683,3,True,23,20,
401021663,3,False,28,30,2.0
401021663,7,False,28,30,2.0
401021663,10,False,28,30,2.0
401021663,14,False,28,30,2.0
401021664,3,True,35,27,
401021664,7,True,35,27,
401022522,3,True,42,32,
401022522,7,True,42,32,
401012296,3,False,10,24,14.0
401012296,7,False,10,24,14.0
401012296,10,False,10,24,14.0
401012296,14,False,10,24,14.0
401012296,21,False,10,24,14.0
401012297,3,True,45,16,
401012298,3,False,6,13,7.0
401012298,7,False,6,13,7.0
401012752,3,True,38,16,
401012752,7,True,38,16,
401012756,3,False,24,28,4.0
401012756,7,False,24,28,4.0
401012757,3,True,42,24,
401012824,3,True,24,17,
401012824,7,True,24,17,
401012892,3,True,20,17,
401012892,7,True,20,17,
401012892,10,True,20,17,
401012892,14,True,20,17,
401013041,3,True,17,14,
401013041,7,True,17,14,
401013130,3,True,45,35,
401013130,7,True,45,35,
401013131,3,True,27,23,
401013131,7,True,27,23,
401013131,10,True,27,23,
401013132,3,False,14,31,17.0
401013132,7,False,14,31,17.0
401013132,10,False,14,31,17.0
401013132,14,False,14,31,17.0
401013133,3,True,28,24,
401013133,7,True,28,24,
401013133,10,True,28,24,
401013133,14,True,28,24,
401013134,3,True,63,17,
401013135,3,True,35,21,
401013338,3,True,42,28,
401013338,7,True,42,28,
401013347,3,True,27,26,
401013347,7,True,27,26,
401013347,10,True,27,26,
401013361,3,True,58,42,
401013361,7,True,58,42,
401013361,10,True,58,42,
401013361,14,True,58,42,
401013451,3,False,43,52,9.0
401013451,7,False,43,52,9.0
401013451,10,False,43,52,9.0
401013451,14,False,43,52,9.0
401013451,21,False,43,52,9.0
401013466,3,True,47,10,
401015004,3,False,27,29,2.0
401015004,7,False,27,29,2.0
401015005,3,True,20,17,
401015006,3,True,37,35,
401015006,7,True,37,35,
401015007,3,True,30,21,
401015007,7,True,30,21,
401019496,3,False,24,40,16.0
401019496,7,False,24,40,16.0
401019496,10,False,24,40,16.0
401019496,14,False,24,40,16.0
401019496,21,False,24,40,16.0
401020688,3,False,23,26,3.0
401020689,3,True,49,27,
401020750,3,True,40,39,
401020750,7,True,40,39,
401020750,10,True,40,39,
401021666,3,False,21,28,7.0
401021666,7,False,21,28,7.0
401022525,3,False,25,28,3.0
401022525,7,False,25,28,3.0
401022525,10,False,25,28,3.0
401022525,14,False,25,28,3.0
401012301,3,False,19,27,8.0
401012301,7,False,19,27,8.0
401012302,3,True,41,13,
401012304,3,False,9,23,14.0
401012304,7,False,9,23,14.0
401012304,10,False,9,23,14.0
401012304,14,False,9,23,14.0
401012305,3,False,35,37,2.0
401012305,7,False,35,37,2.0
401012306,3,True,20,14,
401012306,7,True,20,14,
401012759,3,False,17,24,7.0
401012759,7,False,17,24,7.0
401012759,10,False,17,24,7.0
401012761,3,True,28,21,
401012761,7,True,28,21,
401012762,3,True,56,37,
401012763,3,False,21,40,19.0
401012763,7,False,21,40,19.0
401012763,10,False,21,40,19.0
401012763,14,False,21,40,19.0
401012763,21,False,21,40,19.0
401012808,3,True,38,17,
401012855,3,True,49,26,
401012876,3,True,42,21,
401012882,3,False,19,29,10.0
401012882,7,False,19,29,10.0
401012882,10,False,19,29,10.0
401013031,3,True,37,34,
401013031,7,True,37,34,
401013042,3,False,42,48,6.0
401013042,7,False,42,48,6.0
401013042,10,False,42,48,6.0
401013067,3,False,45,48,3.0
401013067,7,False,45,48,3.0
401013067,10,False,45,48,3.0
401013067,14,False,45,48,3.0
401013067,21,False,45,48,3.0
401013141,3,True,28,27,
401013141,7,True,28,27,
401013141,10,True,28,27,
401013141,14,True,28,27,
401013142,3,False,37,44,7.0
401013142,7,False,37,44,7.0
401013142,10,False,37,44,7.0
401013362,3,True,58,42,
401015009,3,False,7,28,21.0
401015009,7,False,7,28,21.0
401015009,10,False,7,28,21.0
401015009,14,False,7,28,21.0
401015009,21,False,7,28,21.0
401015010,3,False,24,34,10.0
401015010,7,False,24,34,10.0
401015010,10,False,24,34,10.0
401015010,14,False,24,34,10.0
401015011,3,True,27,24,
401015012,3,False,3,20,17.0
401015012,7,False,3,20,17.0
401015012,10,False,3,20,17.0
401015012,14,False,3,20,17.0
401016407,3,False,20,45,25.0
401016407,7,False,20,45,25.0
401016407,10,False,20,45,25.0
401016407,14,False,20,45,25.0
401016407,21,False,20,45,25.0
401019499,3,True,41,26,
401019499,7,True,41,26,
401019499,10,True,41,26,
401019504,3,False,7,35,28.0
401019504,7,False,7,35,28.0
401019504,10,False,7,35,28.0
401019504,14,False,7,35,28.0
401019504,21,False,7,35,28.0
401020753,3,True,27,24,
401020755,3,True,27,26,
401020755,7,True,27,26,
401020755,10,True,27,26,
401020755,14,True,27,26,
401020812,3,False,17,41,24.0
401020812,7,False,17,41,24.0
401020812,10,False,17,41,24.0
401020812,14,False,17,41,24.0
401020812,21,False,17,41,24.0
401022528,3,False,13,19,6.0
401022528,7,False,13,19,6.0
401022528,10,False,13,19,6.0
401022530,3,False,14,50,36.0
401022530,7,False,14,50,36.0
401022530,10,False,14,50,36.0
401022530,14,False,14,50,36.0
401022530,21,False,14,50,36.0
401022531,3,False,13,17,4.0
401012308,3,True,37,33,
401012308,7,True,37,33,
401012308,10,True,37,33,
401012308,14,True,37,33,
401012309,3,False,24,30,6.0
401012309,7,False,24,30,6.0
401012309,10,False,24,30,6.0
401012310,3,False,16,36,20.0
401012310,7,False,16,36,20.0
401012310,10,False,16,36,20.0
401012310,14,False,16,36,20.0
401012312,3,True,37,27,
401012312,7,True,37,27,
401012312,10,True,37,27,
401012312,14,True,37,27,
401012765,3,True,31,20,
401012765,7,True,31,20,
401012766,3,False,27,30,3.0
401012766,7,False,27,30,3.0
401012767,3,False,7,37,30.0
401012767,7,False,7,37,30.0
401012767,10,False,7,37,30.0
401012767,14,False,7,37,30.0
401012767,21,False,7,37,30.0
401012809,3,True,46,7,
401012809,7,True,46,7,
401012856,3,True,42,16,
401012883,3,False,17,21,4.0
401013032,3,True,23,17,
401013043,3,False,14,30,16.0
401013043,7,False,14,30,16.0
401013043,10,False,14,30,16.0
401013043,14,False,14,30,16.0
401013061,3,False,12,31,19.0
401013061,7,False,12,31,19.0
401013061,10,False,12,31,19.0
401013061,14,False,12,31,19.0
401013076,3,False,14,17,3.0
401013144,3,True,38,20,
401013145,3,False,14,28,14.0
401013145,7,False,14,28,14.0
401013145,10,False,14,28,14.0
401013145,14,False,14,28,14.0
401013145,21,False,14,28,14.0
401013146,3,False,13,16,3.0
401013146,7,False,13,16,3.0
401013146,10,False,13,16,3.0
401013147,3,True,22,19,
401013147,7,True,22,19,
401013148,3,True,19,14,
401013148,7,True,19,14,
401013331,3,True,30,14,
401013340,3,True,34,31,
401013340,7,True,34,31,
401013340,10,True,34,31,
401013340,14,True,34,31,
401013452,3,False,16,22,6.0
401015013,3,False,14,40,26.0
401015013,7,False,14,40,26.0
401015013,10,False,14,40,26.0
401015013,14,False,14,40,26.0
401015013,21,False,14,40,26.0
401015014,3,True,24,21,
401015014,7,True,24,21,
401019505,3,True,25,24,
401019505,7,True,25,24,
401019505,10,True,25,24,
401019505,14,True,25,24,
401019508,3,True,24,17,
401019508,7,True,24,17,
401019508,10,True,24,17,
401020758,3,True,24,21,
401020758,7,True,24,21,
401020758,10,True,24,21,
401020759,3,False,26,28,2.0
401020759,7,False,26,28,2.0
401020759,10,False,26,28,2.0
401020759,14,False,26,28,2.0
401020759,21,False,26,28,2.0
401020760,3,True,42,35,
401020760,7,True,42,35,
401020760,10,True,42,35,
401020760,14,True,42,35,
401021672,3,True,35,9,
401021674,3,False,20,45,25.0
401021674,7,False,20,45,25.0
401021674,10,False,20,45,25.0
401021674,14,False,20,45,25.0
401021674,21,False,20,45,25.0
401022533,3,True,21,17,
401022534,3,True,31,27,
401022536,3,True,59,28,
401022536,7,True,59,28,
401022537,3,True,27,3,
401012314,3,True,14,7,
401012314,7,True,14,7,
401012768,3,True,20,13,
401012769,3,True,31,30,
401012770,3,True,41,28,
401012770,7,True,41,28,
401012770,10,True,41,28,
401012770,14,True,41,28,
401012772,3,True,27,13,
401012772,7,True,27,13,
401012846,3,True,18,15,
401012846,7,True,18,15,
401012857,3,True,33,28,
401012857,7,True,33,28,
401013150,3,False,14,28,14.0
401013150,7,False,14,28,14.0
401013150,10,False,14,28,14.0
401013150,14,False,14,28,14.0
401013151,3,True,38,17,
401013151,7,True,38,17,
401013151,10,True,38,17,
401013152,3,True,40,37,
401013152,7,True,40,37,
401013348,3,False,20,49,29.0
401013348,7,False,20,49,29.0
401013348,10,False,20,49,29.0
401013348,14,False,20,49,29.0
401013348,21,False,20,49,29.0
401013363,3,False,13,24,11.0
401013363,7,False,13,24,11.0
401013363,10,False,13,24,11.0
401013443,3,True,48,31,
401013443,7,True,48,31,
401013443,10,True,48,31,
401015019,3,True,21,13,
401015020,3,True,36,17,
401015020,7,True,36,17,
401015021,3,False,7,31,24.0
401015021,7,False,7,31,24.0
401015021,10,False,7,31,24.0
401015021,14,False,7,31,24.0
401015021,21,False,7,31,24.0
401015023,3,True,29,21,
401015023,7,True,29,21,
401015023,10,True,29,21,
401015024,3,False,34,37,3.0
401015024,7,False,34,37,3.0
401019509,3,True,37,10,
401019510,3,True,24,17,
401019510,7,True,24,17,
401019511,3,True,38,30,
401019511,7,True,38,30,
401019511,10,True,38,30,
401019511,14,True,38,30,
401019512,3,True,49,36,
401019512,7,True,49,36,
401019512,10,True,49,36,
401019513,3,False,23,27,4.0
401020761,3,True,24,23,
401020761,7,True,24,23,
401020762,3,True,49,14,
401020762,7,True,49,14,
401020763,3,False,17,31,14.0
401020763,7,False,17,31,14.0
401020763,10,False,17,31,14.0
401020763,14,False,17,31,14.0
401021678,3,True,20,14,
401021678,7,True,20,14,
401022539,3,True,41,35,
401022539,7,True,41,35,
401022542,3,False,22,40,18.0
401022542,7,False,22,40,18.0
401022542,10,False,22,40,18.0
401022542,14,False,22,40,18.0
401012319,3,False,31,45,14.0
401012319,7,False,31,45,14.0
401012319,10,False,31,45,14.0
401012319,14,False,31,45,14.0
401012319,21,False,31,45,14.0
401012321,3,False,13,28,15.0
401012321,7,False,13,28,15.0
401012321,10,False,13,28,15.0
401012321,14,False,13,28,15.0
401012322,3,False,14,15,1.0
401012323,3,True,27,24,
401012323,7,True,27,24,
401012323,10,True,27,24,
401012774,3,True,41,10,
401012775,3,False,15,44,29.0
401012775,7,False,15,44,29.0
401012775,10,False,15,44,29.0
401012775,14,False,15,44,29.0
401012775,21,False,15,44,29.0
401012776,3,False,35,38,3.0
401012776,7,False,35,38,3.0
401012776,10,False,35,38,3.0
401012776,14,False,35,38,3.0
401012778,3,False,10,12,2.0
401012779,3,False,38,41,3.0
401012779,7,False,38,41,3.0
401012811,3,True,63,33,
401012858,3,False,31,38,7.0
401012858,7,False,31,38,7.0
401012858,10,False,31,38,7.0
401012858,14,False,31,38,7.0
401012858,21,False,31,38,7.0
401012868,3,True,30,24,
401012868,7,True,30,24,
401012868,10,True,30,24,
401012885,3,False,13,23,10.0
401012885,7,False,13,23,10.0
401012885,10,False,13,23,10.0
401013044,3,True,40,31,
401013044,7,True,40,31,
401013044,10,True,40,31,
401013053,3,False,26,27,1.0
401013053,7,False,26,27,1.0
401013153,3,False,28,49,21.0
401013153,7,False,28,49,21.0
401013153,10,False,28,49,21.0
401013153,14,False,28,49,21.0
401013153,21,False,28,49,21.0
401013154,3,False,14,27,13.0
401013154,7,False,14,27,13.0
401013154,10,False,14,27,13.0
401013156,3,False,45,54,9.0
401013156,7,False,45,54,9.0
401013157,3,False,35,56,21.0
401013157,7,False,35,56,21.0
401013157,10,False,35,56,21.0
401013157,14,False,35,56,21.0
401013157,21,False,35,56,21.0
401013159,3,False,41,51,10.0
401013159,7,False,41,51,10.0
401013159,10,False,41,51,10.0
401013159,14,False,41,51,10.0
401013320,3,False,35,38,3.0
401013320,7,False,35,38,3.0
401013320,10,False,35,38,3.0
401013320,14,False,35,38,3.0
401013344,3,False,17,31,14.0
401013344,7,False,17,31,14.0
401013344,10,False,17,31,14.0
401013344,14,False,17,31,14.0
401013344,21,False,17,31,14.0
401013364,3,True,22,17,
401013364,7,True,22,17,
401013364,10,True,22,17,
401015026,3,False,17,20,3.0
401015026,7,False,17,20,3.0
401015026,10,False,17,20,3.0
401015026,14,False,17,20,3.0
401015028,3,False,13,21,8.0
401015028,7,False,13,21,8.0
401015030,3,True,41,17,
401015030,7,True,41,17,
401016409,3,False,6,7,1.0
401019514,3,True,26,20,
401019516,3,False,17,24,7.0
401019516,7,False,17,24,7.0
401020766,3,True,52,14,
401020766,7,True,52,14,
401020767,3,False,24,51,27.0
401020767,7,False,24,51,27.0
401020767,10,False,24,51,27.0
401020767,14,False,24,51,27.0
401020767,21,False,24,51,27.0
401021680,3,False,14,34,20.0
401021680,7,False,14,34,20.0
401021680,10,False,14,34,20.0
401021680,14,False,14,34,20.0
401021680,21,False,14,34,20.0
401021681,3,False,43,47,4.0
401021681,7,False,43,47,4.0
401021681,10,False,43,47,4.0
401021681,14,False,43,47,4.0
401021682,3,True,37,34,
401021682,7,True,37,34,
401022544,3,True,48,38,
401022544,7,True,48,38,
401022545,3,True,61,19,
401022547,3,True,50,20,
401022548,3,False,24,28,4.0
401012324,3,True,28,24,
401012324,7,True,28,24,
401012324,10,True,28,24,
401012325,3,False,17,38,21.0
401012325,7,False,17,38,21.0
401012325,10,False,17,38,21.0
401012325,14,False,17,38,21.0
401012325,21,False,17,38,21.0
401012328,3,False,44,48,4.0
401012328,7,False,44,48,4.0
401012328,10,False,44,48,4.0
401012328,14,False,44,48,4.0
401012780,3,True,42,34,
401012780,7,True,42,34,
401012780,10,True,42,34,
401012785,3,True,19,13,
401012812,3,False,31,55,24.0
401012812,7,False,31,55,24.0
401012812,10,False,31,55,24.0
401012812,14,False,31,55,24.0
401012812,21,False,31,55,24.0
401013034,3,False,31,35,4.0
401013069,3,True,51,46,
401013069,7,True,51,46,
401013069,10,True,51,46,
401013069,14,True,51,46,
401013160,3,False,13,23,10.0
401013160,7,False,13,23,10.0
401013160,10,False,13,23,10.0
401013161,3,True,31,21,
401013161,7,True,31,21,
401013163,3,False,12,20,8.0
401013163,7,False,12,20,8.0
401013165,3,True,38,28,
401013165,7,True,38,28,
401013166,3,True,41,24,
401013166,7,True,41,24,
401013166,10,True,41,24,
401013188,3,True,42,41,
401013188,7,True,42,41,
401013341,3,True,36,31,
401013341,7,True,36,31,
401013365,3,False,59,62,3.0
401013365,7,False,59,62,3.0
401015032,3,False,14,49,35.0
401015032,7,False,14,49,35.0
401015032,10,False,14,49,35.0
401015032,14,False,14,49,35.0
401015032,21,False,14,49,35.0
401015033,3,False,24,26,2.0
401015033,7,False,24,26,2.0
401019517,3,True,52,40,
401019517,7,True,52,40,
401019517,10,True,52,40,
401019522,3,False,31,45,14.0
401019522,7,False,31,45,14.0
401019522,10,False,31,45,14.0
401019522,14,False,31,45,14.0
401019522,21,False,31,45,14.0
401020769,3,False,28,35,7.0
401020769,7,False,28,35,7.0
401020770,3,True,51,42,
401020770,7,True,51,42,
401021685,3,False,25,44,19.0
401021685,7,False,25,44,19.0
401021685,10,False,25,44,19.0
401021685,14,False,25,44,19.0
401021685,21,False,25,44,19.0
401021686,3,False,30,40,10.0
401021686,7,False,30,40,10.0
401021686,10,False,30,40,10.0
401021686,14,False,30,40,10.0
401021686,21,False,30,40,10.0
401022550,3,True,31,23,
401022550,7,True,31,23,
401012333,3,True,35,31,
401012333,7,True,35,31,
401012333,10,True,35,31,
401012333,14,True,35,31,
401012334,3,True,27,10,
401012335,3,True,33,28,
401012335,7,True,33,28,
401012335,10,True,33,28,
401012336,3,False,7,24,17.0
401012336,7,False,7,24,17.0
401012336,10,False,7,24,17.0
401012336,14,False,7,24,17.0
401012336,21,False,7,24,17.0
401012337,3,True,38,24,
401012337,7,True,38,24,
401012786,3,True,31,28,
401012788,3,True,31,7,
401012788,7,True,31,7,
401012789,3,True,32,25,
401012859,3,True,34,32,
401012870,3,False,10,14,4.0
401013054,3,True,21,17,
401013070,3,True,48,47,
401013077,3,True,47,10,
401013167,3,False,23,27,4.0
401013169,3,True,27,7,
401013170,3,True,42,35,
401013170,7,True,42,35,
401013172,3,True,27,21,
401013172,7,True,27,21,
401013174,3,True,45,24,
401013174,7,True,45,24,
401013321,3,True,41,34,
401013321,7,True,41,34,
401013333,3,False,10,41,31.0
401013333,7,False,10,41,31.0
401013333,10,False,10,41,31.0
401013333,14,False,10,41,31.0
401013333,21,False,10,41,31.0
401013351,3,True,22,10,
401013351,7,True,22,10,
401013366,3,True,35,16,
401013366,7,True,35,16,
401013366,10,True,35,16,
401015037,3,True,30,13,
401015037,7,True,30,13,
401015040,3,True,28,13,
401015042,3,False,31,34,3.0
401015043,3,True,26,23,
401015043,7,True,26,23,
401015043,10,True,26,23,
401019524,3,True,35,23,
401019526,3,True,24,18,
401019527,3,False,49,59,10.0
401019527,7,False,49,59,10.0
401019527,10,False,49,59,10.0
401019527,14,False,49,59,10.0
401019527,21,False,49,59,10.0
401020776,3,False,28,30,2.0
401020776,7,False,28,30,2.0
401020776,10,False,28,30,2.0
401020776,14,False,28,30,2.0
401020776,21,False,28,30,2.0
401020777,3,True,38,15,
401020779,3,False,13,24,11.0
401020779,7,False,13,24,11.0
401020779,10,False,13,24,11.0
401021689,3,True,35,21,
401021689,7,True,35,21,
401021689,10,True,35,21,
401021691,3,True,38,10,
401021691,7,True,38,10,
401022556,3,False,17,24,7.0
401022556,7,False,17,24,7.0
401022558,3,False,24,27,3.0
401012348,3,True,36,29,
401012348,7,True,36,29,
401012348,10,True,36,29,
401012791,3,False,27,34,7.0
401012791,7,False,27,34,7.0
401012791,10,False,27,34,7.0
401012792,3,True,30,7,
401012792,7,True,30,7,
401012860,3,True,31,20,
401012878,3,True,52,51,
401012878,7,True,52,51,
401012878,10,True,52,51,
401012878,14,True,52,51,
401012887,3,True,9,6,
401013036,3,False,9,16,7.0
401013036,7,False,9,16,7.0
401013055,3,True,55,40,
401013055,7,True,55,40,
401013064,3,False,6,21,15.0
401013064,7,False,6,21,15.0
401013064,10,False,6,21,15.0
401013064,14,False,6,21,15.0
401013175,3,False,21,22,1.0
401013176,3,True,35,6,
401013177,3,True,30,27,
401013178,3,True,52,10,
401013179,3,True,38,14,
401013179,7,True,38,14,
401013181,3,True,34,13,
401013327,3,False,41,45,4.0
401013334,3,False,14,24,10.0
401013334,7,False,14,24,10.0
401013334,10,False,14,24,10.0
401013334,14,False,14,24,10.0
401013353,3,False,44,47,3.0
401015044,3,True,42,35,
401015044,7,True,42,35,
401015045,3,True,41,38,
401015046,3,True,21,20,
401019530,3,True,28,18,
401019532,3,True,55,21,
401019532,7,True,55,21,
401019533,3,True,27,17,
401019533,7,True,27,17,
401019533,10,True,27,17,
401019533,14,True,27,17,
401019534,3,True,37,29,
401019534,7,True,37,29,
401020780,3,False,41,42,1.0
401020780,7,False,41,42,1.0
401020780,10,False,41,42,1.0
401020782,3,False,7,13,6.0
401020783,3,True,56,34,
401020783,7,True,56,34,
401020784,3,False,6,21,15.0
401020784,7,False,6,21,15.0
401020784,10,False,6,21,15.0
401020784,14,False,6,21,15.0
401021694,3,True,41,17,
401021694,7,True,41,17,
401022559,3,True,35,27,
401022559,7,True,35,27,
401022559,10,True,35,27,
401022563,3,True,23,14,
401022564,3,True,35,28,
401022564,7,True,35,28,
401022564,10,True,35,28,
401022564,14,True,35,28,
401012355,3,True,56,35,
401012355,7,True,56,35,
401012356,3,True,74,72,
401012356,7,True,74,72,
401012798,3,False,15,28,13.0
401012798,7,False,15,28,13.0
401012798,10,False,15,28,13.0
401012798,14,False,15,28,13.0
401012799,3,True,41,40,
401012799,7,True,41,40,
401012799,10,True,41,40,
401012799,14,True,41,40,
401012800,3,True,24,17,
401012800,7,True,24,17,
401012800,10,True,24,17,
401012801,3,True,49,42,
401012802,3,True,35,27,
401012802,7,True,35,27,
401012802,10,True,35,27,
401012802,14,True,35,27,
401012850,3,True,14,10,
401012850,7,True,14,10,
401012895,3,False,39,62,23.0
401012895,7,False,39,62,23.0
401012895,10,False,39,62,23.0
401012895,14,False,39,62,23.0
401012895,21,False,39,62,23.0
401013037,3,False,24,35,11.0
401013037,7,False,24,35,11.0
401013037,10,False,24,35,11.0
401013047,3,True,42,38,
401013047,7,True,42,38,
401013047,10,True,42,38,
401013047,14,True,42,38,
401013071,3,True,59,56,
401013071,7,True,59,56,
401013078,3,False,24,31,7.0
401013078,7,False,24,31,7.0
401013078,10,False,24,31,7.0
401013078,14,False,24,31,7.0
401013078,21,False,24,31,7.0
401013183,3,False,31,34,3.0
401013183,7,False,31,34,3.0
401013183,10,False,31,34,3.0
401013183,14,False,31,34,3.0
401013184,3,False,21,42,21.0
401013184,7,False,21,42,21.0
401013184,10,False,21,42,21.0
401013184,14,False,21,42,21.0
401013184,21,False,21,42,21.0
401013185,3,False,7,59,52.0
401013185,7,False,7,59,52.0
401013185,10,False,7,59,52.0
401013185,14,False,7,59,52.0
401013185,21,False,7,59,52.0
401013187,3,True,34,28,
401013187,7,True,34,28,
401013335,3,False,15,37,22.0
401013335,7,False,15,37,22.0
401013335,10,False,15,37,22.0
401013335,14,False,15,37,22.0
401013335,21,False,15,37,22.0
401015052,3,False,15,30,15.0
401015052,7,False,15,30,15.0
401015052,10,False,15,30,15.0
401015052,14,False,15,30,15.0
401015052,21,False,15,30,15.0
401015053,3,False,3,27,24.0
401015053,7,False,3,27,24.0
401015053,10,False,3,27,24.0
401015053,14,False,3,27,24.0
401015053,21,False,3,27,24.0
401015055,3,False,13,27,14.0
401015055,7,False,13,27,14.0
401015055,10,False,13,27,14.0
401015055,14,False,13,27,14.0
401019537,3,True,52,31,
401019537,7,True,52,31,
401019539,3,True,29,28,
401019539,7,True,29,28,
401019540,3,False,24,27,3.0
401019540,7,False,24,27,3.0
401019540,10,False,24,27,3.0
401019540,14,False,24,27,3.0
401019540,21,False,24,27,3.0
401020785,3,True,42,21,
401020785,7,True,42,21,
401020785,10,True,42,21,
401020785,14,True,42,21,
401020786,3,False,21,28,7.0
401020786,7,False,21,28,7.0
401020790,3,True,28,20,
401020790,7,True,28,20,
401020790,10,True,28,20,
401021701,3,False,28,31,3.0
401021701,7,False,28,31,3.0
401021701,10,False,28,31,3.0
401021701,14,False,28,31,3.0
401022566,3,True,33,24,
401022566,7,True,33,24,
401022568,3,False,30,31,1.0
401022568,7,False,30,31,1.0
401022568,10,False,30,31,1.0
401022569,3,False,29,34,5.0
401056698,3,True,39,27,
401056698,7,True,39,27,
401056700,3,False,16,19,3.0
401056700,7,False,16,19,3.0
401056701,3,True,30,19,
401056703,3,False,25,27,2.0
401056703,7,False,25,27,2.0
401056703,10,False,25,27,2.0
401056705,3,True,35,28,
401056705,7,True,35,28,
401056705,10,True,35,28,
401056705,14,True,35,28,
401135261,3,False,41,51,10.0
401135261,7,False,41,51,10.0
401135261,10,False,41,51,10.0
401135264,3,False,28,52,24.0
401135264,7,False,28,52,24.0
401135264,10,False,28,52,24.0
401135264,14,False,28,52,24.0
401135264,21,False,28,52,24.0
401135265,3,False,26,34,8.0
401135265,7,False,26,34,8.0
401135265,10,False,26,34,8.0
401135265,14,False,26,34,8.0
401135267,3,True,31,17,
401135267,7,True,31,17,
401135267,10,True,31,17,
401135267,14,True,31,17,
401135269,3,False,34,38,4.0
401135269,7,False,34,38,4.0
401135269,10,False,34,38,4.0
401135269,14,False,34,38,4.0
401135270,3,False,0,14,14.0
401135270,7,False,0,14,14.0
401135270,10,False,0,14,14.0
401135270,14,False,0,14,14.0
401135271,3,True,34,30,
401135271,7,True,34,30,
401135271,10,True,34,30,
401135273,3,True,27,21,
401135273,7,True,27,21,
401135274,3,True,24,21,
401135274,7,True,24,21,
401135274,10,True,24,21,
401135274,14,True,24,21,
401135277,3,True,53,39,
401135279,3,True,29,23,
401135279,7,True,29,23,
401135279,10,True,29,23,
401135279,14,True,29,23,
401135280,3,True,23,20,
401135280,7,True,23,20,
401135281,3,False,28,38,10.0
401135281,7,False,28,38,10.0
401135281,10,False,28,38,10.0
401135281,14,False,28,38,10.0
401135283,3,False,30,37,7.0
401135284,3,True,20,17,
401135285,3,False,10,38,28.0
401135285,7,False,10,38,28.0
401135285,10,False,10,38,28.0
401135285,14,False,10,38,28.0
401135285,21,False,10,38,28.0
401135286,3,True,35,16,
401135287,3,False,24,31,7.0
401135287,7,False,24,31,7.0
401135288,3,False,27,28,1.0
401135288,7,False,27,28,1.0
401135291,3,True,23,22,
401135291,7,True,23,22,
401135291,10,True,23,22,
401135292,3,True,30,21,
401135293,3,True,30,13,
401135293,7,True,30,13,
401135293,10,True,30,13,
401135294,3,True,27,17,
401135294,7,True,27,17,
401135295,3,True,42,25,
401135295,7,True,42,25,
401135295,10,True,42,25,
401136253,3,False,24,49,25.0
401136253,7,False,24,49,25.0
401136253,10,False,24,49,25.0
401136253,14,False,24,49,25.0
401136253,21,False,24,49,25.0
401136254,3,True,35,20,
401136255,3,True,20,14,
401147693,3,False,16,23,7.0
401147693,7,False,16,23,7.0
401147693,10,False,16,23,7.0
401147693,14,False,16,23,7.0
401147695,3,True,38,17,
401147695,7,True,38,17,
401110722,3,True,27,21,
401110722,7,True,27,21,
401110722,10,True,27,21,
401110722,14,True,27,21,
401110723,3,True,24,20,
401110724,3,True,38,24,
401110724,7,True,38,24,
401110728,3,False,31,37,6.0
401110728,7,False,31,37,6.0
401110728,10,False,31,37,6.0
401110728,14,False,31,37,6.0
401110729,3,False,20,24,4.0
401110730,3,False,30,38,8.0
401110730,7,False,30,38,8.0
401110730,10,False,30,38,8.0
401110730,14,False,30,38,8.0
401112122,3,True,52,36,
401112122,7,True,52,36,
401112191,3,True,38,14,
401112222,3,True,40,21,
401112222,7,True,40,21,
401112262,3,False,31,34,3.0
401112264,3,True,48,21,
401112264,7,True,48,21,
401112264,10,True,48,21,
401112264,14,True,48,21,
401112430,3,True,38,35,
401112431,3,False,31,36,5.0
401112435,3,False,28,35,7.0
401112435,7,False,28,35,7.0
401112435,10,False,28,35,7.0
401112435,14,False,28,35,7.0
401112436,3,True,35,17,
401112436,7,True,35,17,
401114164,3,False,38,45,7.0
401114164,7,False,38,45,7.0
401114164,10,False,38,45,7.0
401114164,14,False,38,45,7.0
401114184,3,True,52,31,
401117858,3,False,30,37,7.0
401117858,7,False,30,37,7.0
401117858,10,False,30,37,7.0
401117858,14,False,30,37,7.0
401119256,3,True,30,23,
401119256,7,True,30,23,
401119256,10,True,30,23,
401110774,3,True,24,6,
401110778,3,True,45,38,
401110784,3,True,24,10,
401110785,3,True,42,24,
401110785,7,True,42,24,
401112097,3,False,7,12,5.0
401112146,3,True,31,23,
401112146,7,True,31,23,
401112146,10,True,31,23,
401112223,3,True,24,21,
401112223,7,True,24,21,
401112230,3,True,38,35,
401112230,7,True,38,35,
401112258,3,True,45,13,
401112440,3,True,45,44,
401112441,3,True,14,10,
401112443,3,False,25,28,3.0
401112443,7,False,25,28,3.0
401112443,10,False,25,28,3.0
401112443,14,False,25,28,3.0
401114175,3,False,19,20,1.0
401114193,3,True,77,6,
401114200,3,True,31,28,
401114200,7,True,31,28,
401114200,10,True,31,28,
401114200,14,True,31,28,
401114207,3,True,45,20,
401114207,7,True,45,20,
401114207,10,True,45,20,
401114207,14,True,45,20,
401114214,3,False,14,23,9.0
401114214,7,False,14,23,9.0
401114214,10,False,14,23,9.0
401114224,3,True,35,17,
401114224,7,True,35,17,
401114248,3,False,14,20,6.0
401114248,7,False,14,20,6.0
401114248,10,False,14,20,6.0
401114251,3,True,14,7,
401114251,7,True,14,7,
401114254,3,True,31,20,
401114347,3,True,35,14,
401114347,7,True,35,14,
401117500,3,True,23,14,
401117500,7,True,23,14,
401117500,10,True,23,14,
401110786,3,True,55,34,
401110786,7,True,55,34,
401110787,3,True,55,16,
401110789,3,True,29,21,
401110789,7,True,29,21,
401110789,10,True,29,21,
401110792,3,False,24,31,7.0
401110792,7,False,24,31,7.0
401110792,10,False,24,31,7.0
401112086,3,True,18,17,
401112086,7,True,18,17,
401112098,3,False,24,48,24.0
401112098,7,False,24,48,24.0
401112098,10,False,24,48,24.0
401112098,14,False,24,48,24.0
401112098,21,False,24,48,24.0
401112130,3,True,34,13,
401112141,3,False,14,28,14.0
401112141,7,False,14,28,14.0
401112141,10,False,14,28,14.0
401112141,14,False,14,28,14.0
401112144,3,False,27,44,17.0
401112144,7,False,27,44,17.0
401112144,10,False,27,44,17.0
401112144,14,False,27,44,17.0
401112147,3,False,31,34,3.0
401112147,7,False,31,34,3.0
401112147,10,False,31,34,3.0
401112147,14,False,31,34,3.0
401112203,3,False,17,20,3.0
401112203,7,False,17,20,3.0
401112214,3,False,7,10,3.0
401112231,3,True,35,32,
401112231,7,True,35,32,
401112246,3,True,30,14,
401112259,3,True,17,10,
401112450,3,True,41,18,
401112451,3,True,31,24,
401112451,7,True,31,24,
401114185,3,False,23,30,7.0
401114185,7,False,23,30,7.0
401114185,10,False,23,30,7.0
401114219,3,False,27,30,3.0
401114219,7,False,27,30,3.0
401114230,3,True,31,24,
401114230,7,True,31,24,
401114257,3,True,41,31,
401114257,7,True,41,31,
401114258,3,True,35,7,
401114258,7,True,35,7,
401114259,3,True,33,31,
401114260,3,False,42,47,5.0
401114260,7,False,42,47,5.0
401114260,10,False,42,47,5.0
401114260,14,False,42,47,5.0
401114348,3,False,17,35,18.0
401114348,7,False,17,35,18.0
401114348,10,False,17,35,18.0
401114348,14,False,17,35,18.0
401114348,21,False,17,35,18.0
401117863,3,True,35,13,
401117863,7,True,35,13,
401117863,10,True,35,13,
401110798,3,False,24,31,7.0
401110798,7,False,24,31,7.0
401110798,10,False,24,31,7.0
401110798,14,False,24,31,7.0
401110800,3,True,23,17,
401110800,7,True,23,17,
401110801,3,False,20,28,8.0
401110801,7,False,20,28,8.0
401110801,10,False,20,28,8.0
401110801,14,False,20,28,8.0
401110804,3,False,20,28,8.0
401110804,7,False,20,28,8.0
401110804,10,False,20,28,8.0
401110804,14,False,20,28,8.0
401110805,3,True,66,38,
401110805,7,True,66,38,
401112125,3,True,36,30,
401112131,3,False,38,41,3.0
401112131,7,False,38,41,3.0
401112131,10,False,38,41,3.0
401112131,14,False,38,41,3.0
401112148,3,True,42,38,
401112148,7,True,42,38,
401112148,10,True,42,38,
401112148,14,True,42,38,
401112160,3,True,38,3,
401112253,3,True,76,5,
401112265,3,True,30,16,
401112457,3,True,35,24,
401112459,3,False,31,34,3.0
401112459,7,False,31,34,3.0
401112459,10,False,31,34,3.0
401112459,14,False,31,34,3.0
401112460,3,True,34,23,
401112461,3,False,34,35,1.0
401112461,7,False,34,35,1.0
401112461,10,False,34,35,1.0
401112461,14,False,34,35,1.0
401112461,21,False,34,35,1.0
401112463,3,True,28,17,
401112463,7,True,28,17,
401112463,10,True,28,17,
401112463,14,True,28,17,
401114155,3,False,31,34,3.0
401114155,7,False,31,34,3.0
401114155,10,False,31,34,3.0
401114155,14,False,31,34,3.0
401114195,3,True,21,6,
401114215,3,False,63,67,4.0
401114215,7,False,63,67,4.0
401114220,3,False,23,30,7.0
401114220,7,False,23,30,7.0
401114220,10,False,23,30,7.0
401114262,3,True,43,31,
401114266,3,True,37,21,
401114266,7,True,37,21,
401114340,3,True,55,52,
401114340,7,True,55,52,
401117506,3,True,30,19,
401117506,7,True,30,19,
401117507,3,True,41,35,
401117507,7,True,41,35,
401117508,3,True,23,17,
401117509,3,True,24,21,
401117509,7,True,24,21,
401117869,3,True,38,31,
401117869,7,True,38,31,
401117869,10,True,38,31,
401117869,14,True,38,31,
401117869,21,True,38,31,
401117870,3,False,22,38,16.0
401117870,7,False,22,38,16.0
401117870,10,False,22,38,16.0
401117870,14,False,22,38,16.0
401117870,21,False,22,38,16.0
401119268,3,False,25,45,20.0
401119268,7,False,25,45,20.0
401119268,10,False,25,45,20.0
401119268,14,False,25,45,20.0
401110806,3,True,59,31,
401110807,3,True,31,27,
401112076,3,False,21,23,2.0
401112076,7,False,21,23,2.0
401112076,10,False,21,23,2.0
401112076,14,False,21,23,2.0
401112161,3,True,40,31,
401112232,3,False,31,38,7.0
401112232,7,False,31,38,7.0
401112232,10,False,31,38,7.0
401112232,14,False,31,38,7.0
401112232,21,False,31,38,7.0
401112465,3,False,10,45,35.0
401112465,7,False,10,45,35.0
401112465,10,False,10,45,35.0
401112465,14,False,10,45,35.0
401112465,21,False,10,45,35.0
401112467,3,True,21,20,
401112467,7,True,21,20,
401112468,3,True,31,13,
401112472,3,True,35,20,
401112472,7,True,35,20,
401114156,3,False,17,24,7.0
401114156,7,False,17,24,7.0
401114166,3,True,20,17,
401114166,7,True,20,17,
401114268,3,True,23,20,
401114268,7,True,23,20,
401114270,3,False,25,46,21.0
401114270,7,False,25,46,21.0
401114270,10,False,25,46,21.0
401114270,14,False,25,46,21.0
401114270,21,False,25,46,21.0
401114271,3,False,21,24,3.0
401114271,7,False,21,24,3.0
401114271,10,False,21,24,3.0
401114271,14,False,21,24,3.0
401114273,3,False,13,20,7.0
401114273,7,False,13,20,7.0
401114356,3,False,29,37,8.0
401114356,7,False,29,37,8.0
401114356,10,False,29,37,8.0
401114356,14,False,29,37,8.0
401117213,3,False,21,28,7.0
401117213,7,False,21,28,7.0
401117512,3,True,41,24,
401117512,7,True,41,24,
401117513,3,True,34,24,
401117513,7,True,34,24,
401117514,3,True,53,17,
401117515,3,False,3,54,51.0
401117515,7,False,3,54,51.0
401117515,10,False,3,54,51.0
401117515,14,False,3,54,51.0
401117515,21,False,3,54,51.0
401117871,3,True,35,23,
401117871,7,True,35,23,
401117871,10,True,35,23,
401119270,3,False,20,34,14.0
401119270,7,False,20,34,14.0
401119270,10,False,20,34,14.0
401119270,14,False,20,34,14.0
401121943,3,True,56,37,
401121943,7,True,56,37,
401121944,3,False,43,50,7.0
401121944,7,False,43,50,7.0
401121944,10,False,43,50,7.0
401121944,14,False,43,50,7.0
401121946,3,True,30,17,
401121946,7,True,30,17,
401110812,3,False,13,24,11.0
401110812,7,False,13,24,11.0
401110812,10,False,13,24,11.0
401110815,3,True,42,10,
401110815,7,True,42,10,
401110816,3,True,43,14,
401112101,3,True,45,20,
401112101,7,True,45,20,
401112126,3,False,35,45,10.0
401112126,7,False,35,45,10.0
401112126,10,False,35,45,10.0
401112126,14,False,35,45,10.0
401112126,21,False,35,45,10.0
401112137,3,True,42,31,
401112137,7,True,42,31,
401112149,3,True,40,17,
401112149,7,True,40,17,
401112474,3,False,30,33,3.0
401112474,7,False,30,33,3.0
401112474,10,False,30,33,3.0
401112474,14,False,30,33,3.0
401112474,21,False,30,33,3.0
401112476,3,False,35,42,7.0
401112476,7,False,35,42,7.0
401112476,10,False,35,42,7.0
401112476,14,False,35,42,7.0
401112476,21,False,35,42,7.0
401114167,3,False,30,35,5.0
401114177,3,True,17,7,
401114177,7,True,17,7,
401114203,3,False,31,48,17.0
401114203,7,False,31,48,17.0
401114203,10,False,31,48,17.0
401114203,14,False,31,48,17.0
401114203,21,False,31,48,17.0
401114209,3,False,13,23,10.0
401114209,7,False,13,23,10.0
401114209,10,False,13,23,10.0
401114275,3,False,13,24,11.0
401114275,7,False,13,24,11.0
401114275,10,False,13,24,11.0
401114276,3,True,20,3,
401114277,3,True,35,20,
401114277,7,True,35,20,
401114278,3,False,16,26,10.0
401114278,7,False,16,26,10.0
401114278,10,False,16,26,10.0
401114278,14,False,16,26,10.0
401114328,3,True,42,33,
401114328,7,True,42,33,
401117516,3,False,25,34,9.0
401117516,7,False,25,34,9.0
401117516,10,False,25,34,9.0
401117874,3,True,27,17,
401117874,7,True,27,17,
401117875,3,False,24,27,3.0
401117875,7,False,24,27,3.0
401117875,10,False,24,27,3.0
401117878,3,True,43,37,
401117878,7,True,43,37,
401117878,10,True,43,37,
401117878,14,True,43,37,
401117878,21,True,43,37,
401119272,3,False,20,27,7.0
401119272,7,False,20,27,7.0
401119272,10,False,20,27,7.0
401119273,3,False,16,42,26.0
401119273,7,False,16,42,26.0
401119273,10,False,16,42,26.0
401119273,14,False,16,42,26.0
401119273,21,False,16,42,26.0
401119274,3,True,21,20,
401119274,7,True,21,20,
401121948,3,True,20,17,
401121948,7,True,20,17,
401121949,3,False,38,52,14.0
401121949,7,False,38,52,14.0
401121949,10,False,38,52,14.0
401121949,14,False,38,52,14.0
401121949,21,False,38,52,14.0
401110817,3,False,17,20,3.0
401110817,7,False,17,20,3.0
401110818,3,True,24,20,
401110818,7,True,24,20,
401110818,10,True,24,20,
401110819,3,True,42,28,
401110819,7,True,42,28,
401110820,3,True,38,27,
401110820,7,True,38,27,
401110821,3,False,10,20,10.0
401110821,7,False,10,20,10.0
401110821,10,False,10,20,10.0
401110822,3,True,47,28,
401110822,7,True,47,28,
401110823,3,False,10,34,24.0
401110823,7,False,10,34,24.0
401110823,10,False,10,34,24.0
401110823,14,False,10,34,24.0
401110823,21,False,10,34,24.0
401112078,3,True,33,30,
401112089,3,True,38,14,
401112089,7,True,38,14,
401112195,3,True,17,12,
401112206,3,False,14,40,26.0
401112206,7,False,14,40,26.0
401112206,10,False,14,40,26.0
401112206,14,False,14,40,26.0
401112206,21,False,14,40,26.0
401112480,3,True,41,23,
401112480,7,True,41,23,
401112481,3,False,59,62,3.0
401112481,7,False,59,62,3.0
401112481,10,False,59,62,3.0
401112481,14,False,59,62,3.0
401112481,21,False,59,62,3.0
401114157,3,False,34,38,4.0
401114157,7,False,34,38,4.0
401114168,3,True,51,27,
401114222,3,True,30,27,
401114279,3,True,48,23,
401114280,3,True,28,13,
401114285,3,False,8,17,9.0
401114285,7,False,8,17,9.0
401114285,10,False,8,17,9.0
401114285,14,False,8,17,9.0
401117214,3,False,23,27,4.0
401117520,3,True,43,24,
401117520,7,True,43,24,
401117522,3,True,35,21,
401117522,7,True,35,21,
401117523,3,True,26,22,
401117523,7,True,26,22,
401117523,10,True,26,22,
401117881,3,False,28,30,2.0
401117881,7,False,28,30,2.0
401117881,10,False,28,30,2.0
401117881,14,False,28,30,2.0
401117882,3,False,17,45,28.0
401117882,7,False,17,45,28.0
401117882,10,False,17,45,28.0
401117882,14,False,17,45,28.0
401117882,21,False,17,45,28.0
401119276,3,False,23,29,6.0
401119278,3,True,38,16,
401119279,3,False,36,39,3.0
401119279,7,False,36,39,3.0
401119280,3,False,7,20,13.0
401119280,7,False,7,20,13.0
401119280,10,False,7,20,13.0
401121950,3,False,7,17,10.0
401121950,7,False,7,17,10.0
401121950,10,False,7,17,10.0
401121952,3,False,21,31,10.0
401121952,7,False,21,31,10.0
401121952,10,False,21,31,10.0
401121952,14,False,21,31,10.0
401110827,3,True,24,17,
401110829,3,True,38,27,
401110829,7,True,38,27,
401110830,3,False,14,21,7.0
401110830,7,False,14,21,7.0
401112079,3,False,27,45,18.0
401112079,7,False,27,45,18.0
401112079,10,False,27,45,18.0
401112079,14,False,27,45,18.0
401112102,3,True,50,48,
401112109,3,False,17,24,7.0
401112109,7,False,17,24,7.0
401112163,3,True,34,28,
401112484,3,False,24,45,21.0
401112484,7,False,24,45,21.0
401112484,10,False,24,45,21.0
401112484,14,False,24,45,21.0
401112484,21,False,24,45,21.0
401112487,3,False,20,22,2.0
401112487,7,False,20,22,2.0
401112488,3,False,21,28,7.0
401112488,7,False,21,28,7.0
401112489,3,False,41,43,2.0
401114178,3,False,17,21,4.0
401114178,7,False,17,21,4.0
401114178,10,False,17,21,4.0
401114178,14,False,17,21,4.0
401114196,3,True,35,31,
401114196,7,True,35,31,
401114196,10,True,35,31,
401114196,14,True,35,31,
401114210,3,False,16,34,18.0
401114210,7,False,16,34,18.0
401114210,10,False,16,34,18.0
401114210,14,False,16,34,18.0
401114210,21,False,16,34,18.0
401114286,3,True,30,14,
401114286,7,True,30,14,
401114287,3,True,32,17,
401114288,3,False,31,36,5.0
401114289,3,False,30,45,15.0
401114289,7,False,30,45,15.0
401114289,10,False,30,45,15.0
401114289,14,False,30,45,15.0
401114290,3,True,33,30,
401114292,3,False,27,31,4.0
401114329,3,False,21,28,7.0
401114329,7,False,21,28,7.0
401117215,3,False,25,28,3.0
401117215,7,False,25,28,3.0
401117215,10,False,25,28,3.0
401117215,14,False,25,28,3.0
401117525,3,True,56,26,
401117527,3,True,36,10,
401117528,3,True,56,27,
401117886,3,True,24,17,
401117888,3,True,47,17,
401119283,3,True,45,38,
401119283,7,True,45,38,
401119284,3,False,24,27,3.0
401119284,7,False,24,27,3.0
401119284,10,False,24,27,3.0
401119286,3,False,27,34,7.0
401119286,7,False,27,34,7.0
401121954,3,True,37,20,
401121954,7,True,37,20,
401121955,3,True,52,7,
401121955,7,True,52,7,
401121956,3,True,30,27,
401110832,3,False,7,29,22.0
401110832,7,False,7,29,22.0
401110832,10,False,7,29,22.0
401110832,14,False,7,29,22.0
401110832,21,False,7,29,22.0
401110833,3,True,23,20,
401110834,3,False,21,41,20.0
401110834,7,False,21,41,20.0
401110834,10,False,21,41,20.0
401110834,14,False,21,41,20.0
401112091,3,False,27,34,7.0
401112091,7,False,27,34,7.0
401112091,10,False,27,34,7.0
401112103,3,False,34,37,3.0
401112110,3,False,41,48,7.0
401112110,7,False,41,48,7.0
401112110,10,False,41,48,7.0
401112110,14,False,41,48,7.0
401112110,21,False,41,48,7.0
401112132,3,True,37,27,
401112132,7,True,37,27,
401112152,3,False,6,24,18.0
401112152,7,False,6,24,18.0
401112152,10,False,6,24,18.0
401112152,14,False,6,24,18.0
401112152,21,False,6,24,18.0
401112164,3,False,31,38,7.0
401112164,7,False,31,38,7.0
401112164,10,False,31,38,7.0
401112164,14,False,31,38,7.0
401112266,3,False,34,44,10.0
401112266,7,False,34,44,10.0
401112266,10,False,34,44,10.0
401112266,14,False,34,44,10.0
401112491,3,True,20,17,
401112493,3,False,21,28,7.0
401112493,7,False,21,28,7.0
401112493,10,False,21,28,7.0
401112493,14,False,21,28,7.0
401112494,3,False,12,16,4.0
401112494,7,False,12,16,4.0
401114159,3,False,32,42,10.0
401114159,7,False,32,42,10.0
401114159,10,False,32,42,10.0
401114159,14,False,32,42,10.0
401114159,21,False,32,42,10.0
401114170,3,True,41,31,
401114188,3,True,35,31,
401114188,7,True,35,31,
401114188,10,True,35,31,
401114197,3,True,37,35,
401114294,3,False,17,50,33.0
401114294,7,False,17,50,33.0
401114294,10,False,17,50,33.0
401114294,14,False,17,50,33.0
401114294,21,False,17,50,33.0
401114330,3,False,29,34,5.0
401114330,7,False,29,34,5.0
401114330,10,False,29,34,5.0
401114330,14,False,29,34,5.0
401114344,3,True,41,7,
401114344,7,True,41,7,
401117531,3,False,31,41,10.0
401117531,7,False,31,41,10.0
401117531,10,False,31,41,10.0
401117531,14,False,31,41,10.0
401117891,3,True,63,21,
401117891,7,True,63,21,
401117892,3,True,45,20,
401117892,7,True,45,20,
401117893,3,True,42,41,
401119288,3,True,49,10,
401119289,3,True,43,20,
401119291,3,False,16,23,7.0
401119291,7,False,16,23,7.0
401119291,10,False,16,23,7.0
401119292,3,False,21,34,13.0
401119292,7,False,21,34,13.0
401119292,10,False,21,34,13.0
401119292,14,False,21,34,13.0
401110839,3,True,24,7,
401110839,7,True,24,7,
401110841,3,True,45,14,
401110841,7,True,45,14,
401112243,3,False,27,31,4.0
401112495,3,False,27,58,31.0
401112495,7,False,27,58,31.0
401112495,10,False,27,58,31.0
401112495,14,False,27,58,31.0
401112495,21,False,27,58,31.0
401112497,3,False,10,27,17.0
401112497,7,False,10,27,17.0
401112497,10,False,10,27,17.0
401112497,14,False,10,27,17.0
401112499,3,False,31,38,7.0
401112499,7,False,31,38,7.0
401112499,10,False,31,38,7.0
401112499,14,False,31,38,7.0
401112501,3,True,21,20,
401114171,3,False,38,56,18.0
401114171,7,False,38,56,18.0
401114171,10,False,38,56,18.0
401114171,14,False,38,56,18.0
401114171,21,False,38,56,18.0
401114198,3,True,56,24,
401114198,7,True,56,24,
401114198,10,True,56,24,
401114227,3,True,33,28,
401114227,7,True,33,28,
401114227,10,True,33,28,
401114299,3,False,20,34,14.0
401114299,7,False,20,34,14.0
401114299,10,False,20,34,14.0
401114299,14,False,20,34,14.0
401114299,21,False,20,34,14.0
401114300,3,True,24,17,
401114300,7,True,24,17,
401114302,3,True,20,7,
401114331,3,True,17,13,
401117216,3,False,14,42,28.0
401117216,7,False,14,42,28.0
401117216,10,False,14,42,28.0
401117216,14,False,14,42,28.0
401117216,21,False,14,42,28.0
401117535,3,True,52,42,
401117535,7,True,52,42,
401117535,10,True,52,42,
401117535,14,True,52,42,
401117536,3,True,21,10,
401117536,7,True,21,10,
401117537,3,False,38,41,3.0
401117537,7,False,38,41,3.0
401117537,10,False,38,41,3.0
401117537,14,False,38,41,3.0
401117895,3,True,44,29,
401117895,7,True,44,29,
401117895,10,True,44,29,
401117896,3,True,46,43,
401117896,7,True,46,43,
401117896,10,True,46,43,
401117897,3,True,54,48,
401117897,7,True,54,48,
401117898,3,True,38,26,
401119293,3,True,35,6,
401119294,3,True,43,14,
401119294,7,True,43,14,
401119295,3,False,10,48,38.0
401119295,7,False,10,48,38.0
401119295,10,False,10,48,38.0
401119295,14,False,10,48,38.0
401119295,21,False,10,48,38.0
401121960,3,False,21,24,3.0
401121960,7,False,21,24,3.0
401121960,10,False,21,24,3.0
401121960,14,False,21,24,3.0
401121962,3,False,35,36,1.0
401121962,7,False,35,36,1.0
401110842,3,False,41,46,5.0
401110842,7,False,41,46,5.0
401110842,10,False,41,46,5.0
401110842,14,False,41,46,5.0
401110846,3,False,13,17,4.0
401110848,3,False,15,20,5.0
401110848,7,False,15,20,5.0
401110848,10,False,15,20,5.0
401112081,3,True,29,23,
401112081,7,True,29,23,
401112111,3,True,27,24,
401112111,7,True,27,24,
401112111,10,True,27,24,
401112111,14,True,27,24,
401112154,3,False,34,37,3.0
401112198,3,True,24,22,
401112235,3,False,26,31,5.0
401112235,7,False,26,31,5.0
401112235,10,False,26,31,5.0
401112235,14,False,26,31,5.0
401112502,3,False,31,38,7.0
401112502,7,False,31,38,7.0
401112502,10,False,31,38,7.0
401112502,14,False,31,38,7.0
401112504,3,True,33,28,
401112504,7,True,33,28,
401112506,3,False,17,36,19.0
401112506,7,False,17,36,19.0
401112506,10,False,17,36,19.0
401112506,14,False,17,36,19.0
401114180,3,False,20,33,13.0
401114180,7,False,20,33,13.0
401114180,10,False,20,33,13.0
401114180,14,False,20,33,13.0
401114190,3,False,13,16,3.0
401114190,7,False,13,16,3.0
401114304,3,True,28,21,
401114304,7,True,28,21,
401114304,10,True,28,21,
401114304,14,True,28,21,
401114306,3,True,52,17,
401114307,3,False,23,24,1.0
401114307,7,False,23,24,1.0
401114353,3,True,31,24,
401114353,7,True,31,24,
401117540,3,False,35,37,2.0
401117540,7,False,35,37,2.0
401117540,10,False,35,37,2.0
401117540,14,False,35,37,2.0
401117541,3,True,20,17,
401117541,7,True,20,17,
401117542,3,False,13,17,4.0
401117542,7,False,13,17,4.0
401117543,3,True,42,40,
401117900,3,False,31,34,3.0
401117900,7,False,31,34,3.0
401119296,3,True,35,31,
401119298,3,False,21,24,3.0
401119298,7,False,21,24,3.0
401121965,3,False,28,49,21.0
401121965,7,False,28,49,21.0
401121965,10,False,28,49,21.0
401121965,14,False,28,49,21.0
401121965,21,False,28,49,21.0
401121966,3,False,31,45,14.0
401121966,7,False,31,45,14.0
401121966,10,False,31,45,14.0
401121966,14,False,31,45,14.0
401121967,3,True,30,28,
401110854,3,True,38,14,
401110854,7,True,38,14,
401110854,10,True,38,14,
401112082,3,True,34,31,
401112082,7,True,34,31,
401112082,10,True,34,31,
401112082,14,True,34,31,
401112082,21,True,34,31,
401112112,3,False,20,24,4.0
401112166,3,True,34,27,
401112219,3,True,44,10,
401112219,7,True,44,10,
401112244,3,True,37,21,
401112244,7,True,37,21,
401112250,3,True,45,6,
401112507,3,True,34,27,
401112509,3,False,6,49,43.0
401112509,7,False,6,49,43.0
401112509,10,False,6,49,43.0
401112509,14,False,6,49,43.0
401112509,21,False,6,49,43.0
401112512,3,True,34,20,
401114161,3,False,34,35,1.0
401114161,7,False,34,35,1.0
401114161,10,False,34,35,1.0
401114161,14,False,34,35,1.0
401114181,3,True,41,17,
401114181,7,True,41,17,
401114216,3,True,49,3,
401114309,3,True,31,10,
401114309,7,True,31,10,
401114310,3,False,28,31,3.0
401114310,7,False,28,31,3.0
401114310,10,False,28,31,3.0
401114310,14,False,28,31,3.0
401117544,3,True,38,21,
401117544,7,True,38,21,
401117544,10,True,38,21,
401117544,14,True,38,21,
401117546,3,True,26,21,
401117546,7,True,26,21,
401117547,3,True,17,7,
401117547,7,True,17,7,
401117548,3,True,21,7,
401117548,7,True,21,7,
401117903,3,True,20,17,
401117903,7,True,20,17,
401117903,10,True,20,17,
401117904,3,True,45,27,
401117904,7,True,45,27,
401117904,10,True,45,27,
401117905,3,False,21,29,8.0
401117905,7,False,21,29,8.0
401117905,10,False,21,29,8.0
401117905,14,False,21,29,8.0
401119300,3,False,34,37,3.0
401119300,7,False,34,37,3.0
401119300,10,False,34,37,3.0
401119302,3,False,28,31,3.0
401119302,7,False,28,31,3.0
401119302,10,False,28,31,3.0
401119302,14,False,28,31,3.0
401119302,21,False,28,31,3.0
401119303,3,False,27,30,3.0
401119304,3,False,44,45,1.0
401121968,3,True,56,27,
401121968,7,True,56,27,
401121968,10,True,56,27,
401121968,14,True,56,27,
401121969,3,True,28,27,
401121971,3,True,37,27,
401121972,3,True,63,27,
401110861,3,False,20,24,4.0
401110861,7,False,20,24,4.0
401112094,3,True,41,31,
401112128,3,True,20,13,
401112167,3,True,39,14,
401112167,7,True,39,14,
401112263,3,True,45,24,
401112513,3,False,26,28,2.0
401112513,7,False,26,28,2.0
401112513,10,False,26,28,2.0
401112513,14,False,26,28,2.0
401112515,3,True,39,27,
401112515,7,True,39,27,
401112517,3,False,24,30,6.0
401112517,7,False,24,30,6.0
401112517,10,False,24,30,6.0
401112517,14,False,24,30,6.0
401112520,3,True,55,27,
401114162,3,False,28,31,3.0
401114162,7,False,28,31,3.0
401114162,10,False,28,31,3.0
401114162,14,False,28,31,3.0
401114191,3,False,14,20,6.0
401114191,7,False,14,20,6.0
401114191,10,False,14,20,6.0
401114206,3,True,54,53,
401114206,7,True,54,53,
401114206,10,True,54,53,
401114217,3,True,52,35,
401114217,7,True,52,35,
401114313,3,False,13,24,11.0
401114313,7,False,13,24,11.0
401114313,10,False,13,24,11.0
401114315,3,True,20,14,
401114317,3,False,14,20,6.0
401114317,7,False,14,20,6.0
401114317,10,False,14,20,6.0
401114317,14,False,14,20,6.0
401114318,3,False,10,28,18.0
401114318,7,False,10,28,18.0
401114318,10,False,10,28,18.0
401114318,14,False,10,28,18.0
401114318,21,False,10,28,18.0
401114319,3,True,44,35,
401117551,3,False,28,35,7.0
401117551,7,False,28,35,7.0
401117551,10,False,28,35,7.0
401117551,14,False,28,35,7.0
401117553,3,False,35,38,3.0
401117553,7,False,35,38,3.0
401117553,10,False,35,38,3.0
401117553,14,False,35,38,3.0
401117908,3,True,31,24,
401117908,7,True,31,24,
401117909,3,True,49,10,
401117909,7,True,49,10,
401117910,3,False,14,24,10.0
401117910,7,False,14,24,10.0
401117910,10,False,14,24,10.0
401117911,3,True,35,28,
401117911,7,True,35,28,
401117911,10,True,35,28,
401119305,3,False,17,45,28.0
401119305,7,False,17,45,28.0
401119305,10,False,17,45,28.0
401119305,14,False,17,45,28.0
401119305,21,False,17,45,28.0
401119306,3,True,66,24,
401119306,7,True,66,24,
401119309,3,False,38,41,3.0
401119309,7,False,38,41,3.0
401121974,3,True,38,33,
401121975,3,True,45,42,
401121975,7,True,45,42,
401121976,3,True,28,15,
401183793,3,True,44,22,
401183793,7,True,44,22,
401110863,3,False,20,21,1.0
401110863,7,False,20,21,1.0
401110863,10,False,20,21,1.0
401110863,14,False,20,21,1.0
401110864,3,True,24,14,
401110864,7,True,24,14,
401110865,3,False,45,48,3.0
401110865,7,False,45,48,3.0
401110868,3,True,45,13,
401110871,3,True,28,10,
401112095,3,False,17,27,10.0
401112095,7,False,17,27,10.0
401112095,10,False,17,27,10.0
401112095,14,False,17,27,10.0
401112134,3,False,17,20,3.0
401112134,7,False,17,20,3.0
401112138,3,True,49,24,
401112138,7,True,49,24,
401112138,10,True,49,24,
401112138,14,True,49,24,
401112156,3,False,10,29,19.0
401112156,7,False,10,29,19.0
401112156,10,False,10,29,19.0
401112156,14,False,10,29,19.0
401112221,3,True,19,16,
401112228,3,True,56,27,
401112237,3,True,38,17,
401112237,7,True,38,17,
401112261,3,True,27,6,
401112521,3,False,30,39,9.0
401112521,7,False,30,39,9.0
401112521,10,False,30,39,9.0
401112522,3,False,19,26,7.0
401112522,7,False,19,26,7.0
401112522,10,False,19,26,7.0
401112523,3,False,17,27,10.0
401112523,7,False,17,27,10.0
401112523,10,False,17,27,10.0
401112524,3,True,41,10,
401112525,3,False,30,39,9.0
401112525,7,False,30,39,9.0
401112525,10,False,30,39,9.0
401112525,14,False,30,39,9.0
401114163,3,True,24,14,
401114183,3,False,18,28,10.0
401114183,7,False,18,28,10.0
401114183,10,False,18,28,10.0
401114192,3,True,45,15,
401114192,7,True,45,15,
401114212,3,True,45,24,
401114212,7,True,45,24,
401114212,10,True,45,24,
401114232,3,True,31,13,
401114232,7,True,31,13,
401114321,3,True,30,27,
401114323,3,True,41,27,
401114324,3,True,31,26,
401114324,7,True,31,26,
401114325,3,True,26,21,
401114325,7,True,26,21,
401114334,3,True,52,31,
401114334,7,True,52,31,
401117218,3,False,3,13,10.0
401117218,7,False,3,13,10.0
401117218,10,False,3,13,10.0
401117554,3,True,31,24,
401117554,7,True,31,24,
401117557,3,True,17,16,
401117557,7,True,17,16,
401117557,10,True,17,16,
401117557,14,True,17,16,
401117558,3,False,30,33,3.0
401117558,7,False,30,33,3.0
401117558,10,False,30,33,3.0
401117558,14,False,30,33,3.0
401117914,3,True,49,17,
401117914,7,True,49,17,
401117914,10,True,49,17,
401117914,14,True,49,17,
401117915,3,True,49,24,
401117916,3,True,56,41,
401117916,7,True,56,41,
401119311,3,False,14,17,3.0
401119311,7,False,14,17,3.0
401119311,10,False,14,17,3.0
401119313,3,False,26,34,8.0
401119313,7,False,26,34,8.0
401119313,10,False,26,34,8.0
401119313,14,False,26,34,8.0
401119314,3,True,41,27,
401119314,7,True,41,27,
401119314,10,True,41,27,
401119314,14,True,41,27,
401121978,3,True,48,13,
401121979,3,False,30,34,4.0
401121979,7,False,30,34,4.0
401121979,10,False,30,34,4.0
401121981,3,True,38,10,
401121981,7,True,38,10,
401114335,3,True,31,7,
401114335,7,True,31,7,
401132973,3,False,15,37,22.0
401132973,7,False,15,37,22.0
401132973,10,False,15,37,22.0
401132973,14,False,15,37,22.0
401132973,21,False,15,37,22.0
401132974,3,True,30,23,
401132976,3,True,29,24,
401132976,7,True,29,24,
401132979,3,True,31,10,
401132982,3,False,21,26,5.0
401132982,7,False,21,26,5.0
401132983,3,True,34,21,
401132983,7,True,34,21,
401132983,10,True,34,21,
401132983,14,True,34,21,
401240173,3,False,28,49,21.0
401240173,7,False,28,49,21.0
401240173,10,False,28,49,21.0
401240173,14,False,28,49,21.0
401240173,21,False,28,49,21.0
401256108,3,True,24,21,
401256110,3,False,20,26,6.0
401256110,7,False,20,26,6.0
401256110,10,False,20,26,6.0
401256110,14,False,20,26,6.0
401256112,3,True,41,27,
401256112,7,True,41,27,
401256136,3,False,27,38,11.0
401256136,7,False,27,38,11.0
401256136,10,False,27,38,11.0
401256136,14,False,27,38,11.0
401256140,3,False,14,28,14.0
401256140,7,False,14,28,14.0
401256140,10,False,14,28,14.0
401256140,14,False,14,28,14.0
401256140,21,False,14,28,14.0
401256143,3,False,34,37,3.0
401256143,7,False,34,37,3.0
401256143,10,False,34,37,3.0
401256143,14,False,34,37,3.0
401256145,3,True,39,21,
401256145,7,True,39,21,
401256152,3,True,42,28,
401256152,7,True,42,28,
401256152,10,True,42,28,
401256152,14,True,42,28,
401256194,3,False,20,55,35.0
401256194,7,False,20,55,35.0
401256194,10,False,20,55,35.0
401256194,14,False,20,55,35.0
401256194,21,False,20,55,35.0
401256196,3,False,26,28,2.0
401256196,7,False,26,28,2.0
401256197,3,True,24,21,
401256197,7,True,24,21,
401256197,10,True,24,21,
401268773,3,False,13,34,21.0
401268773,7,False,13,34,21.0
401268773,10,False,13,34,21.0
401268773,14,False,13,34,21.0
401268773,21,False,13,34,21.0
401207101,3,False,21,32,11.0
401207101,7,False,21,32,11.0
401207101,10,False,21,32,11.0
401207101,14,False,21,32,11.0
401212553,3,True,37,24,
401212553,7,True,37,24,
401207113,3,False,48,51,3.0
401207113,7,False,48,51,3.0
401207113,10,False,48,51,3.0
401207113,14,False,48,51,3.0
401234559,3,True,31,14,
401234559,7,True,31,14,
401234563,3,False,13,16,3.0
401234564,3,True,35,21,
401234564,7,True,35,21,
401234574,3,True,27,13,
401236053,3,False,31,35,4.0
401236053,7,False,31,35,4.0
401236081,3,True,35,20,
401236081,7,True,35,20,
401236221,3,False,14,31,17.0
401236221,7,False,14,31,17.0
401236221,10,False,14,31,17.0
401236221,14,False,14,31,17.0
401236658,3,False,23,38,15.0
401236658,7,False,23,38,15.0
401236658,10,False,23,38,15.0
401236658,14,False,23,38,15.0
401236658,21,False,23,38,15.0
401239973,3,True,27,24,
401239973,7,True,27,24,
401239973,10,True,27,24,
401239973,14,True,27,24,
401207106,3,False,30,31,1.0
401207106,7,False,30,31,1.0
401207124,3,False,24,30,6.0
401207124,7,False,24,30,6.0
401207124,10,False,24,30,6.0
401207124,14,False,24,30,6.0
401215301,3,True,34,31,
401215301,7,True,34,31,
401215301,10,True,34,31,
401215301,14,True,34,31,
401234567,3,False,6,26,20.0
401234567,7,False,6,26,20.0
401234567,10,False,6,26,20.0
401234567,14,False,6,26,20.0
401234568,3,True,49,21,
401234568,7,True,49,21,
401234569,3,True,47,34,
401234570,3,False,42,45,3.0
401234570,7,False,42,45,3.0
401234570,10,False,42,45,3.0
401234570,14,False,42,45,3.0
401234571,3,True,21,10,
401236041,3,True,16,7,
401236939,3,False,7,17,10.0
401236939,7,False,7,17,10.0
401236939,10,False,7,17,10.0
401207126,3,True,36,34,
401207126,7,True,36,34,
401207134,3,True,37,35,
401212536,3,True,51,28,
401212536,7,True,51,28,
401215303,3,True,20,18,
401215303,7,True,20,18,
401234594,3,False,20,37,17.0
401234594,7,False,20,37,17.0
401234594,10,False,20,37,17.0
401234594,14,False,20,37,17.0
401234595,3,True,23,20,
401234638,3,True,38,20,
401234638,7,True,38,20,
401234638,10,True,38,20,
401234734,3,True,66,24,
401234734,7,True,66,24,
401234734,10,True,66,24,
401234734,14,True,66,24,
401235993,3,True,47,14,
401235993,7,True,47,14,
401235995,3,True,63,56,
401235995,7,True,63,56,
401235995,10,True,63,56,
401235995,14,True,63,56,
401235996,3,False,35,38,3.0
401237033,3,True,37,10,
401237033,7,True,37,10,
401237034,3,True,29,13,
401237034,7,True,29,13,
401237035,3,False,34,44,10.0
401237035,7,False,34,44,10.0
401237035,10,False,34,44,10.0
401237036,3,True,31,27,
401237036,7,True,31,27,
401237037,3,True,17,12,
401240194,3,False,6,31,25.0
401240194,7,False,6,31,25.0
401240194,10,False,6,31,25.0
401240194,14,False,6,31,25.0
401240194,21,False,6,31,25.0
401240996,3,True,24,10,
401240996,7,True,24,10,
401241303,3,True,24,21,
401241303,7,True,24,21,
401241303,10,True,24,21,
401241303,14,True,24,21,
401207136,3,True,21,17,
401207136,7,True,21,17,
401207136,10,True,21,17,
401207138,3,True,20,17,
401207138,7,True,20,17,
401207139,3,False,31,41,10.0
401207139,7,False,31,41,10.0
401207139,10,False,31,41,10.0
401207139,14,False,31,41,10.0
401207141,3,True,21,13,
401212531,3,False,26,34,8.0
401212531,7,False,26,34,8.0
401212547,3,False,29,49,20.0
401212547,7,False,29,49,20.0
401212547,10,False,29,49,20.0
401212547,14,False,29,49,20.0
401212547,21,False,29,49,20.0
401212557,3,False,7,40,33.0
401212557,7,False,7,40,33.0
401212557,10,False,7,40,33.0
401212557,14,False,7,40,33.0
401212557,21,False,7,40,33.0
401215304,3,False,23,52,29.0
401215304,7,False,23,52,29.0
401215304,10,False,23,52,29.0
401215304,14,False,23,52,29.0
401215304,21,False,23,52,29.0
401234599,3,True,38,31,
401234599,7,True,38,31,
401234600,3,False,29,30,1.0
401234600,7,False,29,30,1.0
401234600,10,False,29,30,1.0
401235998,3,False,21,27,6.0
401235998,7,False,21,27,6.0
401235999,3,False,30,37,7.0
401235999,7,False,30,37,7.0
401236001,3,True,31,21,
401236002,3,False,31,33,2.0
401236002,7,False,31,33,2.0
401237094,3,False,14,21,7.0
401237094,7,False,14,21,7.0
401237094,10,False,14,21,7.0
401237094,14,False,14,21,7.0
401237096,3,True,38,24,
401237096,7,True,38,24,
401237097,3,False,41,42,1.0
401237097,7,False,41,42,1.0
401207143,3,False,28,31,3.0
401207143,7,False,28,31,3.0
401212477,3,False,24,44,20.0
401212477,7,False,24,44,20.0
401212477,10,False,24,44,20.0
401212477,14,False,24,44,20.0
401212477,21,False,24,44,20.0
401212515,3,False,29,31,2.0
401212515,7,False,29,31,2.0
401212515,10,False,29,31,2.0
401212523,3,True,49,31,
401212523,7,True,49,31,
401212523,10,True,49,31,
401212523,14,True,49,31,
401215308,3,True,37,17,
401234601,3,False,27,46,19.0
401234601,7,False,27,46,19.0
401234601,10,False,27,46,19.0
401234601,14,False,27,46,19.0
401234603,3,False,30,31,1.0
401234603,7,False,30,31,1.0
401234603,10,False,30,31,1.0
401234605,3,True,38,24,
401234606,3,True,42,26,
401234608,3,False,21,38,17.0
401234608,7,False,21,38,17.0
401234608,10,False,21,38,17.0
401234608,14,False,21,38,17.0
401234608,21,False,21,38,17.0
401236003,3,True,31,15,
401236003,7,True,31,15,
401236004,3,False,14,21,7.0
401236004,7,False,14,21,7.0
401236004,10,False,14,21,7.0
401236004,14,False,14,21,7.0
401237100,3,True,63,48,
401237100,7,True,63,48,
401237102,3,False,38,41,3.0
401237103,3,True,44,21,
401237103,7,True,44,21,
401237105,3,False,41,45,4.0
401237105,7,False,41,45,4.0
401240997,3,True,27,20,
401207150,3,False,35,52,17.0
401207150,7,False,35,52,17.0
401207150,10,False,35,52,17.0
401207150,14,False,35,52,17.0
401207150,21,False,35,52,17.0
401207153,3,True,37,14,
401212478,3,True,39,37,
401212478,7,True,39,37,
401212478,10,True,39,37,
401212487,3,True,37,34,
401212487,7,True,37,34,
401212548,3,True,27,23,
401212551,3,True,43,26,
401212551,7,True,43,26,
401212551,10,True,43,26,
401215310,3,True,59,52,
401215310,7,True,59,52,
401215311,3,False,27,30,3.0
401215311,7,False,27,30,3.0
401215313,3,True,30,20,
401234609,3,True,40,14,
401234611,3,True,31,20,
401234611,7,True,31,20,
401234611,10,True,31,20,
401234612,3,False,28,31,3.0
401234612,7,False,28,31,3.0
401234612,10,False,28,31,3.0
401234612,14,False,28,31,3.0
401234612,21,False,28,31,3.0
401234615,3,True,38,21,
401234615,7,True,38,21,
401236007,3,True,38,17,
401236007,7,True,38,17,
401236007,10,True,38,17,
401237107,3,True,41,24,
401237107,7,True,41,24,
401237109,3,False,22,30,8.0
401237109,7,False,22,30,8.0
401237109,10,False,22,30,8.0
401237111,3,False,7,34,27.0
401237111,7,False,7,34,27.0
401237111,10,False,7,34,27.0
401237111,14,False,7,34,27.0
401237111,21,False,7,34,27.0
401207154,3,True,38,28,
401207154,7,True,38,28,
401207158,3,False,34,40,6.0
401207158,7,False,34,40,6.0
401207158,10,False,34,40,6.0
401207158,14,False,34,40,6.0
401207160,3,True,56,35,
401207160,7,True,56,35,
401212516,3,True,41,29,
401212524,3,True,51,34,
401212552,3,True,37,21,
401215317,3,False,34,36,2.0
401215317,7,False,34,36,2.0
401215317,10,False,34,36,2.0
401234619,3,True,48,16,
401234619,7,True,48,16,
401234623,3,False,16,23,7.0
401234623,7,False,16,23,7.0
401234623,10,False,16,23,7.0
401236008,3,True,27,16,
401236009,3,True,24,21,
401236009,7,True,24,21,
401236012,3,False,27,34,7.0
401236012,7,False,27,34,7.0
401236012,10,False,27,34,7.0
401237115,3,True,35,28,
401237115,7,True,35,28,
401237122,3,False,10,20,10.0
401237122,7,False,10,20,10.0
401237122,10,False,10,20,10.0
401237122,14,False,10,20,10.0
401238036,3,True,24,20,
401238036,7,True,24,20,
401238036,10,True,24,20,
401240998,3,True,52,14,
401240998,7,True,52,14,
401247293,3,True,52,17,
401247293,7,True,52,17,
401247294,3,True,49,24,
401247294,7,True,49,24,
401247295,3,False,35,36,1.0
401247295,7,False,35,36,1.0
401247295,10,False,35,36,1.0
401247296,3,False,20,24,4.0
401247296,7,False,20,24,4.0
401247298,3,True,43,3,
401247299,3,False,27,38,11.0
401247299,7,False,27,38,11.0
401247299,10,False,27,38,11.0
401247299,14,False,27,38,11.0
401248993,3,False,6,17,11.0
401248993,7,False,6,17,11.0
401248993,10,False,6,17,11.0
401248993,14,False,6,17,11.0
401248994,3,False,19,34,15.0
401248994,7,False,19,34,15.0
401248994,10,False,19,34,15.0
401248994,14,False,19,34,15.0
401248998,3,False,34,37,3.0
401248998,7,False,34,37,3.0
401248998,10,False,34,37,3.0
401248998,14,False,34,37,3.0
401248998,21,False,34,37,3.0
401207163,3,False,34,37,3.0
401207163,7,False,34,37,3.0
401207163,10,False,34,37,3.0
401207166,3,False,6,30,24.0
401207166,7,False,6,30,24.0
401207166,10,False,6,30,24.0
401207166,14,False,6,30,24.0
401207166,21,False,6,30,24.0
401212489,3,True,51,37,
401212489,7,True,51,37,
401212517,3,True,38,3,
401212533,3,True,34,30,
401212533,7,True,34,30,
401212533,10,True,34,30,
401212533,14,True,34,30,
401212538,3,True,44,21,
401215320,3,False,10,38,28.0
401215320,7,False,10,38,28.0
401215320,10,False,10,38,28.0
401215320,14,False,10,38,28.0
401215320,21,False,10,38,28.0
401215321,3,True,24,17,
401215321,7,True,24,17,
401215322,3,True,44,34,
401215322,7,True,44,34,
401234624,3,True,34,28,
401234624,7,True,34,28,
401234624,10,True,34,28,
401234624,14,True,34,28,
401234628,3,False,41,44,3.0
401234628,7,False,41,44,3.0
401234628,10,False,41,44,3.0
401234628,14,False,41,44,3.0
401234628,21,False,41,44,3.0
401236015,3,True,37,10,
401236016,3,True,62,28,
401236016,7,True,62,28,
401236017,3,False,34,41,7.0
401236017,7,False,34,41,7.0
401237120,3,True,42,31,
401237120,7,True,42,31,
401237121,3,False,11,48,37.0
401237121,7,False,11,48,37.0
401237121,10,False,11,48,37.0
401237121,14,False,11,48,37.0
401237121,21,False,11,48,37.0
401247300,3,True,37,21,
401247300,7,True,37,21,
401247302,3,False,44,45,1.0
401247302,7,False,44,45,1.0
401247302,10,False,44,45,1.0
401247302,14,False,44,45,1.0
401247305,3,False,24,27,3.0
401247305,7,False,24,27,3.0
401247305,10,False,24,27,3.0
401248999,3,True,49,30,
401248999,7,True,49,30,
401249000,3,False,17,38,21.0
401249000,7,False,17,38,21.0
401249000,10,False,17,38,21.0
401249000,14,False,17,38,21.0
401249000,21,False,17,38,21.0
401249001,3,False,7,31,24.0
401249001,7,False,7,31,24.0
401249001,10,False,7,31,24.0
401249001,14,False,7,31,24.0
401249001,21,False,7,31,24.0
401249003,3,True,38,21,
401249003,7,True,38,21,
401249003,10,True,38,21,
401249003,14,True,38,21,
401207169,3,True,10,6,
401212480,3,True,34,33,
401212480,7,True,34,33,
401212480,10,True,34,33,
401212480,14,True,34,33,
401212490,3,True,47,23,
401215324,3,True,38,17,
401215324,7,True,38,17,
401215326,3,False,13,20,7.0
401215326,7,False,13,20,7.0
401234630,3,True,44,41,
401234630,7,True,44,41,
401234630,10,True,44,41,
401234632,3,False,40,47,7.0
401234632,7,False,40,47,7.0
401234632,10,False,40,47,7.0
401234634,3,False,17,41,24.0
401234634,7,False,17,41,24.0
401234634,10,False,17,41,24.0
401234634,14,False,17,41,24.0
401234634,21,False,17,41,24.0
401234636,3,False,35,38,3.0
401234636,7,False,35,38,3.0
401234636,10,False,35,38,3.0
401236018,3,True,38,31,
401236018,7,True,38,31,
401236018,10,True,38,31,
401236018,14,True,38,31,
401236020,3,True,20,18,
401236020,7,True,20,18,
401236020,10,True,20,18,
401237124,3,False,13,24,11.0
401237124,7,False,13,24,11.0
401237124,10,False,13,24,11.0
401237125,3,False,28,44,16.0
401237125,7,False,28,44,16.0
401237125,10,False,28,44,16.0
401237125,14,False,28,44,16.0
401247307,3,True,21,13,
401247309,3,False,21,38,17.0
401247309,7,False,21,38,17.0
401247309,10,False,21,38,17.0
401247309,14,False,21,38,17.0
401247312,3,False,19,35,16.0
401247312,7,False,19,35,16.0
401247312,10,False,19,35,16.0
401247312,14,False,19,35,16.0
401247312,21,False,19,35,16.0
401249006,3,True,40,27,
401249007,3,True,39,33,
401249007,7,True,39,33,
401249007,10,True,39,33,
401249008,3,False,17,28,11.0
401249008,7,False,17,28,11.0
401249008,10,False,17,28,11.0
401249009,3,True,34,9,
401249009,7,True,34,9,
401249010,3,False,24,34,10.0
401249010,7,False,24,34,10.0
401249010,10,False,24,34,10.0
401249010,14,False,24,34,10.0
401249397,3,False,28,38,10.0
401249397,7,False,28,38,10.0
401249397,10,False,28,38,10.0
401249397,14,False,28,38,10.0
401249397,21,False,28,38,10.0
401249399,3,True,35,14,
401249399,7,True,35,14,
401249400,3,True,28,27,
401249400,7,True,28,27,
401249400,10,True,28,27,
401249402,3,False,42,48,6.0
401249402,7,False,42,48,6.0
401249402,10,False,42,48,6.0
401249402,14,False,42,48,6.0
401249402,21,False,42,48,6.0
401249856,3,True,27,23,
401249857,3,True,58,13,
401249860,3,False,27,30,3.0
401249860,7,False,27,30,3.0
401249889,3,True,38,31,
401249889,7,True,38,31,
401249889,10,True,38,31,
401253924,3,True,27,20,
401207179,3,True,52,21,
401212491,3,False,24,28,4.0
401215328,3,True,17,13,
401215328,7,True,17,13,
401234637,3,True,45,31,
401234637,7,True,45,31,
401234642,3,True,59,53,
401234642,7,True,59,53,
401234642,10,True,59,53,
401234642,14,True,59,53,
401234642,21,True,59,53,
401236023,3,True,24,23,
401236023,7,True,24,23,
401236023,10,True,24,23,
401236023,14,True,24,23,
401237133,3,True,59,42,
401237133,7,True,59,42,
401247314,3,False,20,23,3.0
401247320,3,False,23,30,7.0
401247320,7,False,23,30,7.0
401247320,10,False,23,30,7.0
401247320,14,False,23,30,7.0
401247320,21,False,23,30,7.0
401249013,3,True,35,16,
401249015,3,True,27,20,
401249015,7,True,27,20,
401249015,10,True,27,20,
401249016,3,True,34,17,
401249403,3,True,34,30,
401249404,3,True,27,21,
401249404,7,True,27,21,
401249405,3,True,43,29,
401249405,7,True,43,29,
401249405,10,True,43,29,
401249406,3,False,32,35,3.0
401249406,7,False,32,35,3.0
401249406,10,False,32,35,3.0
401249406,14,False,32,35,3.0
401249865,3,True,38,31,
401249865,7,True,38,31,
401249865,10,True,38,31,
401249865,14,True,38,31,
401249866,3,True,41,38,
401249866,7,True,41,38,
401249866,10,True,41,38,
401257934,3,True,31,17,
401261454,3,False,10,34,24.0
401261454,7,False,10,34,24.0
401261454,10,False,10,34,24.0
401261454,14,False,10,34,24.0
401261454,21,False,10,34,24.0
401207181,3,True,38,21,
401207181,7,True,38,21,
401207181,10,True,38,21,
401207184,3,True,27,17,
401207184,7,True,27,17,
401207184,10,True,27,17,
401207185,3,True,23,20,
401212526,3,True,30,24,
401212526,7,True,30,24,
401212526,10,True,30,24,
401212526,14,True,30,24,
401212540,3,True,36,33,
401212540,7,True,36,33,
401212540,10,True,36,33,
401215333,3,True,34,23,
401215333,7,True,34,23,
401215334,3,False,45,47,2.0
401215334,7,False,45,47,2.0
401215334,10,False,45,47,2.0
401215334,14,False,45,47,2.0
401215335,3,True,31,14,
401215335,7,True,31,14,
401234647,3,True,15,14,
401234647,7,True,15,14,
401234648,3,False,14,47,33.0
401234648,7,False,14,47,33.0
401234648,10,False,14,47,33.0
401234648,14,False,14,47,33.0
401234648,21,False,14,47,33.0
401235975,3,True,28,27,
401235975,7,True,28,27,
401235975,10,True,28,27,
401235975,14,True,28,27,
401237136,3,True,27,24,
401237137,3,True,30,17,
401237137,7,True,30,17,
401237137,10,True,30,17,
401237138,3,True,38,17,
401237138,7,True,38,17,
401237139,3,True,31,24,
401237139,7,True,31,24,
401240641,3,False,17,20,3.0
401240641,7,False,17,20,3.0
401240641,10,False,17,20,3.0
401247321,3,False,23,41,18.0
401247321,7,False,23,41,18.0
401247321,10,False,23,41,18.0
401247321,14,False,23,41,18.0
401247321,21,False,23,41,18.0
401247323,3,False,7,17,10.0
401247323,7,False,7,17,10.0
401247323,10,False,7,17,10.0
401247324,3,True,48,42,
401247324,7,True,48,42,
401247324,10,True,48,42,
401247324,14,True,48,42,
401247325,3,False,31,34,3.0
401247325,7,False,31,34,3.0
401247325,10,False,31,34,3.0
401247327,3,True,41,21,
401249017,3,True,40,32,
401249019,3,False,21,26,5.0
401249410,3,True,33,17,
401249411,3,False,27,31,4.0
401249411,7,False,27,31,4.0
401249415,3,True,38,35,
401249870,3,True,31,25,
401249870,7,True,31,25,
401249872,3,True,52,44,
401249872,7,True,52,44,
401249872,10,True,52,44,
401249872,14,True,52,44,
401212483,3,True,58,46,
401212483,7,True,58,46,
401212513,3,False,38,52,14.0
401212513,7,False,38,52,14.0
401212513,10,False,38,52,14.0
401212513,14,False,38,52,14.0
401212513,21,False,38,52,14.0
401215337,3,False,31,38,7.0
401215337,7,False,31,38,7.0
401215339,3,True,30,24,
401215339,7,True,30,24,
401215339,10,True,30,24,
401234649,3,True,34,27,
401234650,3,True,31,17,
401234650,7,True,31,17,
401234652,3,False,33,56,23.0
401234652,7,False,33,56,23.0
401234652,10,False,33,56,23.0
401234652,14,False,33,56,23.0
401234652,21,False,33,56,23.0
401234655,3,True,36,29,
401234655,7,True,36,29,
401236028,3,True,32,31,
401236028,7,True,32,31,
401236028,10,True,32,31,
401236029,3,True,23,20,
401236029,7,True,23,20,
401236029,10,True,23,20,
401236032,3,True,50,44,
401236032,7,True,50,44,
401237143,3,False,0,41,41.0
401237143,7,False,0,41,41.0
401237143,10,False,0,41,41.0
401237143,14,False,0,41,41.0
401237143,21,False,0,41,41.0
401237144,3,True,34,10,
401247328,3,False,30,37,7.0
401247328,7,False,30,37,7.0
401247330,3,False,20,29,9.0
401247330,7,False,20,29,9.0
401247330,10,False,20,29,9.0
401247330,14,False,20,29,9.0
401247332,3,True,26,20,
401247332,7,True,26,20,
401247333,3,False,17,27,10.0
401247333,7,False,17,27,10.0
401247333,10,False,17,27,10.0
401249024,3,False,21,24,3.0
401249024,7,False,21,24,3.0
401249024,10,False,21,24,3.0
401249025,3,False,27,41,14.0
401249025,7,False,27,41,14.0
401249025,10,False,27,41,14.0
401249025,14,False,27,41,14.0
401249025,21,False,27,41,14.0
401249417,3,True,24,23,
401249417,7,True,24,23,
401249418,3,False,38,41,3.0
401249421,3,True,27,10,
401249421,7,True,27,10,
401249873,3,False,24,27,3.0
401249873,7,False,24,27,3.0
401249873,10,False,24,27,3.0
401249873,14,False,24,27,3.0
401249873,21,False,24,27,3.0
401249874,3,True,31,23,
401249874,7,True,31,23,
401249874,10,True,31,23,
401249874,14,True,31,23,
401249875,3,True,30,27,
401249875,7,True,30,27,
401264080,3,True,10,7,
401264080,7,True,10,7,
401265458,3,True,24,21,
401265458,7,True,24,21,
401265458,10,True,24,21,
401265458,14,True,24,21,
401265458,21,True,24,21,
401234656,3,True,43,32,
401234657,3,True,45,10,
401234662,3,True,45,21,
401236037,3,False,22,29,7.0
401236037,7,False,22,29,7.0
401237150,3,True,31,20,
401237151,3,True,31,19,
401237514,3,True,22,17,
401247335,3,False,27,37,10.0
401247335,7,False,27,37,10.0
401247335,10,False,27,37,10.0
401247335,14,False,27,37,10.0
401247335,21,False,27,37,10.0
401247337,3,True,35,21,
401247337,7,True,35,21,
401247337,10,True,35,21,
401247337,14,True,35,21,
401247338,3,False,6,14,8.0
401247338,7,False,6,14,8.0
401247338,10,False,6,14,8.0
401249029,3,True,35,7,
401249029,7,True,35,7,
401249032,3,True,37,26,
401249033,3,True,35,24,
401249033,7,True,35,24,
401249033,10,True,35,24,
401249033,14,True,35,24,
401249033,21,True,35,24,
401249034,3,False,16,17,1.0
401249423,3,False,17,21,4.0
401249423,7,False,17,21,4.0
401249423,10,False,17,21,4.0
401249424,3,False,26,31,5.0
401249424,7,False,26,31,5.0
401249424,10,False,26,31,5.0
401249424,14,False,26,31,5.0
401249424,21,False,26,31,5.0
401249425,3,False,18,25,7.0
401249425,7,False,18,25,7.0
401249425,10,False,18,25,7.0
401249425,14,False,18,25,7.0
401249426,3,True,24,13,
401249426,7,True,24,13,
401249426,10,True,24,13,
401249879,3,False,42,53,11.0
401249879,7,False,42,53,11.0
401249879,10,False,42,53,11.0
401249879,14,False,42,53,11.0
401249880,3,True,41,24,
401249880,7,True,41,24,
401252117,3,False,21,24,3.0
401252117,7,False,21,24,3.0
401252117,10,False,21,24,3.0
401252117,14,False,21,24,3.0
401257812,3,False,0,20,20.0
401257812,7,False,0,20,20.0
401257812,10,False,0,20,20.0
401257812,14,False,0,20,20.0
401261675,3,False,3,20,17.0
401261675,7,False,3,20,17.0
401261675,10,False,3,20,17.0
401261675,14,False,3,20,17.0
401265703,3,True,42,31,
401265703,7,True,42,31,
401265818,3,True,50,48,
401265818,7,True,50,48,
401265818,10,True,50,48,
401265818,14,True,50,48,
401266789,3,False,19,37,18.0
401266789,7,False,19,37,18.0
401266789,10,False,19,37,18.0
401266789,14,False,19,37,18.0
401266789,21,False,19,37,18.0
401215309,3,True,34,26,
401215309,7,True,34,26,
401215309,10,True,34,26,
401215309,14,True,34,26,
401234572,3,True,33,15,
401234661,3,False,26,62,36.0
401234661,7,False,26,62,36.0
401234661,10,False,26,62,36.0
401234661,14,False,26,62,36.0
401234661,21,False,26,62,36.0
401247342,3,False,24,27,3.0
401247344,3,True,28,10,
401247345,3,False,17,24,7.0
401247345,7,False,17,24,7.0
401247345,10,False,17,24,7.0
401247346,3,True,39,24,
401247346,7,True,39,24,
401247346,10,True,39,24,
401247347,3,False,7,28,21.0
401247347,7,False,7,28,21.0
401247347,10,False,7,28,21.0
401247347,14,False,7,28,21.0
401247347,21,False,7,28,21.0
401249035,3,True,17,9,
401249036,3,False,39,49,10.0
401249036,7,False,39,49,10.0
401249036,10,False,39,49,10.0
401249036,14,False,39,49,10.0
401249037,3,False,20,30,10.0
401249037,7,False,20,30,10.0
401249037,10,False,20,30,10.0
401249428,3,True,38,21,
401249428,7,True,38,21,
401249428,10,True,38,21,
401249431,3,True,43,38,
401249431,7,True,43,38,
401249431,10,True,43,38,
401249431,14,True,43,38,
401249432,3,True,27,24,
401249432,7,True,27,24,
401249435,3,True,28,14,
401249435,7,True,28,14,
401249883,3,True,24,23,
401249883,7,True,24,23,
401249885,3,False,27,30,3.0
401251100,3,False,34,37,3.0
401251100,7,False,34,37,3.0
401251100,10,False,34,37,3.0
401257813,3,False,31,45,14.0
401257813,7,False,31,45,14.0
401257813,10,False,31,45,14.0
401257813,14,False,31,45,14.0
401257815,3,True,21,16,
401257816,3,False,43,45,2.0
401257816,7,False,43,45,2.0
401257816,10,False,43,45,2.0
401257816,14,False,43,45,2.0
401259671,3,True,42,38,
401261245,3,True,34,20,
401264084,3,False,27,30,3.0
401264084,7,False,27,30,3.0
401264084,10,False,27,30,3.0
401264084,14,False,27,30,3.0
401264084,21,False,27,30,3.0
401266696,3,False,21,45,24.0
401266696,7,False,21,45,24.0
401266696,10,False,21,45,24.0
401266696,14,False,21,45,24.0
401266696,21,False,21,45,24.0
401267163,3,True,42,17,
401240101,3,False,13,22,9.0
401240101,7,False,13,22,9.0
401247349,3,True,22,10,
401247349,7,True,22,10,
401249043,3,False,20,34,14.0
401249043,7,False,20,34,14.0
401249043,10,False,20,34,14.0
401249043,14,False,20,34,14.0
401249434,3,False,24,31,7.0
401249434,7,False,24,31,7.0
401249434,10,False,24,31,7.0
401249434,14,False,24,31,7.0
401249854,3,False,28,38,10.0
401249854,7,False,28,38,10.0
401249854,10,False,28,38,10.0
401249854,14,False,28,38,10.0
401256001,3,True,34,10,
401260158,3,True,34,13,
401260158,7,True,34,13,
401265699,3,False,7,10,3.0
401267166,3,False,32,51,19.0
401267166,7,False,32,51,19.0
401267166,10,False,32,51,19.0
401267166,14,False,32,51,19.0
401267166,21,False,32,51,19.0
401269375,3,True,45,28,
401269375,7,True,45,28,
401269375,10,True,45,28,
401269375,14,True,45,28,
401269375,21,True,45,28,
401269376,3,False,47,48,1.0
401269376,7,False,47,48,1.0
401269376,10,False,47,48,1.0
401269376,14,False,47,48,1.0
401269378,3,True,46,33,
401269378,7,True,46,33,
401269381,3,True,56,21,
401269381,7,True,56,21,
401269382,3,True,28,21,
401269382,7,True,28,21,
401269384,3,True,20,17,
401269384,7,True,20,17,
401331164,3,False,24,31,7.0
401331164,7,False,24,31,7.0
401331164,10,False,24,31,7.0
401331164,14,False,24,31,7.0
401331165,3,True,47,41,
401331165,7,True,47,41,
401331166,3,False,38,59,21.0
401331166,7,False,38,59,21.0
401331166,10,False,38,59,21.0
401331166,14,False,38,59,21.0
401331166,21,False,38,59,21.0
401331167,3,True,31,24,
401331167,7,True,31,24,
401331168,3,False,28,31,3.0
401331168,7,False,28,31,3.0
401331168,10,False,28,31,3.0
401331168,14,False,28,31,3.0
401331169,3,True,56,20,
401331170,3,False,13,24,11.0
401331170,7,False,13,24,11.0
401331170,10,False,13,24,11.0
401331170,14,False,13,24,11.0
401331171,3,True,36,21,
401331172,3,True,30,17,
401331172,7,True,30,17,
401331213,3,True,52,38,
401331213,7,True,52,38,
401331213,10,True,52,38,
401331214,3,True,38,24,
401331214,7,True,38,24,
401331215,3,True,24,22,
401331215,7,True,24,22,
401331215,10,True,24,22,
401331216,3,False,17,29,12.0
401331216,7,False,17,29,12.0
401331216,10,False,17,29,12.0
401331218,3,True,51,20,
401331218,7,True,51,20,
401331219,3,True,52,24,
401331221,3,False,13,17,4.0
401331221,7,False,13,17,4.0
401331221,10,False,13,17,4.0
401331223,3,False,7,34,27.0
401331223,7,False,7,34,27.0
401331223,10,False,7,34,27.0
401331223,14,False,7,34,27.0
401331223,21,False,7,34,27.0
401331229,3,False,21,38,17.0
401331229,7,False,21,38,17.0
401331229,10,False,21,38,17.0
401331229,14,False,21,38,17.0
401331230,3,False,45,48,3.0
401331230,7,False,45,48,3.0
401331231,3,True,31,21,
401331231,7,True,31,21,
401331231,10,True,31,21,
401331236,3,True,24,10,
401331237,3,True,20,17,
401331238,3,True,37,35,
401331238,7,True,37,35,
401331238,10,True,37,35,
401331238,14,True,37,35,
401331238,21,True,37,35,
401331239,3,True,48,45,
401331239,7,True,48,45,
401331239,10,True,48,45,
401331239,14,True,48,45,
401331240,3,False,7,21,14.0
401331240,7,False,7,21,14.0
401331240,10,False,7,21,14.0
401331240,14,False,7,21,14.0
401331242,3,True,33,18,
401331654,3,False,21,24,3.0
401331654,7,False,21,24,3.0
401331654,10,False,21,24,3.0
401331654,14,False,21,24,3.0
401331654,21,False,21,24,3.0
401391158,3,True,27,14,
401281943,3,True,38,17,
401281943,7,True,38,17,
401281943,10,True,38,17,
401281946,3,False,3,10,7.0
401281946,7,False,3,10,7.0
401281946,10,False,3,10,7.0
401281947,3,True,45,10,
401281947,7,True,45,10,
401281948,3,False,27,38,11.0
401281948,7,False,27,38,11.0
401281948,10,False,27,38,11.0
401281948,14,False,27,38,11.0
401281949,3,True,35,34,
401281949,7,True,35,34,
401281949,10,True,35,34,
401281949,14,True,35,34,
401281950,3,True,34,24,
401281950,7,True,34,24,
401282052,3,False,28,31,3.0
401282052,7,False,28,31,3.0
401282052,10,False,28,31,3.0
401282179,3,False,30,37,7.0
401282179,7,False,30,37,7.0
401282179,10,False,30,37,7.0
401282179,14,False,30,37,7.0
401282610,3,False,21,22,1.0
401282610,7,False,21,22,1.0
401282610,10,False,21,22,1.0
401282610,14,False,21,22,1.0
401282611,3,False,9,29,20.0
401282611,7,False,9,29,20.0
401282611,10,False,9,29,20.0
401282611,14,False,9,29,20.0
401282614,3,True,41,38,
401282614,7,True,41,38,
401282714,3,False,22,30,8.0
401282714,7,False,22,30,8.0
401282714,10,False,22,30,8.0
401282714,14,False,22,30,8.0
401282714,21,False,22,30,8.0
401282764,3,False,24,30,6.0
401282764,7,False,24,30,6.0
401282764,10,False,24,30,6.0
401282782,3,False,21,38,17.0
401282782,7,False,21,38,17.0
401282782,10,False,21,38,17.0
401282782,14,False,21,38,17.0
401282782,21,False,21,38,17.0
401282789,3,True,45,31,
401282815,3,False,10,16,6.0
401282815,7,False,10,16,6.0
401282819,3,True,30,21,
401282819,7,True,30,21,
401287886,3,False,21,38,17.0
401287886,7,False,21,38,17.0
401287886,10,False,21,38,17.0
401287886,14,False,21,38,17.0
401287892,3,True,38,18,
401287893,3,True,29,20,
401287894,3,True,40,35,
401287894,7,True,40,35,
401300993,3,True,33,19,
401300995,3,True,36,31,
401300995,7,True,36,31,
401300995,10,True,36,31,
401300995,14,True,36,31,
401300995,21,True,36,31,
401309601,3,False,10,43,33.0
401309601,7,False,10,43,33.0
401309601,10,False,10,43,33.0
401309601,14,False,10,43,33.0
401309601,21,False,10,43,33.0
401309837,3,False,17,22,5.0
401309837,7,False,17,22,5.0
401309838,3,True,31,24,
401309840,3,False,23,26,3.0
401309840,7,False,23,26,3.0
401309937,3,False,10,17,7.0
401309937,7,False,10,17,7.0
401309937,10,False,10,17,7.0
401309937,14,False,10,17,7.0
401310699,3,True,28,10,
401310699,7,True,28,10,
401310699,10,True,28,10,
401282057,3,False,21,40,19.0
401282057,7,False,21,40,19.0
401282057,10,False,21,40,19.0
401282057,14,False,21,40,19.0
401282057,21,False,21,40,19.0
401282064,3,False,10,24,14.0
401282064,7,False,10,24,14.0
401282064,10,False,10,24,14.0
401282064,14,False,10,24,14.0
401282064,21,False,10,24,14.0
401282065,3,True,20,17,
401282065,7,True,20,17,
401282065,10,True,20,17,
401282065,14,True,20,17,
401282066,3,True,41,34,
401282066,7,True,41,34,
401282066,10,True,41,34,
401282067,3,True,10,7,
401282067,7,True,10,7,
401282068,3,False,21,24,3.0
401282068,7,False,21,24,3.0
401282182,3,False,17,23,6.0
401282182,7,False,17,23,6.0
401282182,10,False,17,23,6.0
401282183,3,True,38,6,
401282187,3,True,35,12,
401282191,3,True,54,13,
401282705,3,True,32,29,
401282754,3,False,17,27,10.0
401282754,7,False,17,27,10.0
401282754,10,False,17,27,10.0
401282754,14,False,17,27,10.0
401282809,3,False,28,35,7.0
401282809,7,False,28,35,7.0
401282809,10,False,28,35,7.0
401282809,14,False,28,35,7.0
401286295,3,True,21,13,
401286295,7,True,21,13,
401287896,3,True,49,22,
401287899,3,True,28,23,
401287899,7,True,28,23,
401287900,3,True,34,32,
401287900,7,True,34,32,
401287900,10,True,34,32,
401300999,3,True,45,24,
401300999,7,True,45,24,
401300999,10,True,45,24,
401300999,14,True,45,24,
401300999,21,True,45,24,
401301004,3,True,23,3,
401309546,3,True,22,19,
401309546,7,True,22,19,
401309843,3,False,28,42,14.0
401309843,7,False,28,42,14.0
401309843,10,False,28,42,14.0
401309843,14,False,28,42,14.0
401309843,21,False,28,42,14.0
401309846,3,False,14,38,24.0
401309846,7,False,14,38,24.0
401309846,10,False,14,38,24.0
401309846,14,False,14,38,24.0
401309846,21,False,14,38,24.0
401309847,3,True,37,10,
401309848,3,False,17,26,9.0
401309848,7,False,17,26,9.0
401309848,10,False,17,26,9.0
401309848,14,False,17,26,9.0
401282070,3,True,28,20,
401282076,3,False,29,31,2.0
401282076,7,False,29,31,2.0
401282076,10,False,29,31,2.0
401282196,3,True,20,9,
401282196,7,True,20,9,
401282197,3,True,54,21,
401282197,7,True,54,21,
401282199,3,True,39,37,
401282199,7,True,39,37,
401282200,3,False,38,42,4.0
401282203,3,True,21,9,
401282626,3,False,35,42,7.0
401282626,7,False,35,42,7.0
401282628,3,False,23,30,7.0
401282628,7,False,23,30,7.0
401282628,10,False,23,30,7.0
401282628,14,False,23,30,7.0
401282628,21,False,23,30,7.0
401282629,3,False,17,38,21.0
401282629,7,False,17,38,21.0
401282629,10,False,17,38,21.0
401282629,14,False,17,38,21.0
401282629,21,False,17,38,21.0
401282631,3,True,59,39,
401282632,3,False,41,44,3.0
401282632,7,False,41,44,3.0
401282632,10,False,41,44,3.0
401282706,3,True,27,13,
401282715,3,True,20,17,
401282715,7,True,20,17,
401282715,10,True,20,17,
401282715,14,True,20,17,
401282725,3,True,38,24,
401282725,7,True,38,24,
401282725,10,True,38,24,
401282725,14,True,38,24,
401282791,3,False,0,30,30.0
401282791,7,False,0,30,30.0
401282791,10,False,0,30,30.0
401282791,14,False,0,30,30.0
401282791,21,False,0,30,30.0
401282810,3,True,41,20,
401287905,3,False,17,38,21.0
401287905,7,False,17,38,21.0
401287905,10,False,17,38,21.0
401287905,14,False,17,38,21.0
401287905,21,False,17,38,21.0
401309552,3,True,28,25,
401309552,7,True,28,25,
401309553,3,False,6,22,16.0
401309553,7,False,6,22,16.0
401309553,10,False,6,22,16.0
401309553,14,False,6,22,16.0
401309852,3,True,45,14,
401309852,7,True,45,14,
401309852,10,True,45,14,
401309852,14,True,45,14,
401309854,3,False,17,27,10.0
401309854,7,False,17,27,10.0
401309854,10,False,17,27,10.0
401309854,14,False,17,27,10.0
401309855,3,False,37,40,3.0
401309855,7,False,37,40,3.0
401309855,10,False,37,40,3.0
401309856,3,False,31,33,2.0
401309856,7,False,31,33,2.0
401309856,10,False,31,33,2.0
401309856,14,False,31,33,2.0
401310704,3,False,45,49,4.0
401310705,3,True,17,13,
401310705,7,True,17,13,
401282082,3,False,10,20,10.0
401282082,7,False,10,20,10.0
401282082,10,False,10,20,10.0
401282082,14,False,10,20,10.0
401282083,3,True,34,24,
401282083,7,True,34,24,
401282083,10,True,34,24,
401282084,3,True,38,14,
401282086,3,True,41,34,
401282086,7,True,41,34,
401282204,3,True,42,39,
401282206,3,True,31,27,
401282206,7,True,31,27,
401282206,10,True,31,27,
401282206,14,True,31,27,
401282208,3,True,31,30,
401282208,7,True,31,30,
401282211,3,False,21,28,7.0
401282211,7,False,21,28,7.0
401282211,10,False,21,28,7.0
401282211,14,False,21,28,7.0
401282211,21,False,21,28,7.0
401282212,3,False,13,20,7.0
401282212,7,False,13,20,7.0
401282213,3,False,28,31,3.0
401282637,3,False,21,24,3.0
401282637,7,False,21,24,3.0
401282637,10,False,21,24,3.0
401282637,14,False,21,24,3.0
401282638,3,False,17,37,20.0
401282638,7,False,17,37,20.0
401282638,10,False,17,37,20.0
401282638,14,False,17,37,20.0
401282639,3,True,52,33,
401282641,3,False,22,45,23.0
401282641,7,False,22,45,23.0
401282641,10,False,22,45,23.0
401282641,14,False,22,45,23.0
401282641,21,False,22,45,23.0
401282643,3,False,21,27,6.0
401282643,7,False,21,27,6.0
401282707,3,False,13,41,28.0
401282707,7,False,13,41,28.0
401282707,10,False,13,41,28.0
401282707,14,False,13,41,28.0
401282707,21,False,13,41,28.0
401282716,3,True,13,9,
401282756,3,True,24,14,
401282756,7,True,24,14,
401282765,3,True,37,16,
401282784,3,True,23,20,
401282784,7,True,23,20,
401282792,3,False,10,14,4.0
401282811,3,True,59,7,
401282811,7,True,59,7,
401286190,3,True,24,22,
401286190,7,True,24,22,
401286190,10,True,24,22,
401287907,3,False,29,31,2.0
401287907,7,False,29,31,2.0
401287907,10,False,29,31,2.0
401287907,14,False,29,31,2.0
401287907,21,False,29,31,2.0
401287908,3,True,16,13,
401287908,7,True,16,13,
401287909,3,True,31,20,
401287910,3,False,34,42,8.0
401287910,7,False,34,42,8.0
401287910,10,False,34,42,8.0
401287910,14,False,34,42,8.0
401301008,3,True,28,20,
401301008,7,True,28,20,
401301008,10,True,28,20,
401301011,3,True,41,34,
401301011,7,True,41,34,
401309554,3,True,23,3,
401309555,3,True,22,12,
401309610,3,True,28,20,
401309610,7,True,28,20,
401309611,3,False,16,29,13.0
401309611,7,False,16,29,13.0
401309611,10,False,16,29,13.0
401309611,14,False,16,29,13.0
401309860,3,False,27,45,18.0
401309860,7,False,27,45,18.0
401309860,10,False,27,45,18.0
401309860,14,False,27,45,18.0
401309860,21,False,27,45,18.0
401309861,3,True,24,13,
401310707,3,True,38,30,
401310707,7,True,38,30,
401310707,10,True,38,30,
401310707,14,True,38,30,
401310708,3,True,41,21,
401282091,3,False,13,20,7.0
401282091,7,False,13,20,7.0
401282091,10,False,13,20,7.0
401282092,3,False,19,24,5.0
401282093,3,False,24,62,38.0
401282093,7,False,24,62,38.0
401282093,10,False,24,62,38.0
401282093,14,False,24,62,38.0
401282093,21,False,24,62,38.0
401282094,3,True,23,14,
401282095,3,False,22,26,4.0
401282095,7,False,22,26,4.0
401282095,10,False,22,26,4.0
401282096,3,True,30,28,
401282216,3,False,28,34,6.0
401282216,7,False,28,34,6.0
401282216,10,False,28,34,6.0
401282216,14,False,28,34,6.0
401282216,21,False,28,34,6.0
401282219,3,True,24,14,
401282221,3,False,12,36,24.0
401282221,7,False,12,36,24.0
401282221,10,False,12,36,24.0
401282221,14,False,12,36,24.0
401282221,21,False,12,36,24.0
401282222,3,True,24,17,
401282646,3,False,28,30,2.0
401282646,7,False,28,30,2.0
401282646,10,False,28,30,2.0
401282648,3,True,33,30,
401282651,3,True,37,34,
401282651,7,True,37,34,
401282759,3,True,51,14,
401282776,3,False,17,38,21.0
401282776,7,False,17,38,21.0
401282776,10,False,17,38,21.0
401282776,14,False,17,38,21.0
401282776,21,False,17,38,21.0
401282793,3,False,13,20,7.0
401282793,7,False,13,20,7.0
401287913,3,True,37,31,
401287915,3,True,32,27,
401287915,7,True,32,27,
401287916,3,False,20,23,3.0
401287916,7,False,20,23,3.0
401287916,10,False,20,23,3.0
401287916,14,False,20,23,3.0
401301012,3,False,10,45,35.0
401301012,7,False,10,45,35.0
401301012,10,False,10,45,35.0
401301012,14,False,10,45,35.0
401301012,21,False,10,45,35.0
401301013,3,False,30,34,4.0
401301014,3,False,29,52,23.0
401301014,7,False,29,52,23.0
401301014,10,False,29,52,23.0
401301014,14,False,29,52,23.0
401301014,21,False,29,52,23.0
401301015,3,False,31,34,3.0
401301015,7,False,31,34,3.0
401301015,10,False,31,34,3.0
401308835,3,False,17,28,11.0
401308835,7,False,17,28,11.0
401308835,10,False,17,28,11.0
401308835,14,False,17,28,11.0
401309559,3,False,16,28,12.0
401309559,7,False,16,28,12.0
401309559,10,False,16,28,12.0
401309559,14,False,16,28,12.0
401309559,21,False,16,28,12.0
401309560,3,True,34,17,
401309560,7,True,34,17,
401309561,3,True,24,17,
401309562,3,True,27,20,
401309562,7,True,27,20,
401309863,3,False,6,21,15.0
401309863,7,False,6,21,15.0
401309863,10,False,6,21,15.0
401309863,14,False,6,21,15.0
401309864,3,False,24,31,7.0
401309864,7,False,24,31,7.0
401309864,10,False,24,31,7.0
401309865,3,True,27,24,
401309865,7,True,27,24,
401309866,3,False,23,42,19.0
401309866,7,False,23,42,19.0
401309866,10,False,23,42,19.0
401309866,14,False,23,42,19.0
401310711,3,False,31,41,10.0
401310711,7,False,31,41,10.0
401310711,10,False,31,41,10.0
401310711,14,False,31,41,10.0
401310712,3,False,24,27,3.0
401310712,7,False,24,27,3.0
401310712,10,False,24,27,3.0
401282097,3,True,34,10,
401282100,3,True,52,51,
401282100,7,True,52,51,
401282103,3,False,38,41,3.0
401282103,7,False,38,41,3.0
401282103,10,False,38,41,3.0
401282103,14,False,38,41,3.0
401282224,3,True,45,33,
401282226,3,True,20,13,
401282226,7,True,20,13,
401282228,3,False,46,52,6.0
401282228,7,False,46,52,6.0
401282228,10,False,46,52,6.0
401282652,3,True,31,27,
401282653,3,False,33,34,1.0
401282653,7,False,33,34,1.0
401282654,3,False,25,35,10.0
401282654,7,False,25,35,10.0
401282654,10,False,25,35,10.0
401282654,14,False,25,35,10.0
401282655,3,True,40,37,
401282655,7,True,40,37,
401282655,10,True,40,37,
401282758,3,True,23,20,
401282758,7,True,23,20,
401282758,10,True,23,20,
401282758,14,True,23,20,
401282769,3,True,66,17,
401282778,3,True,32,29,
401282788,3,True,31,13,
401282788,7,True,31,13,
401286191,3,False,13,27,14.0
401286191,7,False,13,27,14.0
401286191,10,False,13,27,14.0
401286191,14,False,13,27,14.0
401287918,3,True,55,48,
401287918,7,True,55,48,
401287918,10,True,55,48,
401287918,14,True,55,48,
401287918,21,True,55,48,
401301017,3,True,40,22,
401301019,3,True,20,16,
401301020,3,True,35,29,
401301021,3,True,31,24,
401301021,7,True,31,24,
401301021,10,True,31,24,
401301021,14,True,31,24,
401308836,3,False,12,13,1.0
401308836,7,False,12,13,1.0
401309563,3,False,20,45,25.0
401309563,7,False,20,45,25.0
401309563,10,False,20,45,25.0
401309563,14,False,20,45,25.0
401309563,21,False,20,45,25.0
401309564,3,False,20,22,2.0
401309565,3,True,48,38,
401309566,3,False,20,35,15.0
401309566,7,False,20,35,15.0
401309566,10,False,20,35,15.0
401309566,14,False,20,35,15.0
401309566,21,False,20,35,15.0
401309567,3,True,30,27,
401309567,7,True,30,27,
401309618,3,True,55,21,
401309618,7,True,55,21,
401309619,3,False,31,33,2.0
401309619,7,False,31,33,2.0
401309869,3,False,24,31,7.0
401309869,7,False,24,31,7.0
401309870,3,True,34,16,
401309871,3,False,26,42,16.0
401309871,7,False,26,42,16.0
401309871,10,False,26,42,16.0
401309871,14,False,26,42,16.0
401309871,21,False,26,42,16.0
401309913,3,False,17,26,9.0
401309913,7,False,17,26,9.0
401309913,10,False,17,26,9.0
401310717,3,True,55,28,
401310717,7,True,55,28,
401282104,3,False,23,38,15.0
401282104,7,False,23,38,15.0
401282104,10,False,23,38,15.0
401282104,14,False,23,38,15.0
401282106,3,False,42,49,7.0
401282106,7,False,42,49,7.0
401282106,10,False,42,49,7.0
401282106,14,False,42,49,7.0
401282109,3,True,21,20,
401282230,3,False,3,19,16.0
401282230,7,False,3,19,16.0
401282230,10,False,3,19,16.0
401282230,14,False,3,19,16.0
401282731,3,True,20,15,
401282760,3,False,7,24,17.0
401282760,7,False,7,24,17.0
401282760,10,False,7,24,17.0
401282760,14,False,7,24,17.0
401282796,3,False,23,30,7.0
401282796,7,False,23,30,7.0
401282796,10,False,23,30,7.0
401282796,14,False,23,30,7.0
401282807,3,False,7,21,14.0
401282807,7,False,7,21,14.0
401282807,10,False,7,21,14.0
401282807,14,False,7,21,14.0
401286296,3,False,28,31,3.0
401286296,7,False,28,31,3.0
401286296,10,False,28,31,3.0
401286296,14,False,28,31,3.0
401287920,3,True,38,24,
401287923,3,True,52,31,
401287924,3,False,24,32,8.0
401287924,7,False,24,32,8.0
401301024,3,True,32,31,
401301024,7,True,32,31,
401301024,10,True,32,31,
401301024,14,True,32,31,
401309569,3,False,23,26,3.0
401309569,7,False,23,26,3.0
401309569,10,False,23,26,3.0
401309569,14,False,23,26,3.0
401309570,3,True,34,26,
401309570,7,True,34,26,
401309571,3,True,27,26,
401309571,7,True,27,26,
401309571,10,True,27,26,
401309571,14,True,27,26,
401309571,21,True,27,26,
401309620,3,False,13,41,28.0
401309620,7,False,13,41,28.0
401309620,10,False,13,41,28.0
401309620,14,False,13,41,28.0
401309620,21,False,13,41,28.0
401309622,3,True,31,28,
401309872,3,True,24,17,
401309872,7,True,24,17,
401309873,3,True,34,31,
401309873,7,True,34,31,
401309873,10,True,34,31,
401309874,3,False,17,24,7.0
401309874,7,False,17,24,7.0
401309874,10,False,17,24,7.0
401309874,14,False,17,24,7.0
401309876,3,True,35,21,
401309876,7,True,35,21,
401309876,10,True,35,21,
401309876,14,True,35,21,
401310718,3,False,17,24,7.0
401310718,7,False,17,24,7.0
401310718,10,False,17,24,7.0
401310720,3,True,28,24,
401310720,7,True,28,24,
401310720,10,True,28,24,
401310722,3,True,34,17,
401282111,3,True,52,24,
401282111,7,True,52,24,
401282113,3,True,31,17,
401282113,7,True,31,17,
401282235,3,True,38,9,
401282236,3,True,34,19,
401282237,3,True,45,16,
401282238,3,False,24,30,6.0
401282238,7,False,24,30,6.0
401282238,10,False,24,30,6.0
401282240,3,True,35,26,
401282240,7,True,35,26,
401282240,10,True,35,26,
401282663,3,True,59,3,
401282664,3,True,28,14,
401282664,7,True,28,14,
401282665,3,False,30,31,1.0
401282665,7,False,30,31,1.0
401282665,10,False,30,31,1.0
401282666,3,True,27,17,
401282666,7,True,27,17,
401282667,3,True,48,40,
401282667,7,True,48,40,
401282667,10,True,48,40,
401282668,3,False,36,41,5.0
401282767,3,True,34,16,
401282821,3,True,30,13,
401287925,3,True,24,21,
401287925,7,True,24,21,
401287926,3,True,35,23,
401287926,7,True,35,23,
401287926,10,True,35,23,
401287927,3,False,17,29,12.0
401287927,7,False,17,29,12.0
401287927,10,False,17,29,12.0
401287928,3,True,25,24,
401287928,7,True,25,24,
401287928,10,True,25,24,
401287928,14,True,25,24,
401301026,3,False,7,24,17.0
401301026,7,False,7,24,17.0
401301026,10,False,7,24,17.0
401301026,14,False,7,24,17.0
401301027,3,True,27,20,
401301027,7,True,27,20,
401301028,3,True,31,24,
401301028,7,True,31,24,
401308838,3,False,17,24,7.0
401308838,7,False,17,24,7.0
401309573,3,False,15,34,19.0
401309573,7,False,15,34,19.0
401309573,10,False,15,34,19.0
401309573,14,False,15,34,19.0
401309574,3,True,55,24,
401309623,3,False,27,30,3.0
401309624,3,True,28,27,
401309624,7,True,28,27,
401309625,3,True,28,16,
401309626,3,False,31,41,10.0
401309626,7,False,31,41,10.0
401309626,10,False,31,41,10.0
401309877,3,True,21,16,
401309877,7,True,21,16,
401309877,10,True,21,16,
401309879,3,False,31,34,3.0
401309879,7,False,31,34,3.0
401309879,10,False,31,34,3.0
401309879,14,False,31,34,3.0
401309880,3,False,34,42,8.0
401309880,7,False,34,42,8.0
401309880,10,False,34,42,8.0
401309881,3,True,21,19,
401309881,7,True,21,19,
401310724,3,False,14,20,6.0
401310724,7,False,14,20,6.0
401310724,10,False,14,20,6.0
401310724,14,False,14,20,6.0
401310725,3,False,24,26,2.0
401310725,7,False,24,26,2.0
401310726,3,False,3,14,11.0
401310726,7,False,3,14,11.0
401310726,10,False,3,14,11.0
401310727,3,True,34,32,
401310729,3,True,27,20,
401310729,7,True,27,20,
401310729,10,True,27,20,
401310729,14,True,27,20,
401282118,3,True,31,17,
401282118,7,True,31,17,
401282118,10,True,31,17,
401282119,3,True,37,28,
401282243,3,True,28,25,
401282244,3,False,20,23,3.0
401282245,3,True,35,10,
401282245,7,True,35,10,
401282246,3,False,24,30,6.0
401282246,7,False,24,30,6.0
401282669,3,True,66,49,
401282670,3,True,30,20,
401282671,3,False,17,26,9.0
401282671,7,False,17,26,9.0
401282671,10,False,17,26,9.0
401282672,3,True,28,13,
401282673,3,True,44,34,
401282674,3,False,34,38,4.0
401282674,7,False,34,38,4.0
401282674,10,False,34,38,4.0
401282674,14,False,34,38,4.0
401282675,3,True,21,6,
401282719,3,True,20,14,
401282726,3,True,38,35,
401282777,3,False,33,37,4.0
401282801,3,False,23,28,5.0
401282801,7,False,23,28,5.0
401282801,10,False,23,28,5.0
401282814,3,True,33,24,
401282814,7,True,33,24,
401287929,3,True,31,24,
401287929,7,True,31,24,
401287929,10,True,31,24,
401287933,3,False,31,38,7.0
401287933,7,False,31,38,7.0
401301030,3,False,17,20,3.0
401301030,7,False,17,20,3.0
401301030,10,False,17,20,3.0
401301033,3,True,29,14,
401301033,7,True,29,14,
401309578,3,False,44,56,12.0
401309578,7,False,44,56,12.0
401309578,10,False,44,56,12.0
401309578,14,False,44,56,12.0
401309627,3,True,35,28,
401309627,7,True,35,28,
401309630,3,True,21,14,
401309630,7,True,21,14,
401309882,3,False,25,39,14.0
401309882,7,False,25,39,14.0
401309882,10,False,25,39,14.0
401309882,14,False,25,39,14.0
401309883,3,False,13,20,7.0
401309883,7,False,13,20,7.0
401309885,3,False,21,34,13.0
401309885,7,False,21,34,13.0
401309885,10,False,21,34,13.0
401309885,14,False,21,34,13.0
401309885,21,False,21,34,13.0
401310730,3,True,28,19,
401310730,7,True,28,19,
401310730,10,True,28,19,
401282120,3,True,20,14,
401282120,7,True,20,14,
401282121,3,True,31,28,
401282122,3,True,43,6,
401282123,3,True,45,42,
401282123,7,True,45,42,
401282125,3,False,17,40,23.0
401282125,7,False,17,40,23.0
401282125,10,False,17,40,23.0
401282125,14,False,17,40,23.0
401282125,21,False,17,40,23.0
401282247,3,True,31,24,
401282247,7,True,31,24,
401282247,10,True,31,24,
401282249,3,True,28,13,
401282250,3,True,52,38,
401282250,7,True,52,38,
401282250,10,True,52,38,
401282250,14,True,52,38,
401282251,3,True,48,21,
401282251,7,True,48,21,
401282252,3,True,38,14,
401282252,7,True,38,14,
401282252,10,True,38,14,
401282252,14,True,38,14,
401282677,3,False,3,17,14.0
401282677,7,False,3,17,14.0
401282677,10,False,3,17,14.0
401282677,14,False,3,17,14.0
401282678,3,True,54,29,
401282678,7,True,54,29,
401282678,10,True,54,29,
401282680,3,True,30,24,
401282680,7,True,30,24,
401282680,10,True,30,24,
401282681,3,True,33,30,
401282682,3,True,58,55,
401282682,7,True,58,55,
401282682,10,True,58,55,
401282682,14,True,58,55,
401282710,3,True,34,6,
401282720,3,False,6,14,8.0
401282720,7,False,6,14,8.0
401282720,10,False,6,14,8.0
401282720,14,False,6,14,8.0
401282787,3,False,29,40,11.0
401282787,7,False,29,40,11.0
401282787,10,False,29,40,11.0
401282787,14,False,29,40,11.0
401287934,3,True,30,7,
401287936,3,False,28,30,2.0
401287936,7,False,28,30,2.0
401287937,3,True,24,3,
401301036,3,True,14,10,
401301038,3,True,54,42,
401301038,7,True,54,42,
401301039,3,False,25,28,3.0
401301039,7,False,25,28,3.0
401301039,10,False,25,28,3.0
401301039,14,False,25,28,3.0
401308839,3,False,33,35,2.0
401308839,7,False,33,35,2.0
401308839,10,False,33,35,2.0
401308839,14,False,33,35,2.0
401308839,21,False,33,35,2.0
401309580,3,False,49,52,3.0
401309580,7,False,49,52,3.0
401309580,10,False,49,52,3.0
401309580,14,False,49,52,3.0
401309581,3,False,30,42,12.0
401309581,7,False,30,42,12.0
401309581,10,False,30,42,12.0
401309581,14,False,30,42,12.0
401309582,3,True,52,47,
401309582,7,True,52,47,
401309582,10,True,52,47,
401309632,3,True,21,17,
401309632,7,True,21,17,
401309632,10,True,21,17,
401309635,3,True,27,19,
401309636,3,True,31,24,
401309636,7,True,31,24,
401309636,10,True,31,24,
401309889,3,False,3,10,7.0
401309889,7,False,3,10,7.0
401309890,3,True,26,16,
401309890,7,True,26,16,
401309891,3,False,34,37,3.0
401309891,7,False,34,37,3.0
401309891,10,False,34,37,3.0
401309892,3,True,31,16,
401310253,3,False,14,21,7.0
401310253,7,False,14,21,7.0
401310253,10,False,14,21,7.0
401310735,3,False,14,40,26.0
401310735,7,False,14,40,26.0
401310735,10,False,14,40,26.0
401310735,14,False,14,40,26.0
401310735,21,False,14,40,26.0
401310736,3,False,17,31,14.0
401310736,7,False,17,31,14.0
401310736,10,False,17,31,14.0
401310736,14,False,17,31,14.0
401310737,3,False,17,31,14.0
401310737,7,False,17,31,14.0
401310737,10,False,17,31,14.0
401310738,3,True,35,13,
401310738,7,True,35,13,
401310738,10,True,35,13,
401282127,3,True,59,3,
401282128,3,False,34,43,9.0
401282128,7,False,34,43,9.0
401282128,10,False,34,43,9.0
401282128,14,False,34,43,9.0
401282130,3,True,16,13,
401282130,7,True,16,13,
401282131,3,False,19,29,10.0
401282131,7,False,19,29,10.0
401282131,10,False,19,29,10.0
401282131,14,False,19,29,10.0
401282132,3,False,28,31,3.0
401282132,7,False,28,31,3.0
401282132,10,False,28,31,3.0
401282132,14,False,28,31,3.0
401282133,3,True,41,17,
401282133,7,True,41,17,
401282256,3,False,16,30,14.0
401282256,7,False,16,30,14.0
401282256,10,False,16,30,14.0
401282256,14,False,16,30,14.0
401282257,3,False,14,21,7.0
401282257,7,False,14,21,7.0
401282257,10,False,14,21,7.0
401282257,14,False,14,21,7.0
401282258,3,False,17,20,3.0
401282258,7,False,17,20,3.0
401282258,10,False,17,20,3.0
401282260,3,True,27,17,
401282260,7,True,27,17,
401282684,3,True,44,7,
401282684,7,True,44,7,
401282685,3,False,28,31,3.0
401282685,7,False,28,31,3.0
401282685,10,False,28,31,3.0
401282685,14,False,28,31,3.0
401282686,3,False,30,41,11.0
401282686,7,False,30,41,11.0
401282686,10,False,30,41,11.0
401282690,3,True,45,42,
401282728,3,False,3,38,35.0
401282728,7,False,3,38,35.0
401282728,10,False,3,38,35.0
401282728,14,False,3,38,35.0
401282728,21,False,3,38,35.0
401282762,3,True,27,22,
401282780,3,True,21,17,
401287938,3,False,14,27,13.0
401287938,7,False,14,27,13.0
401287938,10,False,14,27,13.0
401287938,14,False,14,27,13.0
401287941,3,False,56,57,1.0
401287941,7,False,56,57,1.0
401287941,10,False,56,57,1.0
401287941,14,False,56,57,1.0
401287941,21,False,56,57,1.0
401287942,3,False,38,41,3.0
401287942,7,False,38,41,3.0
401287942,10,False,38,41,3.0
401287942,14,False,38,41,3.0
401287942,21,False,38,41,3.0
401301040,3,True,45,28,
401301040,7,True,45,28,
401301041,3,True,55,28,
401301041,7,True,55,28,
401301042,3,False,29,30,1.0
401309583,3,False,26,34,8.0
401309583,7,False,26,34,8.0
401309583,10,False,26,34,8.0
401309583,14,False,26,34,8.0
401309584,3,True,45,40,
401309584,7,True,45,40,
401309586,3,True,54,30,
401309586,7,True,54,30,
401309586,10,True,54,30,
401309586,14,True,54,30,
401309638,3,False,24,27,3.0
401309638,7,False,24,27,3.0
401309638,10,False,24,27,3.0
401309639,3,False,40,42,2.0
401309639,7,False,40,42,2.0
401309639,10,False,40,42,2.0
401309640,3,False,30,38,8.0
401309640,7,False,30,38,8.0
401309640,10,False,30,38,8.0
401309641,3,True,35,21,
401309641,7,True,35,21,
401309896,3,True,38,29,
401309896,7,True,38,29,
401309897,3,True,35,30,
401309897,7,True,35,30,
401309897,10,True,35,30,
401309897,14,True,35,30,
401309898,3,True,44,20,
401309898,7,True,44,20,
401309898,10,True,44,20,
401310744,3,False,17,48,31.0
401310744,7,False,17,48,31.0
401310744,10,False,17,48,31.0
401310744,14,False,17,48,31.0
401310744,21,False,17,48,31.0
401310745,3,False,13,27,14.0
401310745,7,False,13,27,14.0
401310745,10,False,13,27,14.0
401310745,14,False,13,27,14.0
401282137,3,True,56,16,
401282137,7,True,56,16,
401282141,3,False,23,24,1.0
401282142,3,False,17,21,4.0
401282261,3,True,49,28,
401282261,7,True,49,28,
401282264,3,False,19,35,16.0
401282264,7,False,19,35,16.0
401282264,10,False,19,35,16.0
401282265,3,False,17,24,7.0
401282265,7,False,17,24,7.0
401282265,10,False,17,24,7.0
401282265,14,False,17,24,7.0
401282266,3,True,38,28,
401282266,7,True,38,28,
401282267,3,True,34,31,
401282267,7,True,34,31,
401282692,3,False,23,26,3.0
401282692,7,False,23,26,3.0
401282692,10,False,23,26,3.0
401282692,14,False,23,26,3.0
401282692,21,False,23,26,3.0
401282698,3,True,48,38,
401282698,7,True,48,38,
401282721,3,True,33,23,
401282721,7,True,33,23,
401282721,10,True,33,23,
401282732,3,True,35,14,
401282732,7,True,35,14,
401286298,3,False,14,42,28.0
401286298,7,False,14,42,28.0
401286298,10,False,14,42,28.0
401286298,14,False,14,42,28.0
401286298,21,False,14,42,28.0
401286305,3,True,33,17,
401287943,3,False,10,20,10.0
401287943,7,False,10,20,10.0
401287943,10,False,10,20,10.0
401287943,14,False,10,20,10.0
401287944,3,True,28,21,
401287944,7,True,28,21,
401287945,3,True,31,28,
401287945,7,True,31,28,
401301047,3,True,38,35,
401301047,7,True,38,35,
401301048,3,True,45,14,
401301048,7,True,45,14,
401308841,3,True,34,7,
401308841,7,True,34,7,
401309589,3,True,35,23,
401309590,3,True,33,27,
401309590,7,True,33,27,
401309591,3,True,37,17,
401309591,7,True,37,17,
401309642,3,True,45,7,
401309643,3,True,28,20,
401309645,3,True,34,17,
401309902,3,False,10,24,14.0
401309902,7,False,10,24,14.0
401309902,10,False,10,24,14.0
401309902,14,False,10,24,14.0
401309903,3,False,17,20,3.0
401309903,7,False,17,20,3.0
401309903,10,False,17,20,3.0
401309904,3,True,62,33,
401310747,3,True,41,39,
401310749,3,False,45,50,5.0
401310749,7,False,45,50,5.0
401310749,10,False,45,50,5.0
401310749,14,False,45,50,5.0
401310749,21,False,45,50,5.0
401310750,3,False,17,44,27.0
401310750,7,False,17,44,27.0
401310750,10,False,17,44,27.0
401310750,14,False,17,44,27.0
401310750,21,False,17,44,27.0
401310751,3,True,28,20,
401282146,3,True,24,22,
401282146,7,True,24,22,
401282146,10,True,24,22,
401282149,3,False,21,52,31.0
401282149,7,False,21,52,31.0
401282149,10,False,21,52,31.0
401282149,14,False,21,52,31.0
401282149,21,False,21,52,31.0
401282150,3,False,24,27,3.0
401282150,7,False,24,27,3.0
401282150,10,False,24,27,3.0
401282151,3,False,21,31,10.0
401282151,7,False,21,31,10.0
401282151,10,False,21,31,10.0
401282151,14,False,21,31,10.0
401282270,3,False,17,27,10.0
401282270,7,False,17,27,10.0
401282271,3,False,31,35,4.0
401282272,3,False,21,53,32.0
401282272,7,False,21,53,32.0
401282272,10,False,21,53,32.0
401282272,14,False,21,53,32.0
401282272,21,False,21,53,32.0
401282273,3,False,23,45,22.0
401282273,7,False,23,45,22.0
401282273,10,False,23,45,22.0
401282273,14,False,23,45,22.0
401282273,21,False,23,45,22.0
401282274,3,True,42,25,
401282274,7,True,42,25,
401282699,3,True,34,30,
401282699,7,True,34,30,
401282699,10,True,34,30,
401282701,3,True,47,10,
401282701,7,True,47,10,
401282702,3,True,31,14,
401282702,7,True,31,14,
401282703,3,False,24,29,5.0
401282761,3,False,21,28,7.0
401282761,7,False,21,28,7.0
401282766,3,False,16,40,24.0
401282766,7,False,16,40,24.0
401282766,10,False,16,40,24.0
401282766,14,False,16,40,24.0
401282766,21,False,16,40,24.0
401282781,3,False,27,42,15.0
401282781,7,False,27,42,15.0
401282781,10,False,27,42,15.0
401282781,14,False,27,42,15.0
401282785,3,False,27,30,3.0
401282785,7,False,27,30,3.0
401282785,10,False,27,30,3.0
401282785,14,False,27,30,3.0
401282794,3,False,13,23,10.0
401282794,7,False,13,23,10.0
401282794,10,False,13,23,10.0
401286299,3,False,16,31,15.0
401286299,7,False,16,31,15.0
401286299,10,False,16,31,15.0
401286299,14,False,16,31,15.0
401286299,21,False,16,31,15.0
401287950,3,True,34,28,
401287951,3,True,37,33,
401287951,7,True,37,33,
401287952,3,True,22,17,
401301051,3,True,35,13,
401301053,3,True,33,28,
401301053,7,True,33,28,
401301055,3,False,31,34,3.0
401301055,7,False,31,34,3.0
401301055,10,False,31,34,3.0
401301055,14,False,31,34,3.0
401308842,3,False,47,48,1.0
401308842,7,False,47,48,1.0
401308842,10,False,47,48,1.0
401309596,3,False,10,21,11.0
401309596,7,False,10,21,11.0
401309596,10,False,10,21,11.0
401309647,3,False,22,24,2.0
401309647,7,False,22,24,2.0
401309647,10,False,22,24,2.0
401309648,3,True,27,21,
401309648,7,True,27,21,
401309648,10,True,27,21,
401309906,3,True,28,13,
401309907,3,True,42,14,
401309909,3,True,38,15,
401309910,3,True,35,31,
401310753,3,False,16,27,11.0
401310753,7,False,16,27,11.0
401310753,10,False,16,27,11.0
401310756,3,False,14,38,24.0
401310756,7,False,14,38,24.0
401310756,10,False,14,38,24.0
401310756,14,False,14,38,24.0
401310756,21,False,14,38,24.0
401310757,3,True,40,9,
401282154,3,False,24,41,17.0
401282154,7,False,24,41,17.0
401282154,10,False,24,41,17.0
401282154,14,False,24,41,17.0
401282154,21,False,24,41,17.0
401282156,3,False,41,49,8.0
401282156,7,False,41,49,8.0
401282156,10,False,41,49,8.0
401282156,14,False,41,49,8.0
401282156,21,False,41,49,8.0
401287953,3,False,16,21,5.0
401287953,7,False,16,21,5.0
401287953,10,False,16,21,5.0
401287953,14,False,16,21,5.0
401310676,3,False,13,46,33.0
401310676,7,False,13,46,33.0
401310676,10,False,13,46,33.0
401310676,14,False,13,46,33.0
401310676,21,False,13,46,33.0
401331160,3,False,23,41,18.0
401331160,7,False,23,41,18.0
401331160,10,False,23,41,18.0
401331160,14,False,23,41,18.0
401331160,21,False,23,41,18.0
401331161,3,False,16,24,8.0
401331161,7,False,16,24,8.0
401331161,10,False,16,24,8.0
401331161,14,False,16,24,8.0
401331162,3,True,35,20,
401331163,3,True,45,21,
401331163,7,True,45,21,
401331447,3,False,3,42,39.0
401331447,7,False,3,42,39.0
401331447,10,False,3,42,39.0
401331447,14,False,3,42,39.0
401331447,21,False,3,42,39.0
401387250,3,True,24,14,
401301056,3,False,13,17,4.0
401301056,7,False,13,17,4.0
401441993,3,True,24,20,
401441994,3,True,18,12,
401441994,7,True,18,12,
401441994,10,True,18,12,
401441997,3,False,23,24,1.0
401441997,7,False,23,24,1.0
401441997,10,False,23,24,1.0
401441997,14,False,23,24,1.0
401441998,3,False,21,23,2.0
401441998,7,False,21,23,2.0
401442001,3,True,35,32,
401442001,7,True,35,32,
401442002,3,True,53,29,
401442004,3,False,27,41,14.0
401442004,7,False,27,41,14.0
401442004,10,False,27,41,14.0
401442004,14,False,27,41,14.0
401442004,21,False,27,41,14.0
401442005,3,True,24,17,
401442006,3,True,21,19,
401442006,7,True,21,19,
401442007,3,True,27,17,
401442009,3,False,23,25,2.0
401442011,3,True,19,10,
401442011,7,True,19,10,
401442015,3,True,42,41,
401442015,7,True,42,41,
401442015,10,True,42,41,
401442015,14,True,42,41,
401442016,3,False,45,51,6.0
401442016,7,False,45,51,6.0
401442016,10,False,45,51,6.0
401442016,14,False,45,51,6.0
401442018,3,True,45,20,
401442018,7,True,45,20,
401442018,10,True,45,20,
401442019,3,False,14,31,17.0
401442019,7,False,14,31,17.0
401442019,10,False,14,31,17.0
401442019,14,False,14,31,17.0
401442030,3,True,55,53,
401442031,3,False,25,42,17.0
401442031,7,False,25,42,17.0
401442031,10,False,25,42,17.0
401442031,14,False,25,42,17.0
401442031,21,False,25,42,17.0
401442033,3,True,35,32,
401442033,7,True,35,32,
401442033,10,True,35,32,
401442034,3,False,20,27,7.0
401442034,7,False,20,27,7.0
401442034,10,False,20,27,7.0
401442034,14,False,20,27,7.0
401442035,3,False,12,16,4.0
401442035,7,False,12,16,4.0
401442036,3,True,45,38,
401442036,7,True,45,38,
401442036,10,True,45,38,
401442036,14,True,45,38,
401442037,3,False,19,24,5.0
401442037,7,False,19,24,5.0
401442037,10,False,19,24,5.0
401442037,14,False,19,24,5.0
401442039,3,False,23,44,21.0
401442039,7,False,23,44,21.0
401442039,10,False,23,44,21.0
401442039,14,False,23,44,21.0
401442039,21,False,23,44,21.0
401442040,3,False,15,30,15.0
401442040,7,False,15,30,15.0
401442040,10,False,15,30,15.0
401442040,14,False,15,30,15.0
401442040,21,False,15,30,15.0
401442041,3,True,38,24,
401442041,7,True,38,24,
401442042,3,True,23,16,
401442042,7,True,23,16,
401442042,10,True,23,16,
401443542,3,False,35,37,2.0
401443543,3,True,30,27,
401443543,7,True,30,27,
401470891,3,True,28,27,
401470891,7,True,28,27,
401470891,10,True,28,27,
401403853,3,True,63,10,
401403853,7,True,63,10,
401403857,3,False,26,29,3.0
401403859,3,True,37,13,
401403859,7,True,37,13,
401403867,3,False,23,24,1.0
401403966,3,True,38,13,
401403967,3,False,20,38,18.0
401403967,7,False,20,38,18.0
401403967,10,False,20,38,18.0
401403967,14,False,20,38,18.0
401403967,21,False,20,38,18.0
401403971,3,True,45,17,
401403971,7,True,45,17,
401403971,10,True,45,17,
401404124,3,True,21,10,
401404134,3,True,38,28,
401404134,7,True,38,28,
401404146,3,True,31,20,
401404146,7,True,31,20,
401404146,10,True,31,20,
401404146,14,True,31,20,
401404157,3,True,29,27,
401404157,7,True,29,27,
401405059,3,False,28,31,3.0
401405061,3,True,23,20,
401405064,3,True,35,31,
401411092,3,True,38,31,
401411092,7,True,38,31,
401411095,3,False,61,63,2.0
401411095,7,False,61,63,2.0
401411095,10,False,61,63,2.0
401411095,14,False,61,63,2.0
401411096,3,True,21,20,
401411096,7,True,21,20,
401411099,3,False,7,31,24.0
401411099,7,False,7,31,24.0
401411099,10,False,7,31,24.0
401411099,14,False,7,31,24.0
401411099,21,False,7,31,24.0
401415211,3,False,37,40,3.0
401415211,7,False,37,40,3.0
401415212,3,False,14,38,24.0
401415212,7,False,14,38,24.0
401415212,10,False,14,38,24.0
401415212,14,False,14,38,24.0
401415212,21,False,14,38,24.0
401416591,3,True,35,13,
401426330,3,False,17,20,3.0
401426530,3,True,43,13,
401426530,7,True,43,13,
401426530,10,True,43,13,
401426531,3,True,31,13,
401426531,7,True,31,13,
401426536,3,False,38,41,3.0
401426536,7,False,38,41,3.0
401426536,10,False,38,41,3.0
401426536,14,False,38,41,3.0
401426537,3,True,52,24,
401426542,3,True,37,35,
401426542,7,True,37,35,
401426542,10,True,37,35,
401426542,14,True,37,35,
401426542,21,True,37,35,
401426543,3,True,49,17,
401403868,3,True,20,19,
401403870,3,True,24,16,
401403871,3,False,16,26,10.0
401403871,7,False,16,26,10.0
401403871,10,False,16,26,10.0
401403875,3,True,39,17,
401403875,7,True,39,17,
401403876,3,True,40,12,
401403877,3,True,34,27,
401403877,7,True,34,27,
401403877,10,True,34,27,
401403878,3,False,14,17,3.0
401403878,7,False,14,17,3.0
401403879,3,True,45,25,
401403975,3,True,34,17,
401403979,3,False,32,35,3.0
401403979,7,False,32,35,3.0
401403984,3,False,14,17,3.0
401403984,7,False,14,17,3.0
401404062,3,True,26,20,
401404063,3,True,33,30,
401404064,3,False,7,10,3.0
401404065,3,False,42,55,13.0
401404065,7,False,42,55,13.0
401404065,10,False,42,55,13.0
401404065,14,False,42,55,13.0
401404066,3,True,33,3,
401404066,7,True,33,3,
401404066,10,True,33,3,
401404066,14,True,33,3,
401404125,3,False,21,26,5.0
401404125,7,False,21,26,5.0
401404125,10,False,21,26,5.0
401405070,3,True,24,3,
401405072,3,False,42,45,3.0
401405072,7,False,42,45,3.0
401405073,3,False,23,31,8.0
401405073,7,False,23,31,8.0
401405073,10,False,23,31,8.0
401405073,14,False,23,31,8.0
401405073,21,False,23,31,8.0
401411103,3,True,35,28,
401411103,7,True,35,28,
401411105,3,True,30,7,
401411108,3,True,27,10,
401415613,3,False,14,20,6.0
401415613,7,False,14,20,6.0
401415620,3,True,38,35,
401416594,3,True,37,30,
401416594,7,True,37,30,
401416597,3,False,24,38,14.0
401416597,7,False,24,38,14.0
401416597,10,False,24,38,14.0
401416597,14,False,24,38,14.0
401416597,21,False,24,38,14.0
401416598,3,True,49,21,
401416598,7,True,49,21,
401416598,10,True,49,21,
401416598,14,True,49,21,
401426548,3,False,19,34,15.0
401426548,7,False,19,34,15.0
401426548,10,False,19,34,15.0
401426548,14,False,19,34,15.0
401426548,21,False,19,34,15.0
401426551,3,False,14,21,7.0
401426551,7,False,14,21,7.0
401426551,10,False,14,21,7.0
401426551,14,False,14,21,7.0
401426552,3,True,20,13,
401426553,3,True,41,38,
401426553,7,True,41,38,
401426553,10,True,41,38,
401426553,14,True,41,38,
401403882,3,True,41,12,
401403883,3,True,31,28,
401403885,3,False,16,31,15.0
401403885,7,False,16,31,15.0
401403885,10,False,16,31,15.0
401403885,14,False,16,31,15.0
401403891,3,False,28,38,10.0
401403891,7,False,28,38,10.0
401403891,10,False,28,38,10.0
401403986,3,False,21,30,9.0
401403986,7,False,21,30,9.0
401403986,10,False,21,30,9.0
401403987,3,True,24,17,
401403987,7,True,24,17,
401403991,3,True,32,31,
401403991,7,True,32,31,
401403991,10,True,32,31,
401404068,3,False,30,48,18.0
401404068,7,False,30,48,18.0
401404068,10,False,30,48,18.0
401404068,14,False,30,48,18.0
401404068,21,False,30,48,18.0
401404070,3,True,49,14,
401404070,7,True,49,14,
401404074,3,False,10,17,7.0
401404074,7,False,10,17,7.0
401404159,3,True,37,36,
401405084,3,True,32,29,
401405087,3,True,34,27,
401405087,7,True,34,27,
401405087,10,True,34,27,
401405089,3,True,16,14,
401405089,7,True,16,14,
401411109,3,True,35,31,
401411109,7,True,35,31,
401411113,3,True,16,14,
401415029,3,False,31,34,3.0
401415029,7,False,31,34,3.0
401415217,3,False,14,17,3.0
401415217,7,False,14,17,3.0
401415217,10,False,14,17,3.0
401415622,3,True,44,32,
401415622,7,True,44,32,
401415623,3,True,38,17,
401415623,7,True,38,17,
401415623,10,True,38,17,
401416601,3,True,38,26,
401426333,3,True,32,28,
401426333,7,True,32,28,
401426554,3,False,41,42,1.0
401426554,7,False,41,42,1.0
401426555,3,True,40,14,
401426555,7,True,40,14,
401426558,3,True,58,27,
401426558,7,True,58,27,
401426559,3,False,21,33,12.0
401426559,7,False,21,33,12.0
401426559,10,False,21,33,12.0
401426561,3,False,10,27,17.0
401426561,7,False,10,27,17.0
401426561,10,False,10,27,17.0
401426561,14,False,10,27,17.0
401426562,3,True,41,20,
401426562,7,True,41,20,
401426562,10,True,41,20,
401426563,3,True,33,30,
401426563,7,True,33,30,
401426563,10,True,33,30,
401426563,14,True,33,30,
401403893,3,True,23,21,
401403893,7,True,23,21,
401403893,10,True,23,21,
401403893,14,True,23,21,
401403896,3,True,31,23,
401403896,7,True,31,23,
401403898,3,True,35,27,
401403898,7,True,35,27,
401403901,3,True,38,33,
401403996,3,True,49,31,
401403996,7,True,49,31,
401403999,3,True,44,41,
401403999,7,True,44,41,
401403999,10,True,44,41,
401403999,14,True,44,41,
401404000,3,True,17,14,
401404000,7,True,17,14,
401404080,3,False,24,31,7.0
401404080,7,False,24,31,7.0
401404080,10,False,24,31,7.0
401404080,14,False,24,31,7.0
401404081,3,False,34,41,7.0
401404081,7,False,34,41,7.0
401404081,10,False,34,41,7.0
401404081,14,False,34,41,7.0
401404082,3,False,34,37,3.0
401404126,3,False,32,45,13.0
401404126,7,False,32,45,13.0
401404126,10,False,32,45,13.0
401404126,14,False,32,45,13.0
401404126,21,False,32,45,13.0
401405091,3,True,27,10,
401405093,3,False,14,17,3.0
401405097,3,True,34,27,
401409237,3,True,45,26,
401409237,7,True,45,26,
401411116,3,True,33,10,
401411122,3,True,27,10,
401411123,3,True,51,45,
401411123,7,True,51,45,
401415037,3,False,28,32,4.0
401415040,3,False,24,27,3.0
401415040,7,False,24,27,3.0
401415040,10,False,24,27,3.0
401415222,3,True,34,24,
401415222,7,True,34,24,
401415223,3,True,38,24,
401415224,3,False,14,17,3.0
401415224,7,False,14,17,3.0
401415224,10,False,14,17,3.0
401415624,3,False,20,23,3.0
401415624,7,False,20,23,3.0
401416604,3,False,31,50,19.0
401416604,7,False,31,50,19.0
401416604,10,False,31,50,19.0
401416604,14,False,31,50,19.0
401416605,3,True,34,23,
401426335,3,True,29,26,
401426335,7,True,29,26,
401426335,10,True,29,26,
401426335,14,True,29,26,
401426336,3,False,17,21,4.0
401426393,3,False,7,16,9.0
401426393,7,False,7,16,9.0
401426393,10,False,7,16,9.0
401426564,3,True,56,20,
401426566,3,True,28,26,
401426568,3,False,31,45,14.0
401426568,7,False,31,45,14.0
401426568,10,False,31,45,14.0
401426568,14,False,31,45,14.0
401426568,21,False,31,45,14.0
401426569,3,True,44,34,
401426570,3,True,34,27,
401426570,7,True,34,27,
401426571,3,False,10,27,17.0
401426571,7,False,10,27,17.0
401426571,10,False,10,27,17.0
401426571,14,False,10,27,17.0
401403903,3,True,21,17,
401403903,7,True,21,17,
401403903,10,True,21,17,
401403903,14,True,21,17,
401403907,3,True,26,22,
401403907,7,True,26,22,
401403907,10,True,26,22,
401404002,3,True,43,20,
401404007,3,False,32,40,8.0
401404007,7,False,32,40,8.0
401404007,10,False,32,40,8.0
401404007,14,False,32,40,8.0
401404007,21,False,32,40,8.0
401404083,3,False,25,36,11.0
401404083,7,False,25,36,11.0
401404083,10,False,25,36,11.0
401404083,14,False,25,36,11.0
401404084,3,False,11,14,3.0
401404084,7,False,11,14,3.0
401404084,10,False,11,14,3.0
401404084,14,False,11,14,3.0
401404086,3,False,24,55,31.0
401404086,7,False,24,55,31.0
401404086,10,False,24,55,31.0
401404086,14,False,24,55,31.0
401404086,21,False,24,55,31.0
401404137,3,False,14,31,17.0
401404137,7,False,14,31,17.0
401404137,10,False,14,31,17.0
401404137,14,False,14,31,17.0
401404151,3,False,14,19,5.0
401405099,3,False,10,34,24.0
401405099,7,False,10,34,24.0
401405099,10,False,10,34,24.0
401405099,14,False,10,34,24.0
401405099,21,False,10,34,24.0
401405101,3,False,10,20,10.0
401405101,7,False,10,20,10.0
401405101,10,False,10,20,10.0
401405104,3,True,49,10,
401405104,7,True,49,10,
401411124,3,False,33,34,1.0
401411125,3,True,30,20,
401411127,3,False,21,31,10.0
401411127,7,False,21,31,10.0
401411127,10,False,21,31,10.0
401411127,14,False,21,31,10.0
401411127,21,False,21,31,10.0
401411128,3,True,41,10,
401411129,3,False,21,26,5.0
401411129,7,False,21,26,5.0
401411129,10,False,21,26,5.0
401414782,3,True,20,13,
401414782,7,True,20,13,
401414782,10,True,20,13,
401415226,3,True,38,26,
401415226,7,True,38,26,
401415228,3,True,35,13,
401415229,3,True,31,20,
401415229,7,True,31,20,
401415229,10,True,31,20,
401415229,14,True,31,20,
401415230,3,True,33,16,
401415625,3,False,24,27,3.0
401415625,7,False,24,27,3.0
401415628,3,True,24,3,
401416607,3,True,38,17,
401416609,3,True,31,28,
401416610,3,True,24,20,
401416611,3,True,31,24,
401416611,7,True,31,24,
401426337,3,True,34,30,
401426337,7,True,34,30,
401426337,10,True,34,30,
401426340,3,True,45,28,
401426341,3,True,20,17,
401426341,7,True,20,17,
401426573,3,True,41,35,
401426573,7,True,41,35,
401426574,3,False,7,21,14.0
401426574,7,False,7,21,14.0
401426574,10,False,7,21,14.0
401426574,14,False,7,21,14.0
401426575,3,False,28,45,17.0
401426575,7,False,28,45,17.0
401426575,10,False,28,45,17.0
401426575,14,False,28,45,17.0
401426575,21,False,28,45,17.0
401426577,3,False,24,28,4.0
401426577,7,False,24,28,4.0
401426578,3,False,27,34,7.0
401426578,7,False,27,34,7.0
401426578,10,False,27,34,7.0
401426578,14,False,27,34,7.0
401403912,3,False,14,24,10.0
401403912,7,False,14,24,10.0
401403912,10,False,14,24,10.0
401403912,14,False,14,24,10.0
401403915,3,True,52,28,
401403915,7,True,52,28,
401403915,10,True,52,28,
401404008,3,True,49,22,
401404009,3,False,38,45,7.0
401404009,7,False,38,45,7.0
401404009,10,False,38,45,7.0
401404009,14,False,38,45,7.0
401404010,3,True,28,27,
401404010,7,True,28,27,
401404010,10,True,28,27,
401404010,14,True,28,27,
401404011,3,False,32,42,10.0
401404011,7,False,32,42,10.0
401404011,10,False,32,42,10.0
401404011,14,False,32,42,10.0
401404012,3,True,30,14,
401404089,3,True,38,31,
401404089,7,True,38,31,
401404091,3,True,41,31,
401404091,7,True,41,31,
401404127,3,True,28,20,
401404164,3,True,42,24,
401404164,7,True,42,24,
401404164,10,True,42,24,
401404164,14,True,42,24,
401405109,3,False,29,31,2.0
401405109,7,False,29,31,2.0
401405109,10,False,29,31,2.0
401405111,3,True,14,13,
401405111,7,True,14,13,
401405111,10,True,14,13,
401411132,3,False,20,23,3.0
401411132,7,False,20,23,3.0
401411132,10,False,20,23,3.0
401411132,14,False,20,23,3.0
401411133,3,False,24,27,3.0
401411133,7,False,24,27,3.0
401411133,10,False,24,27,3.0
401411133,14,False,24,27,3.0
401411134,3,True,19,17,
401411134,7,True,19,17,
401411134,10,True,19,17,
401411134,14,True,19,17,
401411135,3,True,45,29,
401411135,7,True,45,29,
401411136,3,False,17,34,17.0
401411136,7,False,17,34,17.0
401411136,10,False,17,34,17.0
401411136,14,False,17,34,17.0
401415231,3,False,27,34,7.0
401415231,7,False,27,34,7.0
401415231,10,False,27,34,7.0
401415233,3,False,14,17,3.0
401415233,7,False,14,17,3.0
401415233,10,False,14,17,3.0
401415233,14,False,14,17,3.0
401415234,3,True,27,14,
401415234,7,True,27,14,
401415234,10,True,27,14,
401415234,14,True,27,14,
401415629,3,True,41,19,
401415629,7,True,41,19,
401415631,3,True,24,9,
401415632,3,False,21,53,32.0
401415632,7,False,21,53,32.0
401415632,10,False,21,53,32.0
401415632,14,False,21,53,32.0
401415632,21,False,21,53,32.0
401415633,3,True,28,24,
401415633,7,True,28,24,
401415633,10,True,28,24,
401416613,3,False,16,17,1.0
401416614,3,False,23,45,22.0
401416614,7,False,23,45,22.0
401416614,10,False,23,45,22.0
401416614,14,False,23,45,22.0
401416614,21,False,23,45,22.0
401416618,3,False,24,27,3.0
401416618,7,False,24,27,3.0
401416618,10,False,24,27,3.0
401416618,14,False,24,27,3.0
401426342,3,True,41,33,
401426342,7,True,41,33,
401426343,3,True,42,20,
401426345,3,False,24,36,12.0
401426345,7,False,24,36,12.0
401426345,10,False,24,36,12.0
401426345,14,False,24,36,12.0
401426345,21,False,24,36,12.0
401426346,3,True,27,10,
401426582,3,True,31,28,
401426582,7,True,31,28,
401403917,3,False,35,45,10.0
401403917,7,False,35,45,10.0
401403917,10,False,35,45,10.0
401403917,14,False,35,45,10.0
401403917,21,False,35,45,10.0
401403919,3,False,17,27,10.0
401403919,7,False,17,27,10.0
401403919,10,False,17,27,10.0
401403921,3,False,49,52,3.0
401403921,7,False,49,52,3.0
401403921,10,False,49,52,3.0
401403921,14,False,49,52,3.0
401404014,3,False,13,20,7.0
401404016,3,False,14,16,2.0
401404016,7,False,14,16,2.0
401404016,10,False,14,16,2.0
401404017,3,True,43,42,
401404017,7,True,43,42,
401404017,10,True,43,42,
401404017,14,True,43,42,
401404092,3,False,40,43,3.0
401404092,7,False,40,43,3.0
401404093,3,True,24,21,
401404093,7,True,24,21,
401404095,3,True,43,40,
401404095,7,True,43,40,
401404095,10,True,43,40,
401404095,14,True,43,40,
401404153,3,True,25,21,
401404153,7,True,25,21,
401404153,10,True,25,21,
401405112,3,False,14,26,12.0
401405112,7,False,14,26,12.0
401405112,10,False,14,26,12.0
401405114,3,True,38,33,
401405116,3,False,28,34,6.0
401405116,7,False,28,34,6.0
401409239,3,False,9,21,12.0
401409239,7,False,9,21,12.0
401409239,10,False,9,21,12.0
401409239,14,False,9,21,12.0
401411137,3,True,38,35,
401411137,7,True,38,35,
401411137,10,True,38,35,
401411138,3,True,34,28,
401411138,7,True,34,28,
401415237,3,True,42,7,
401415238,3,True,17,13,
401415239,3,False,10,17,7.0
401415239,7,False,10,17,7.0
401415240,3,False,16,31,15.0
401415240,7,False,16,31,15.0
401415240,10,False,16,31,15.0
401415240,14,False,16,31,15.0
401415634,3,True,70,13,
401415636,3,True,45,31,
401415637,3,True,47,45,
401415637,7,True,47,45,
401415637,10,True,47,45,
401415637,14,True,47,45,
401416619,3,True,28,21,
401416619,7,True,28,21,
401416620,3,False,10,39,29.0
401416620,7,False,10,39,29.0
401416620,10,False,10,39,29.0
401416620,14,False,10,39,29.0
401416620,21,False,10,39,29.0
401416621,3,True,52,31,
401416621,7,True,52,31,
401416621,10,True,52,31,
401416621,14,True,52,31,
401416621,21,True,52,31,
401416622,3,False,13,17,4.0
401416623,3,False,14,33,19.0
401416623,7,False,14,33,19.0
401416623,10,False,14,33,19.0
401416623,14,False,14,33,19.0
401426347,3,False,13,23,10.0
401426347,7,False,13,23,10.0
401426347,10,False,13,23,10.0
401426347,14,False,13,23,10.0
401426348,3,False,21,49,28.0
401426348,7,False,21,49,28.0
401426348,10,False,21,49,28.0
401426348,14,False,21,49,28.0
401426348,21,False,21,49,28.0
401426349,3,False,38,45,7.0
401426349,7,False,38,45,7.0
401426349,10,False,38,45,7.0
401426350,3,True,41,34,
401426350,7,True,41,34,
401426351,3,True,20,19,
401426351,7,True,20,19,
401426351,10,True,20,19,
401426352,3,True,17,14,
401426583,3,True,34,20,
401426583,7,True,34,20,
401426585,3,True,17,14,
401426585,7,True,17,14,
401426585,10,True,17,14,
401426585,14,True,17,14,
401426587,3,True,35,17,
401426587,7,True,35,17,
401403925,3,False,24,30,6.0
401403925,7,False,24,30,6.0
401403925,10,False,24,30,6.0
401403925,14,False,24,30,6.0
401404018,3,True,15,14,
401404018,7,True,15,14,
401404097,3,True,38,28,
401404097,7,True,38,28,
401404097,10,True,38,28,
401404097,14,True,38,28,
401404098,3,False,34,41,7.0
401404098,7,False,34,41,7.0
401404140,3,True,48,24,
401404140,7,True,48,24,
401404140,10,True,48,24,
401404163,3,False,14,41,27.0
401404163,7,False,14,41,27.0
401404163,10,False,14,41,27.0
401404163,14,False,14,41,27.0
401404163,21,False,14,41,27.0
401405118,3,True,31,24,
401405118,7,True,31,24,
401405118,10,True,31,24,
401405119,3,True,54,10,
401405120,3,True,45,17,
401405121,3,True,24,17,
401405121,7,True,24,17,
401405121,10,True,24,17,
401405121,14,True,24,17,
401411141,3,False,9,16,7.0
401411141,7,False,9,16,7.0
401411142,3,True,27,21,
401411142,7,True,27,21,
401411142,10,True,27,21,
401411142,14,True,27,21,
401411143,3,True,24,10,
401411143,7,True,24,10,
401411144,3,False,21,45,24.0
401411144,7,False,21,45,24.0
401411144,10,False,21,45,24.0
401411144,14,False,21,45,24.0
401411144,21,False,21,45,24.0
401411145,3,True,43,15,
401415241,3,False,14,19,5.0
401415241,7,False,14,19,5.0
401415241,10,False,14,19,5.0
401415241,14,False,14,19,5.0
401415242,3,True,17,13,
401415242,7,True,17,13,
401415242,10,True,17,13,
401415638,3,True,27,16,
401415638,7,True,27,16,
401415638,10,True,27,16,
401415642,3,False,13,34,21.0
401415642,7,False,13,34,21.0
401415642,10,False,13,34,21.0
401415642,14,False,13,34,21.0
401415642,21,False,13,34,21.0
401416624,3,False,16,20,4.0
401416625,3,False,17,24,7.0
401416625,7,False,17,24,7.0
401416626,3,False,27,34,7.0
401416626,7,False,27,34,7.0
401416627,3,False,10,16,6.0
401416627,7,False,10,16,6.0
401416627,10,False,10,16,6.0
401416628,3,True,33,27,
401416628,7,True,33,27,
401416628,10,True,33,27,
401416629,3,False,18,34,16.0
401416629,7,False,18,34,16.0
401416629,10,False,18,34,16.0
401416629,14,False,18,34,16.0
401426353,3,True,42,17,
401426353,7,True,42,17,
401426353,10,True,42,17,
401426353,14,True,42,17,
401426354,3,False,6,10,4.0
401426354,7,False,6,10,4.0
401426355,3,False,12,26,14.0
401426355,7,False,12,26,14.0
401426355,10,False,12,26,14.0
401426355,14,False,12,26,14.0
401426356,3,False,23,28,5.0
401426356,7,False,23,28,5.0
401426356,10,False,23,28,5.0
401426588,3,False,15,34,19.0
401426588,7,False,15,34,19.0
401426588,10,False,15,34,19.0
401426588,14,False,15,34,19.0
401426588,21,False,15,34,19.0
401426589,3,False,21,24,3.0
401426589,7,False,21,24,3.0
401426590,3,True,42,41,
401426590,7,True,42,41,
401426590,10,True,42,41,
401426591,3,True,31,27,
401426592,3,True,20,17,
401426592,7,True,20,17,
401426592,10,True,20,17,
401403927,3,True,41,27,
401403929,3,False,10,23,13.0
401403929,7,False,10,23,13.0
401403929,10,False,10,23,13.0
401403929,14,False,10,23,13.0
401403931,3,True,31,28,
401403931,7,True,31,28,
401404022,3,True,45,37,
401404024,3,True,42,24,
401404025,3,True,38,13,
401404026,3,True,21,17,
401404026,7,True,21,17,
401404101,3,False,17,45,28.0
401404101,7,False,17,45,28.0
401404101,10,False,17,45,28.0
401404101,14,False,17,45,28.0
401404101,21,False,17,45,28.0
401404103,3,True,41,31,
401404103,7,True,41,31,
401404129,3,False,24,41,17.0
401404129,7,False,24,41,17.0
401404129,10,False,24,41,17.0
401404129,14,False,24,41,17.0
401404129,21,False,24,41,17.0
401404154,3,False,3,13,10.0
401404154,7,False,3,13,10.0
401404154,10,False,3,13,10.0
401405124,3,True,26,9,
401405125,3,True,29,7,
401405126,3,True,44,31,
401409242,3,True,23,13,
401409242,7,True,23,13,
401409242,10,True,23,13,
401411146,3,True,22,21,
401411146,7,True,22,21,
401411146,10,True,22,21,
401411146,14,True,22,21,
401411147,3,True,41,16,
401411148,3,False,21,48,27.0
401411148,7,False,21,48,27.0
401411148,10,False,21,48,27.0
401411148,14,False,21,48,27.0
401411148,21,False,21,48,27.0
401411149,3,True,42,24,
401411149,7,True,42,24,
401411149,10,True,42,24,
401411150,3,True,14,12,
401415247,3,True,27,20,
401415247,7,True,27,20,
401415247,10,True,27,20,
401415248,3,True,32,28,
401415248,7,True,32,28,
401415248,10,True,32,28,
401415248,14,True,32,28,
401415249,3,True,35,28,
401415249,7,True,35,28,
401415249,10,True,35,28,
401415249,14,True,35,28,
401415643,3,True,42,27,
401415643,7,True,42,27,
401415644,3,True,25,21,
401415645,3,False,24,27,3.0
401416630,3,True,27,24,
401416630,7,True,27,24,
401426359,3,False,24,39,15.0
401426359,7,False,24,39,15.0
401426359,10,False,24,39,15.0
401426359,14,False,24,39,15.0
401426359,21,False,24,39,15.0
401426361,3,True,31,17,
401426361,7,True,31,17,
401426362,3,False,13,24,11.0
401426362,7,False,13,24,11.0
401426362,10,False,13,24,11.0
401426362,14,False,13,24,11.0
401426362,21,False,13,24,11.0
401426593,3,False,23,56,33.0
401426593,7,False,23,56,33.0
401426593,10,False,23,56,33.0
401426593,14,False,23,56,33.0
401426593,21,False,23,56,33.0
401426594,3,False,34,42,8.0
401426594,7,False,34,42,8.0
401426595,3,False,17,24,7.0
401426595,7,False,17,24,7.0
401426595,10,False,17,24,7.0
401426596,3,False,13,24,11.0
401426596,7,False,13,24,11.0
401426596,10,False,13,24,11.0
401426597,3,False,13,40,27.0
401426597,7,False,13,40,27.0
401426597,10,False,13,40,27.0
401426597,14,False,13,40,27.0
401426597,21,False,13,40,27.0
401403932,3,False,19,21,2.0
401403932,7,False,19,21,2.0
401403932,10,False,19,21,2.0
401403932,14,False,19,21,2.0
401403932,21,False,19,21,2.0
401403933,3,True,27,13,
401403934,3,False,31,32,1.0
401403934,7,False,31,32,1.0
401403935,3,True,39,33,
401403937,3,False,24,41,17.0
401403937,7,False,24,41,17.0
401403937,10,False,24,41,17.0
401403937,14,False,24,41,17.0
401404028,3,True,50,36,
401404029,3,True,41,35,
401404029,7,True,41,35,
401404031,3,True,24,21,
401404031,7,True,24,21,
401404104,3,False,35,38,3.0
401404104,7,False,35,38,3.0
401404104,10,False,35,38,3.0
401404106,3,False,16,37,21.0
401404106,7,False,16,37,21.0
401404106,10,False,16,37,21.0
401404106,14,False,16,37,21.0
401404106,21,False,16,37,21.0
401404108,3,True,34,24,
401404130,3,False,14,35,21.0
401404130,7,False,14,35,21.0
401404130,10,False,14,35,21.0
401404130,14,False,14,35,21.0
401404130,21,False,14,35,21.0
401404141,3,True,13,7,
401404155,3,True,27,10,
401405127,3,False,15,23,8.0
401405127,7,False,15,23,8.0
401405127,10,False,15,23,8.0
401405127,14,False,15,23,8.0
401405128,3,True,20,13,
401405128,7,True,20,13,
401405128,10,True,20,13,
401405129,3,True,21,7,
401405129,7,True,21,7,
401405130,3,False,3,24,21.0
401405130,7,False,3,24,21.0
401405130,10,False,3,24,21.0
401405130,14,False,3,24,21.0
401405130,21,False,3,24,21.0
401405133,3,True,52,17,
401411152,3,True,34,10,
401411154,3,False,21,30,9.0
401411154,7,False,21,30,9.0
401411154,10,False,21,30,9.0
401411155,3,True,19,9,
401411156,3,True,31,28,
401411156,7,True,31,28,
401411157,3,False,27,28,1.0
401411157,7,False,27,28,1.0
401411157,10,False,27,28,1.0
401415250,3,False,28,31,3.0
401415250,7,False,28,31,3.0
401415251,3,True,28,16,
401415251,7,True,28,16,
401415252,3,True,27,10,
401415648,3,False,28,54,26.0
401415648,7,False,28,54,26.0
401415648,10,False,28,54,26.0
401415648,14,False,28,54,26.0
401415648,21,False,28,54,26.0
401416632,3,False,20,27,7.0
401416632,7,False,20,27,7.0
401416633,3,False,24,45,21.0
401416633,7,False,24,45,21.0
401416633,10,False,24,45,21.0
401416633,14,False,24,45,21.0
401416633,21,False,24,45,21.0
401416634,3,False,22,35,13.0
401416634,7,False,22,35,13.0
401416634,10,False,22,35,13.0
401416634,14,False,22,35,13.0
401416634,21,False,22,35,13.0
401426364,3,False,28,35,7.0
401426364,7,False,28,35,7.0
401426364,10,False,28,35,7.0
401426364,14,False,28,35,7.0
401426364,21,False,28,35,7.0
401426365,3,True,38,31,
401426365,7,True,38,31,
401426365,10,True,38,31,
401426365,14,True,38,31,
401426367,3,True,23,17,
401426367,7,True,23,17,
401426367,10,True,23,17,
401426367,14,True,23,17,
401426368,3,True,31,30,
401426368,7,True,31,30,
401426368,10,True,31,30,
401426368,14,True,31,30,
401426368,21,True,31,30,
401426369,3,False,14,42,28.0
401426369,7,False,14,42,28.0
401426369,10,False,14,42,28.0
401426369,14,False,14,42,28.0
401426369,21,False,14,42,28.0
401426600,3,False,24,40,16.0
401426600,7,False,24,40,16.0
401426600,10,False,24,40,16.0
401426600,14,False,24,40,16.0
401426601,3,True,37,30,
401426601,7,True,37,30,
401403939,3,True,13,10,
401403942,3,False,21,24,3.0
401403942,7,False,21,24,3.0
401403943,3,True,30,24,
401403943,7,True,30,24,
401403943,10,True,30,24,
401404034,3,False,28,34,6.0
401404034,7,False,28,34,6.0
401404034,10,False,28,34,6.0
401404034,14,False,28,34,6.0
401404037,3,False,34,37,3.0
401404037,7,False,34,37,3.0
401404038,3,True,42,7,
401404038,7,True,42,7,
401404109,3,False,3,31,28.0
401404109,7,False,3,31,28.0
401404109,10,False,3,31,28.0
401404109,14,False,3,31,28.0
401404109,21,False,3,31,28.0
401404110,3,False,14,20,6.0
401404112,3,False,20,23,3.0
401404113,3,False,10,17,7.0
401404113,7,False,10,17,7.0
401404113,10,False,10,17,7.0
401404113,14,False,10,17,7.0
401404142,3,True,10,9,
401404142,7,True,10,9,
401404156,3,False,33,36,3.0
401404156,7,False,33,36,3.0
401404156,10,False,33,36,3.0
401405134,3,False,24,31,7.0
401405134,7,False,24,31,7.0
401405134,10,False,24,31,7.0
401405135,3,True,24,10,
401411159,3,True,24,7,
401411159,7,True,24,7,
401411160,3,False,14,35,21.0
401411160,7,False,14,35,21.0
401411160,10,False,14,35,21.0
401411160,14,False,14,35,21.0
401411160,21,False,14,35,21.0
401411164,3,False,34,36,2.0
401411164,7,False,34,36,2.0
401411164,10,False,34,36,2.0
401411164,14,False,34,36,2.0
401415258,3,True,14,13,
401415258,7,True,14,13,
401415258,10,True,14,13,
401415259,3,True,37,30,
401415260,3,False,27,43,16.0
401415260,7,False,27,43,16.0
401415260,10,False,27,43,16.0
401415260,14,False,27,43,16.0
401415260,21,False,27,43,16.0
401415653,3,True,26,10,
401415654,3,True,27,25,
401415655,3,True,43,36,
401415655,7,True,43,36,
401415657,3,False,31,38,7.0
401415657,7,False,31,38,7.0
401415657,10,False,31,38,7.0
401415657,14,False,31,38,7.0
401416636,3,True,28,21,
401416636,7,True,28,21,
401416637,3,True,34,28,
401416640,3,True,31,27,
401416640,7,True,31,27,
401416640,10,True,31,27,
401416640,14,True,31,27,
401426371,3,True,26,23,
401426372,3,False,28,31,3.0
401426373,3,False,21,28,7.0
401426373,7,False,21,28,7.0
401426373,10,False,21,28,7.0
401426373,14,False,21,28,7.0
401426603,3,True,24,14,
401426603,7,True,24,14,
401426606,3,True,41,21,
401426606,7,True,41,21,
401403953,3,False,38,63,25.0
401403953,7,False,38,63,25.0
401403953,10,False,38,63,25.0
401403953,14,False,38,63,25.0
401403953,21,False,38,63,25.0
401403955,3,False,24,31,7.0
401403955,7,False,24,31,7.0
401403955,10,False,24,31,7.0
401403955,14,False,24,31,7.0
401404041,3,True,27,20,
401404041,7,True,27,20,
401404041,10,True,27,20,
401404044,3,True,48,45,
401404044,7,True,48,45,
401404044,10,True,48,45,
401404044,14,True,48,45,
401404114,3,True,29,28,
401404114,7,True,29,28,
401404115,3,False,10,14,4.0
401404115,7,False,10,14,4.0
401404143,3,True,34,17,
401404165,3,False,22,23,1.0
401404165,7,False,22,23,1.0
401404165,10,False,22,23,1.0
401405141,3,False,10,13,3.0
401405141,7,False,10,13,3.0
401405141,10,False,10,13,3.0
401405142,3,True,15,14,
401405142,7,True,15,14,
401405142,10,True,15,14,
401405144,3,True,43,30,
401405145,3,True,19,17,
401405145,7,True,19,17,
401405146,3,False,31,39,8.0
401405146,7,False,31,39,8.0
401405147,3,True,55,10,
401411168,3,False,17,21,4.0
401411169,3,True,28,26,
401411171,3,True,45,35,
401411171,7,True,45,35,
401411171,10,True,45,35,
401415261,3,True,20,17,
401415261,7,True,20,17,
401415261,10,True,20,17,
401415265,3,True,35,31,
401415266,3,False,25,31,6.0
401415266,7,False,25,31,6.0
401415659,3,True,48,42,
401415659,7,True,48,42,
401415659,10,True,48,42,
401415660,3,False,3,42,39.0
401415660,7,False,3,42,39.0
401415660,10,False,3,42,39.0
401415660,14,False,3,42,39.0
401415660,21,False,3,42,39.0
401415661,3,False,14,17,3.0
401415661,7,False,14,17,3.0
401416642,3,False,35,42,7.0
401416642,7,False,35,42,7.0
401416642,10,False,35,42,7.0
401416642,14,False,35,42,7.0
401416642,21,False,35,42,7.0
401416643,3,True,32,18,
401416644,3,False,24,31,7.0
401416644,7,False,24,31,7.0
401416644,10,False,24,31,7.0
401416644,14,False,24,31,7.0
401416645,3,False,10,12,2.0
401416645,7,False,10,12,2.0
401426378,3,True,42,40,
401426378,7,True,42,40,
401426378,10,True,42,40,
401426378,14,True,42,40,
401426379,3,True,27,20,
401426379,7,True,27,20,
401426380,3,True,16,13,
401426380,7,True,16,13,
401426608,3,False,21,26,5.0
401426608,7,False,21,26,5.0
401426608,10,False,21,26,5.0
401426609,3,True,40,6,
401426609,7,True,40,6,
401426609,10,True,40,6,
401426609,14,True,40,6,
401426610,3,False,21,49,28.0
401426610,7,False,21,49,28.0
401426610,10,False,21,49,28.0
401426610,14,False,21,49,28.0
401426610,21,False,21,49,28.0
401403956,3,False,22,24,2.0
401403956,7,False,22,24,2.0
401403957,3,True,49,27,
401403957,7,True,49,27,
401403958,3,True,45,38,
401403958,7,True,45,38,
401403959,3,True,37,14,
401403959,7,True,37,14,
401403961,3,False,27,29,2.0
401403961,7,False,27,29,2.0
401403961,10,False,27,29,2.0
401403963,3,False,23,38,15.0
401403963,7,False,23,38,15.0
401403963,10,False,23,38,15.0
401403963,14,False,23,38,15.0
401403963,21,False,23,38,15.0
401404045,3,True,38,35,
401404046,3,True,35,28,
401404046,7,True,35,28,
401404046,10,True,35,28,
401404047,3,True,38,34,
401404047,7,True,38,34,
401404047,10,True,38,34,
401404047,14,True,38,34,
401404047,21,True,38,34,
401404051,3,True,51,33,
401404119,3,True,38,27,
401404119,7,True,38,27,
401404122,3,False,48,51,3.0
401404122,7,False,48,51,3.0
401404123,3,False,19,24,5.0
401404123,7,False,19,24,5.0
401404123,10,False,19,24,5.0
401404144,3,True,44,7,
401404144,7,True,44,7,
401404166,3,False,14,49,35.0
401404166,7,False,14,49,35.0
401404166,10,False,14,49,35.0
401404166,14,False,14,49,35.0
401404166,21,False,14,49,35.0
401405148,3,False,17,24,7.0
401405148,7,False,17,24,7.0
401405148,10,False,17,24,7.0
401405148,14,False,17,24,7.0
401405148,21,False,17,24,7.0
401405150,3,False,16,23,7.0
401405150,7,False,16,23,7.0
401405151,3,True,30,16,
401405153,3,False,23,45,22.0
401405153,7,False,23,45,22.0
401405153,10,False,23,45,22.0
401405153,14,False,23,45,22.0
401405153,21,False,23,45,22.0
401411172,3,False,27,30,3.0
401411172,7,False,27,30,3.0
401411172,10,False,27,30,3.0
401411173,3,True,32,23,
401411173,7,True,32,23,
401411173,10,True,32,23,
401411174,3,False,31,34,3.0
401411174,7,False,31,34,3.0
401411174,10,False,31,34,3.0
401415272,3,True,27,22,
401415272,7,True,27,22,
401415272,10,True,27,22,
401415664,3,True,49,46,
401415665,3,True,27,24,
401415666,3,True,34,31,
401415666,7,True,34,31,
401415668,3,False,30,37,7.0
401415668,7,False,30,37,7.0
401415668,10,False,30,37,7.0
401416648,3,True,18,17,
401416648,7,True,18,17,
401416648,10,True,18,17,
401416648,14,True,18,17,
401416649,3,True,38,14,
401416649,7,True,38,14,
401416651,3,False,14,20,6.0
401416651,7,False,14,20,6.0
401416651,10,False,14,20,6.0
401416652,3,False,12,44,32.0
401416652,7,False,12,44,32.0
401416652,10,False,12,44,32.0
401416652,14,False,12,44,32.0
401416652,21,False,12,44,32.0
401416653,3,False,27,30,3.0
401426382,3,False,48,51,3.0
401426383,3,True,47,7,
401426384,3,True,48,19,
401426386,3,True,41,13,
401426389,3,True,27,20,
401426389,7,True,27,20,
401426390,3,True,28,23,
401426390,7,True,28,23,
401426390,10,True,28,23,
401426615,3,True,32,31,
401426615,7,True,32,31,
401426616,3,True,37,27,
401426617,3,True,21,17,
401426618,3,True,34,31,
401426618,7,True,34,31,
401426618,10,True,34,31,
401426618,14,True,34,31,
401426618,21,True,34,31,
401437009,3,True,39,10,
401437009,7,True,39,10,
401437030,3,True,31,28,
401437030,7,True,31,28,
401437031,3,True,43,22,
401437032,3,True,48,27,
401437034,3,False,16,28,12.0
401437034,7,False,16,28,12.0
401437034,10,False,16,28,12.0
401437034,14,False,16,28,12.0
401437035,3,False,24,47,23.0
401437035,7,False,24,47,23.0
401437035,10,False,24,47,23.0
401437035,14,False,24,47,23.0
401437035,21,False,24,47,23.0
401506450,3,True,23,22,
401506450,7,True,23,22,
401506450,10,True,23,22,
401506450,14,True,23,22,
401404145,3,False,17,20,3.0
401551731,3,True,13,9,
401551732,3,False,10,37,27.0
401551732,7,False,10,37,27.0
401551732,10,False,10,37,27.0
401551732,14,False,10,37,27.0
401551732,21,False,10,37,27.0
401551733,3,False,21,41,20.0
401551733,7,False,21,41,20.0
401551733,10,False,21,41,20.0
401551733,14,False,21,41,20.0
401551733,21,False,21,41,20.0
401551735,3,True,35,17,
401551735,7,True,35,17,
401551735,10,True,35,17,
401551735,14,True,35,17,
401551737,3,False,0,45,45.0
401551737,7,False,0,45,45.0
401551737,10,False,0,45,45.0
401551737,14,False,0,45,45.0
401551737,21,False,0,45,45.0
401551739,3,False,10,17,7.0
401551739,7,False,10,17,7.0
401551739,10,False,10,17,7.0
401551739,14,False,10,17,7.0
401551741,3,False,19,21,2.0
401551741,7,False,19,21,2.0
401551741,10,False,19,21,2.0
401551741,14,False,19,21,2.0
401551743,3,False,22,45,23.0
401551743,7,False,22,45,23.0
401551743,10,False,22,45,23.0
401551743,14,False,22,45,23.0
401551743,21,False,22,45,23.0
401551744,3,False,7,14,7.0
401551744,7,False,7,14,7.0
401551746,3,False,14,24,10.0
401551746,7,False,14,24,10.0
401551746,10,False,14,24,10.0
401551746,14,False,14,24,10.0
401551750,3,False,14,23,9.0
401551750,7,False,14,23,9.0
401551751,3,True,34,31,
401551751,7,True,34,31,
401551752,3,True,35,22,
401551752,7,True,35,22,
401551753,3,True,34,14,
401551753,7,True,34,14,
401551754,3,False,17,30,13.0
401551754,7,False,17,30,13.0
401551754,10,False,17,30,13.0
401551755,3,True,59,10,
401551755,7,True,59,10,
401551755,10,True,59,10,
401551755,14,True,59,10,
401551755,21,True,59,10,
401551756,3,True,30,24,
401551756,7,True,30,24,
401551757,3,True,49,36,
401551757,7,True,49,36,
401551758,3,True,41,20,
401551758,7,True,41,20,
401551762,3,True,31,24,
401551765,3,True,38,24,
401551765,7,True,38,24,
401551765,10,True,38,24,
401551766,3,True,38,35,
401551766,7,True,38,35,
401551766,10,True,38,35,
401551766,14,True,38,35,
401551767,3,False,26,36,10.0
401551767,7,False,26,36,10.0
401551767,10,False,26,36,10.0
401551768,3,False,3,14,11.0
401551768,7,False,3,14,11.0
401551768,10,False,3,14,11.0
401551769,3,False,25,38,13.0
401551769,7,False,25,38,13.0
401551769,10,False,25,38,13.0
401551769,14,False,25,38,13.0
401551769,21,False,25,38,13.0
401551770,3,False,13,31,18.0
401551770,7,False,13,31,18.0
401551770,10,False,13,31,18.0
401551770,14,False,13,31,18.0
401551770,21,False,13,31,18.0
401551778,3,True,35,31,
401551778,7,True,35,31,
401551778,10,True,35,31,
401551778,14,True,35,31,
401551782,3,True,45,6,
401551786,3,True,27,20,
401551786,7,True,27,20,
401551788,3,False,31,37,6.0
401551788,7,False,31,37,6.0
401551788,10,False,31,37,6.0
401554566,3,True,16,15,
401554566,7,True,16,15,
401581109,3,False,28,42,14.0
401581109,7,False,28,42,14.0
401581109,10,False,28,42,14.0
401581109,14,False,28,42,14.0
401520145,3,False,14,17,3.0
401520145,7,False,14,17,3.0
401520145,10,False,14,17,3.0
401520146,3,True,22,17,
401520146,7,True,22,17,
401520146,10,True,22,17,
401520146,14,True,22,17,
401520148,3,True,13,10,
401520148,7,True,13,10,
401520155,3,True,30,28,
401520155,7,True,30,28,
401520155,10,True,30,28,
401520159,3,True,44,14,
401520163,3,True,31,7,
401520167,3,True,31,17,
401520167,7,True,31,17,
401520167,10,True,31,17,
401520167,14,True,31,17,
401520170,3,False,35,39,4.0
401520174,3,True,24,14,
401520174,7,True,24,14,
401520175,3,False,13,17,4.0
401520181,3,True,41,24,
401520181,7,True,41,24,
401520181,10,True,41,24,
401520182,3,False,24,45,21.0
401520182,7,False,24,45,21.0
401520182,10,False,24,45,21.0
401520182,14,False,24,45,21.0
401520182,21,False,24,45,21.0
401523990,3,True,50,24,
401523994,3,False,42,45,3.0
401523994,7,False,42,45,3.0
401523994,10,False,42,45,3.0
401523997,3,True,56,19,
401525450,3,False,30,41,11.0
401525450,7,False,30,41,11.0
401525450,10,False,30,41,11.0
401525450,14,False,30,41,11.0
401525462,3,True,39,34,
401525462,7,True,39,34,
401525462,10,True,39,34,
401525462,14,True,39,34,
401525464,3,False,24,27,3.0
401525464,7,False,24,27,3.0
401525464,10,False,24,27,3.0
401525464,14,False,24,27,3.0
401525468,3,False,7,28,21.0
401525468,7,False,7,28,21.0
401525468,10,False,7,28,21.0
401525468,14,False,7,28,21.0
401525468,21,False,7,28,21.0
401525817,3,False,31,42,11.0
401525817,7,False,31,42,11.0
401525817,10,False,31,42,11.0
401525817,14,False,31,42,11.0
401525819,3,False,14,17,3.0
401525819,7,False,14,17,3.0
401525819,10,False,14,17,3.0
401525824,3,True,37,10,
401525825,3,False,33,35,2.0
401531387,3,True,24,21,
401531387,7,True,24,21,
401531387,10,True,24,21,
401531387,14,True,24,21,
401532392,3,True,20,13,
401520183,3,False,24,34,10.0
401520183,7,False,24,34,10.0
401520183,10,False,24,34,10.0
401520184,3,True,28,6,
401520186,3,True,14,10,
401520189,3,False,39,46,7.0
401520189,7,False,39,46,7.0
401520189,10,False,39,46,7.0
401520198,3,True,33,17,
401520198,7,True,33,17,
401520200,3,True,38,20,
401520200,7,True,38,20,
401520200,10,True,38,20,
401520200,14,True,38,20,
401520201,3,False,33,48,15.0
401520201,7,False,33,48,15.0
401520201,10,False,33,48,15.0
401520201,14,False,33,48,15.0
401520206,3,True,23,19,
401520207,3,True,38,7,
401520207,7,True,38,7,
401520214,3,True,37,20,
401520214,7,True,37,20,
401520214,10,True,37,20,
401520215,3,False,17,24,7.0
401520215,7,False,17,24,7.0
401520215,10,False,17,24,7.0
401520215,14,False,17,24,7.0
401520217,3,False,22,31,9.0
401520217,7,False,22,31,9.0
401520217,10,False,22,31,9.0
401520217,14,False,22,31,9.0
401523998,3,True,27,15,
401523998,7,True,27,15,
401523999,3,True,20,13,
401523999,7,True,20,13,
401523999,10,True,20,13,
401524002,3,True,38,30,
401524002,7,True,38,30,
401525495,3,True,40,34,
401525495,7,True,40,34,
401525496,3,False,21,27,6.0
401525496,7,False,21,27,6.0
401525496,10,False,21,27,6.0
401525496,14,False,21,27,6.0
401525497,3,True,48,7,
401525497,7,True,48,7,
401525498,3,True,36,35,
401525498,7,True,36,35,
401525498,10,True,36,35,
401525827,3,True,18,16,
401525831,3,False,41,43,2.0
401525831,7,False,41,43,2.0
401525831,10,False,41,43,2.0
401525831,14,False,41,43,2.0
401525831,21,False,41,43,2.0
401531411,3,True,31,13,
401531419,3,False,10,17,7.0
401531419,7,False,10,17,7.0
401531842,3,False,31,38,7.0
401531842,7,False,31,38,7.0
401531842,10,False,31,38,7.0
401531842,14,False,31,38,7.0
401520220,3,False,31,38,7.0
401520220,7,False,31,38,7.0
401520224,3,False,16,29,13.0
401520224,7,False,16,29,13.0
401520224,10,False,16,29,13.0
401520224,14,False,16,29,13.0
401520225,3,True,24,14,
401520225,7,True,24,14,
401520225,10,True,24,14,
401520227,3,True,41,10,
401520227,7,True,41,10,
401520229,3,False,37,40,3.0
401520229,7,False,37,40,3.0
401520229,10,False,37,40,3.0
401520229,14,False,37,40,3.0
401520231,3,True,42,14,
401520231,7,True,42,14,
401520231,10,True,42,14,
401520231,14,True,42,14,
401520236,3,False,27,30,3.0
401520238,3,False,17,27,10.0
401520238,7,False,17,27,10.0
401520238,10,False,17,27,10.0
401520244,3,True,17,3,
401520246,3,False,17,24,7.0
401520246,7,False,17,24,7.0
401520246,10,False,17,24,7.0
401520246,14,False,17,24,7.0
401520246,21,False,17,24,7.0
401520247,3,False,37,40,3.0
401520247,7,False,37,40,3.0
401520247,10,False,37,40,3.0
401520249,3,True,35,14,
401520249,7,True,35,14,
401524007,3,True,43,35,
401524007,7,True,43,35,
401524007,10,True,43,35,
401525500,3,True,31,29,
401525500,7,True,31,29,
401525503,3,True,17,6,
401525504,3,True,27,24,
401525504,7,True,27,24,
401525504,10,True,27,24,
401525504,14,True,27,24,
401525835,3,False,24,31,7.0
401525835,7,False,24,31,7.0
401525838,3,False,7,10,3.0
401525838,7,False,7,10,3.0
401525838,10,False,7,10,3.0
401525839,3,False,7,33,26.0
401525839,7,False,7,33,26.0
401525839,10,False,7,33,26.0
401525839,14,False,7,33,26.0
401525839,21,False,7,33,26.0
401525840,3,True,31,10,
401525840,7,True,31,10,
401526834,3,True,19,17,
401531379,3,False,21,41,20.0
401531379,7,False,21,41,20.0
401531379,10,False,21,41,20.0
401531379,14,False,21,41,20.0
401531379,21,False,21,41,20.0
401531396,3,False,29,37,8.0
401531396,7,False,29,37,8.0
401531396,10,False,29,37,8.0
401531396,14,False,29,37,8.0
401531412,3,True,43,28,
401531412,7,True,43,28,
401531412,10,True,43,28,
401531428,3,True,28,24,
401531428,7,True,28,24,
401531848,3,False,14,16,2.0
401531848,7,False,14,16,2.0
401532403,3,True,21,17,
401532403,7,True,21,17,
401532403,10,True,21,17,
401520250,3,True,24,10,
401520253,3,True,20,17,
401520253,7,True,20,17,
401520253,10,True,20,17,
401520253,14,True,20,17,
401520254,3,True,38,7,
401520255,3,True,23,17,
401520255,7,True,23,17,
401520255,10,True,23,17,
401520256,3,True,29,27,
401520258,3,True,34,31,
401520258,7,True,34,31,
401520258,10,True,34,31,
401520259,3,True,34,27,
401520260,3,True,31,7,
401520260,7,True,31,7,
401520262,3,False,23,31,8.0
401520262,7,False,23,31,8.0
401520262,10,False,23,31,8.0
401520262,14,False,23,31,8.0
401520268,3,True,29,16,
401520268,7,True,29,16,
401520271,3,True,27,24,
401520271,7,True,27,24,
401520273,3,False,28,45,17.0
401520273,7,False,28,45,17.0
401520273,10,False,28,45,17.0
401520273,14,False,28,45,17.0
401521330,3,True,17,14,
401524016,3,True,21,20,
401524019,3,False,35,38,3.0
401524019,7,False,35,38,3.0
401524019,10,False,35,38,3.0
401524019,14,False,35,38,3.0
401524019,21,False,35,38,3.0
401525507,3,True,31,24,
401525507,7,True,31,24,
401525507,10,True,31,24,
401525508,3,False,16,30,14.0
401525508,7,False,16,30,14.0
401525508,10,False,16,30,14.0
401525508,14,False,16,30,14.0
401525510,3,True,41,24,
401525510,7,True,41,24,
401525511,3,True,24,17,
401525511,7,True,24,17,
401525845,3,True,20,6,
401525846,3,True,34,27,
401525846,7,True,34,27,
401525847,3,True,38,27,
401525848,3,True,44,31,
401525849,3,True,34,17,
401525850,3,False,13,20,7.0
401525850,7,False,13,20,7.0
401525850,10,False,13,20,7.0
401526835,3,False,31,34,3.0
401526835,7,False,31,34,3.0
401526835,10,False,31,34,3.0
401526835,14,False,31,34,3.0
401531338,3,False,14,22,8.0
401531338,7,False,14,22,8.0
401531423,3,False,29,42,13.0
401531423,7,False,29,42,13.0
401531423,10,False,29,42,13.0
401531423,14,False,29,42,13.0
401531423,21,False,29,42,13.0
401531849,3,False,17,30,13.0
401531849,7,False,17,30,13.0
401531849,10,False,17,30,13.0
401531849,14,False,17,30,13.0
401531870,3,True,22,19,
401531870,7,True,22,19,
401531870,10,True,22,19,
401531874,3,False,37,44,7.0
401531874,7,False,37,44,7.0
401531874,10,False,37,44,7.0
401531874,14,False,37,44,7.0
401531876,3,False,30,34,4.0
401531876,7,False,30,34,4.0
401531876,10,False,30,34,4.0
401531877,3,True,35,24,
401531877,7,True,35,24,
401531877,10,True,35,24,
401531877,14,True,35,24,
401532406,3,True,49,31,
401532406,7,True,49,31,
401532406,10,True,49,31,
401532583,3,True,34,31,
401532583,7,True,34,31,
401532584,3,True,45,20,
401532584,7,True,45,20,
401532584,10,True,45,20,
401520276,3,True,35,28,
401520276,7,True,35,28,
401520276,10,True,35,28,
401520276,14,True,35,28,
401520279,3,True,34,22,
401520280,3,True,27,20,
401520280,7,True,27,20,
401520280,10,True,27,20,
401520281,3,True,26,16,
401520284,3,True,35,24,
401520284,7,True,35,24,
401520287,3,True,41,13,
401520287,7,True,41,13,
401520288,3,False,49,55,6.0
401520288,7,False,49,55,6.0
401520288,10,False,49,55,6.0
401520288,14,False,49,55,6.0
401520289,3,True,44,19,
401520291,3,True,41,20,
401520292,3,True,34,33,
401520292,7,True,34,33,
401520292,10,True,34,33,
401520292,14,True,34,33,
401520293,3,True,38,21,
401524024,3,True,42,6,
401525512,3,True,13,10,
401525512,7,True,13,10,
401525512,10,True,13,10,
401525513,3,True,27,24,
401525513,7,True,27,24,
401525513,10,True,27,24,
401525513,14,True,27,24,
401525515,3,False,27,38,11.0
401525515,7,False,27,38,11.0
401525515,10,False,27,38,11.0
401525515,14,False,27,38,11.0
401525515,21,False,27,38,11.0
401525516,3,False,21,38,17.0
401525516,7,False,21,38,17.0
401525516,10,False,21,38,17.0
401525516,14,False,21,38,17.0
401525516,21,False,21,38,17.0
401525851,3,True,35,27,
401525853,3,False,21,24,3.0
401525855,3,True,49,28,
401525855,7,True,49,28,
401526836,3,False,28,52,24.0
401526836,7,False,28,52,24.0
401526836,10,False,28,52,24.0
401526836,14,False,28,52,24.0
401526836,21,False,28,52,24.0
401531339,3,True,48,26,
401531370,3,True,35,23,
401531370,7,True,35,23,
401531370,10,True,35,23,
401531414,3,True,24,17,
401531424,3,False,30,44,14.0
401531424,7,False,30,44,14.0
401531424,10,False,30,44,14.0
401531424,14,False,30,44,14.0
401531424,21,False,30,44,14.0
401531429,3,True,35,32,
401531429,7,True,35,32,
401531429,10,True,35,32,
401531429,14,True,35,32,
401531878,3,True,38,28,
401531878,7,True,38,28,
401531879,3,False,7,28,21.0
401531879,7,False,7,28,21.0
401531879,10,False,7,28,21.0
401531879,14,False,7,28,21.0
401531879,21,False,7,28,21.0
401531881,3,True,41,35,
401531881,7,True,41,35,
401531881,10,True,41,35,
401531881,14,True,41,35,
401531882,3,True,41,40,
401531882,7,True,41,40,
401531882,10,True,41,40,
401531882,14,True,41,40,
401532409,3,True,42,24,
401532410,3,True,26,23,
401532413,3,True,23,3,
401532588,3,True,35,26,
401532588,7,True,35,26,
401532588,10,True,35,26,
401532589,3,True,49,10,
401532589,7,True,49,10,
401520294,3,False,30,45,15.0
401520294,7,False,30,45,15.0
401520294,10,False,30,45,15.0
401520294,14,False,30,45,15.0
401520294,21,False,30,45,15.0
401520295,3,True,35,28,
401520295,7,True,35,28,
401520296,3,True,21,16,
401520298,3,False,24,27,3.0
401520298,7,False,24,27,3.0
401520298,10,False,24,27,3.0
401520301,3,False,7,20,13.0
401520301,7,False,7,20,13.0
401520301,10,False,7,20,13.0
401520301,14,False,7,20,13.0
401520305,3,True,49,39,
401520305,7,True,49,39,
401520305,10,True,49,39,
401520305,14,True,49,39,
401520307,3,True,37,17,
401520307,7,True,37,17,
401520307,10,True,37,17,
401520308,3,True,27,20,
401520308,7,True,27,20,
401520309,3,False,31,38,7.0
401520309,7,False,31,38,7.0
401520309,10,False,31,38,7.0
401520309,14,False,31,38,7.0
401520310,3,True,26,20,
401520310,7,True,26,20,
401524025,3,True,43,41,
401524025,7,True,43,41,
401524025,10,True,43,41,
401524025,14,True,43,41,
401524026,3,True,27,24,
401524026,7,True,27,24,
401524027,3,True,52,40,
401524028,3,True,25,17,
401525439,3,False,20,33,13.0
401525439,7,False,20,33,13.0
401525439,10,False,20,33,13.0
401525439,14,False,20,33,13.0
401525517,3,True,17,12,
401525519,3,False,20,23,3.0
401525519,7,False,20,23,3.0
401525521,3,True,48,41,
401525521,7,True,48,41,
401525857,3,False,21,29,8.0
401525857,7,False,21,29,8.0
401525857,10,False,21,29,8.0
401525857,14,False,21,29,8.0
401525859,3,False,14,27,13.0
401525859,7,False,14,27,13.0
401525859,10,False,14,27,13.0
401525859,14,False,14,27,13.0
401525860,3,False,22,51,29.0
401525860,7,False,22,51,29.0
401525860,10,False,22,51,29.0
401525860,14,False,22,51,29.0
401525860,21,False,22,51,29.0
401525861,3,False,30,34,4.0
401525861,7,False,30,34,4.0
401525861,10,False,30,34,4.0
401526837,3,True,41,24,
401526837,7,True,41,24,
401531380,3,False,35,56,21.0
401531380,7,False,35,56,21.0
401531380,10,False,35,56,21.0
401531380,14,False,35,56,21.0
401531380,21,False,35,56,21.0
401531389,3,True,49,34,
401531389,7,True,49,34,
401531433,3,True,27,24,
401531884,3,True,34,30,
401531884,7,True,34,30,
401531884,10,True,34,30,
401531886,3,False,13,17,4.0
401532415,3,False,13,37,24.0
401532415,7,False,13,37,24.0
401532415,10,False,13,37,24.0
401532415,14,False,13,37,24.0
401532415,21,False,13,37,24.0
401532418,3,True,55,14,
401532418,7,True,55,14,
401532590,3,False,24,44,20.0
401532590,7,False,24,44,20.0
401532590,10,False,24,44,20.0
401532590,14,False,24,44,20.0
401532591,3,False,19,24,5.0
401532591,7,False,19,24,5.0
401532591,10,False,19,24,5.0
401532591,14,False,19,24,5.0
401532592,3,True,35,27,
401532592,7,True,35,27,
401532592,10,True,35,27,
401532592,14,True,35,27,
401520312,3,True,31,13,
401520312,7,True,31,13,
401520313,3,True,31,23,
401520314,3,False,14,27,13.0
401520314,7,False,14,27,13.0
401520314,10,False,14,27,13.0
401520314,14,False,14,27,13.0
401520314,21,False,14,27,13.0
401520316,3,True,24,21,
401520318,3,False,21,38,17.0
401520318,7,False,21,38,17.0
401520318,10,False,21,38,17.0
401520318,14,False,21,38,17.0
401520320,3,False,24,27,3.0
401520320,7,False,24,27,3.0
401520320,10,False,24,27,3.0
401520321,3,True,52,7,
401520321,7,True,52,7,
401520324,3,True,27,24,
401520324,7,True,27,24,
401520324,10,True,27,24,
401520324,14,True,27,24,
401520325,3,True,41,39,
401520325,7,True,41,39,
401520325,10,True,41,39,
401520326,3,True,20,13,
401520326,7,True,20,13,
401520327,3,True,37,20,
401520327,7,True,37,20,
401520328,3,False,6,15,9.0
401520328,7,False,6,15,9.0
401524030,3,False,6,44,38.0
401524030,7,False,6,44,38.0
401524030,10,False,6,44,38.0
401524030,14,False,6,44,38.0
401524030,21,False,6,44,38.0
401524033,3,True,34,14,
401524033,7,True,34,14,
401524034,3,True,36,33,
401525523,3,True,24,3,
401525525,3,False,21,38,17.0
401525525,7,False,21,38,17.0
401525525,10,False,21,38,17.0
401525525,14,False,21,38,17.0
401525526,3,True,41,31,
401525526,7,True,41,31,
401525862,3,False,39,41,2.0
401525862,7,False,39,41,2.0
401525862,10,False,39,41,2.0
401525863,3,False,10,30,20.0
401525863,7,False,10,30,20.0
401525863,10,False,10,30,20.0
401525863,14,False,10,30,20.0
401525864,3,False,32,39,7.0
401525864,7,False,32,39,7.0
401525864,10,False,32,39,7.0
401525864,14,False,32,39,7.0
401525866,3,False,21,38,17.0
401525866,7,False,21,38,17.0
401525866,10,False,21,38,17.0
401525866,14,False,21,38,17.0
401531371,3,True,31,21,
401531371,7,True,31,21,
401531371,10,True,31,21,
401531420,3,False,14,56,42.0
401531420,7,False,14,56,42.0
401531420,10,False,14,56,42.0
401531420,14,False,14,56,42.0
401531420,21,False,14,56,42.0
401531888,3,False,24,27,3.0
401531888,7,False,24,27,3.0
401531888,10,False,24,27,3.0
401531888,14,False,24,27,3.0
401531891,3,True,21,20,
401531891,7,True,21,20,
401531891,10,True,21,20,
401532420,3,True,17,10,
401532421,3,False,14,24,10.0
401532421,7,False,14,24,10.0
401532421,10,False,14,24,10.0
401532421,14,False,14,24,10.0
401532424,3,False,13,23,10.0
401532424,7,False,13,23,10.0
401532424,10,False,13,23,10.0
401532594,3,True,37,32,
401532595,3,True,41,34,
401532596,3,True,52,24,
401532598,3,True,34,27,
401532598,7,True,34,27,
401532598,10,True,34,27,
401532598,14,True,34,27,
401520329,3,False,17,20,3.0
401520330,3,True,42,35,
401520330,7,True,42,35,
401520331,3,False,27,33,6.0
401520331,7,False,27,33,6.0
401520331,10,False,27,33,6.0
401520333,3,True,34,20,
401520333,7,True,34,20,
401520333,10,True,34,20,
401520334,3,False,3,7,4.0
401520336,3,True,25,21,
401520336,7,True,25,21,
401520336,10,True,25,21,
401520336,14,True,25,21,
401520337,3,True,31,14,
401520337,7,True,31,14,
401520342,3,True,17,9,
401520344,3,False,21,24,3.0
401520344,7,False,21,24,3.0
401524035,3,True,38,24,
401524035,7,True,38,24,
401524037,3,False,32,34,2.0
401524037,7,False,32,34,2.0
401524037,10,False,32,34,2.0
401524037,14,False,32,34,2.0
401524038,3,True,15,7,
401524038,7,True,15,7,
401525528,3,False,23,38,15.0
401525528,7,False,23,38,15.0
401525528,10,False,23,38,15.0
401525528,14,False,23,38,15.0
401525529,3,False,20,28,8.0
401525529,7,False,20,28,8.0
401525530,3,True,38,20,
401525530,7,True,38,20,
401525530,10,True,38,20,
401525531,3,False,27,31,4.0
401525531,7,False,27,31,4.0
401525532,3,False,17,21,4.0
401525867,3,False,14,27,13.0
401525867,7,False,14,27,13.0
401525867,10,False,14,27,13.0
401525867,14,False,14,27,13.0
401525868,3,False,29,32,3.0
401525868,7,False,29,32,3.0
401525868,10,False,29,32,3.0
401525868,14,False,29,32,3.0
401525871,3,True,31,29,
401525872,3,False,34,48,14.0
401525872,7,False,34,48,14.0
401525872,10,False,34,48,14.0
401525872,14,False,34,48,14.0
401531341,3,False,10,42,32.0
401531341,7,False,10,42,32.0
401531341,10,False,10,42,32.0
401531341,14,False,10,42,32.0
401531341,21,False,10,42,32.0
401531382,3,True,45,21,
401531382,7,True,45,21,
401531397,3,True,36,10,
401531406,3,False,7,10,3.0
401531406,7,False,7,10,3.0
401531406,10,False,7,10,3.0
401531894,3,True,38,28,
401531894,7,True,38,28,
401531895,3,False,21,28,7.0
401531895,7,False,21,28,7.0
401531897,3,False,17,20,3.0
401531897,7,False,17,20,3.0
401531897,10,False,17,20,3.0
401531897,14,False,17,20,3.0
401532425,3,False,17,24,7.0
401532425,7,False,17,24,7.0
401532425,10,False,17,24,7.0
401532425,14,False,17,24,7.0
401532426,3,True,20,13,
401532429,3,True,41,14,
401532430,3,True,24,6,
401532599,3,True,25,23,
401532599,7,True,25,23,
401532599,10,True,25,23,
401532600,3,False,21,42,21.0
401532600,7,False,21,42,21.0
401532600,10,False,21,42,21.0
401532600,14,False,21,42,21.0
401532600,21,False,21,42,21.0
401532601,3,False,0,6,6.0
401520345,3,False,24,27,3.0
401520345,7,False,24,27,3.0
401520346,3,True,42,29,
401520346,7,True,42,29,
401520348,3,False,34,37,3.0
401520348,7,False,34,37,3.0
401520349,3,False,14,21,7.0
401520349,7,False,14,21,7.0
401520349,10,False,14,21,7.0
401520349,14,False,14,21,7.0
401520351,3,True,21,14,
401520351,7,True,21,14,
401520352,3,True,43,20,
401520352,7,True,43,20,
401520354,3,True,27,12,
401520355,3,False,14,31,17.0
401520355,7,False,14,31,17.0
401520355,10,False,14,31,17.0
401520355,14,False,14,31,17.0
401520355,21,False,14,31,17.0
401520356,3,False,27,33,6.0
401520356,7,False,27,33,6.0
401520356,10,False,27,33,6.0
401520358,3,True,33,24,
401520358,7,True,33,24,
401520359,3,True,30,17,
401520359,7,True,30,17,
401524039,3,False,24,27,3.0
401524039,7,False,24,27,3.0
401524039,10,False,24,27,3.0
401524040,3,False,27,38,11.0
401524040,7,False,27,38,11.0
401524040,10,False,27,38,11.0
401524040,14,False,27,38,11.0
401524041,3,True,50,49,
401524041,7,True,50,49,
401524041,10,True,50,49,
401524041,14,True,50,49,
401524043,3,True,28,16,
401525534,3,False,17,24,7.0
401525534,7,False,17,24,7.0
401525534,10,False,17,24,7.0
401525534,14,False,17,24,7.0
401525537,3,False,42,46,4.0
401525538,3,True,29,26,
401525538,7,True,29,26,
401525538,10,True,29,26,
401525874,3,False,33,38,5.0
401525874,7,False,33,38,5.0
401525874,10,False,33,38,5.0
401525874,14,False,33,38,5.0
401525878,3,False,28,41,13.0
401525878,7,False,28,41,13.0
401525878,10,False,28,41,13.0
401525878,14,False,28,41,13.0
401531398,3,True,41,27,
401531407,3,True,38,16,
401531430,3,True,45,42,
401531898,3,True,48,38,
401531898,7,True,48,38,
401531898,10,True,48,38,
401531899,3,False,6,34,28.0
401531899,7,False,6,34,28.0
401531899,10,False,6,34,28.0
401531899,14,False,6,34,28.0
401531899,21,False,6,34,28.0
401531900,3,True,30,27,
401531901,3,False,24,34,10.0
401531901,7,False,24,34,10.0
401531901,10,False,24,34,10.0
401531901,14,False,24,34,10.0
401531902,3,False,20,33,13.0
401531902,7,False,20,33,13.0
401531902,10,False,20,33,13.0
401531902,14,False,20,33,13.0
401531903,3,True,31,13,
401531903,7,True,31,13,
401531929,3,False,27,44,17.0
401531929,7,False,27,44,17.0
401531929,10,False,27,44,17.0
401531929,14,False,27,44,17.0
401531929,21,False,27,44,17.0
401532432,3,False,16,30,14.0
401532432,7,False,16,30,14.0
401532432,10,False,16,30,14.0
401532432,14,False,16,30,14.0
401532432,21,False,16,30,14.0
401532603,3,True,30,13,
401532604,3,False,24,34,10.0
401532604,7,False,24,34,10.0
401532604,10,False,24,34,10.0
401532604,14,False,24,34,10.0
401532604,21,False,24,34,10.0
401532606,3,True,31,24,
401532606,7,True,31,24,
401532606,10,True,31,24,
401520361,3,False,3,23,20.0
401520361,7,False,3,23,20.0
401520361,10,False,3,23,20.0
401520361,14,False,3,23,20.0
401520362,3,True,42,28,
401520362,7,True,42,28,
401520363,3,False,36,39,3.0
401520363,7,False,36,39,3.0
401520363,10,False,36,39,3.0
401520363,14,False,36,39,3.0
401520364,3,True,30,21,
401520365,3,False,14,20,6.0
401520365,7,False,14,20,6.0
401520365,10,False,14,20,6.0
401520366,3,True,56,30,
401520369,3,False,17,20,3.0
401520369,7,False,17,20,3.0
401520369,10,False,17,20,3.0
401520370,3,False,26,27,1.0
401520370,7,False,26,27,1.0
401520374,3,True,38,35,
401520376,3,True,38,28,
401520376,7,True,38,28,
401520378,3,True,21,13,
401524045,3,False,10,27,17.0
401524045,7,False,10,27,17.0
401524045,10,False,10,27,17.0
401524045,14,False,10,27,17.0
401524048,3,True,52,42,
401524048,7,True,52,42,
401524050,3,False,7,10,3.0
401525441,3,False,23,31,8.0
401525441,7,False,23,31,8.0
401525441,10,False,23,31,8.0
401525441,14,False,23,31,8.0
401525539,3,True,24,21,
401525539,7,True,24,21,
401525540,3,True,17,10,
401525541,3,True,24,7,
401525541,7,True,24,7,
401525542,3,False,17,45,28.0
401525542,7,False,17,45,28.0
401525542,10,False,17,45,28.0
401525542,14,False,17,45,28.0
401525542,21,False,17,45,28.0
401525544,3,False,6,20,14.0
401525544,7,False,6,20,14.0
401525544,10,False,6,20,14.0
401525544,14,False,6,20,14.0
401525880,3,False,24,25,1.0
401525880,7,False,24,25,1.0
401525880,10,False,24,25,1.0
401525881,3,True,28,26,
401525882,3,False,21,28,7.0
401525882,7,False,21,28,7.0
401525882,10,False,21,28,7.0
401525882,14,False,21,28,7.0
401525883,3,False,24,27,3.0
401525883,7,False,24,27,3.0
401525883,10,False,24,27,3.0
401531343,3,False,26,33,7.0
401531374,3,True,13,10,
401531374,7,True,13,10,
401531374,10,True,13,10,
401531383,3,False,42,45,3.0
401531383,7,False,42,45,3.0
401531383,10,False,42,45,3.0
401531383,14,False,42,45,3.0
401531383,21,False,42,45,3.0
401531392,3,False,18,32,14.0
401531392,7,False,18,32,14.0
401531392,10,False,18,32,14.0
401531392,14,False,18,32,14.0
401531425,3,True,59,50,
401531440,3,True,36,31,
401531440,7,True,36,31,
401531904,3,True,28,10,
401531904,7,True,28,10,
401531905,3,True,31,9,
401531907,3,False,24,28,4.0
401531908,3,False,17,37,20.0
401531908,7,False,17,37,20.0
401531908,10,False,17,37,20.0
401531908,14,False,17,37,20.0
401531910,3,True,45,24,
401532433,3,False,31,37,6.0
401532433,7,False,31,37,6.0
401532433,10,False,31,37,6.0
401532433,14,False,31,37,6.0
401532433,21,False,31,37,6.0
401532436,3,True,31,27,
401532436,7,True,31,27,
401532436,10,True,31,27,
401532436,14,True,31,27,
401532436,21,True,31,27,
401532610,3,False,14,27,13.0
401532610,7,False,14,27,13.0
401532610,10,False,14,27,13.0
401532610,14,False,14,27,13.0
401532612,3,True,32,24,
401532612,7,True,32,24,
401520380,3,False,10,48,38.0
401520380,7,False,10,48,38.0
401520380,10,False,10,48,38.0
401520380,14,False,10,48,38.0
401520380,21,False,10,48,38.0
401520382,3,True,52,17,
401520382,7,True,52,17,
401520383,3,True,48,45,
401520383,7,True,48,45,
401520383,10,True,48,45,
401520383,14,True,48,45,
401520387,3,False,27,42,15.0
401520387,7,False,27,42,15.0
401520387,10,False,27,42,15.0
401520387,14,False,27,42,15.0
401520389,3,True,52,35,
401520391,3,False,7,36,29.0
401520391,7,False,7,36,29.0
401520391,10,False,7,36,29.0
401520391,14,False,7,36,29.0
401520391,21,False,7,36,29.0
401520392,3,True,13,10,
401520394,3,True,24,15,
401520395,3,False,30,49,19.0
401520395,7,False,30,49,19.0
401520395,10,False,30,49,19.0
401520395,14,False,30,49,19.0
401520395,21,False,30,49,19.0
401520397,3,True,51,10,
401520397,7,True,51,10,
401520398,3,False,10,24,14.0
401520398,7,False,10,24,14.0
401520398,10,False,10,24,14.0
401520398,14,False,10,24,14.0
401520398,21,False,10,24,14.0
401520399,3,False,29,38,9.0
401520399,7,False,29,38,9.0
401520399,10,False,29,38,9.0
401520399,14,False,29,38,9.0
401524052,3,True,34,31,
401524052,7,True,34,31,
401524055,3,False,7,17,10.0
401524055,7,False,7,17,10.0
401524055,10,False,7,17,10.0
401524056,3,True,35,28,
401525546,3,True,31,24,
401525546,7,True,31,24,
401525547,3,True,48,22,
401525548,3,True,42,21,
401525548,7,True,42,21,
401525549,3,True,47,45,
401525550,3,True,27,20,
401525552,3,False,13,28,15.0
401525552,7,False,13,28,15.0
401525552,10,False,13,28,15.0
401525552,14,False,13,28,15.0
401525887,3,False,14,24,10.0
401525887,7,False,14,24,10.0
401525887,10,False,14,24,10.0
401525887,14,False,14,24,10.0
401525888,3,False,13,16,3.0
401525888,7,False,13,16,3.0
401525888,10,False,13,16,3.0
401525890,3,True,59,20,
401525890,7,True,59,20,
401525891,3,True,29,26,
401525892,3,False,3,45,42.0
401525892,7,False,3,45,42.0
401525892,10,False,3,45,42.0
401525892,14,False,3,45,42.0
401525892,21,False,3,45,42.0
401531384,3,False,6,31,25.0
401531384,7,False,6,31,25.0
401531384,10,False,6,31,25.0
401531384,14,False,6,31,25.0
401531384,21,False,6,31,25.0
401531408,3,True,44,38,
401531408,7,True,44,38,
401531408,10,True,44,38,
401531416,3,False,7,22,15.0
401531416,7,False,7,22,15.0
401531416,10,False,7,22,15.0
401531416,14,False,7,22,15.0
401531911,3,False,31,34,3.0
401531911,7,False,31,34,3.0
401531912,3,False,23,31,8.0
401531912,7,False,23,31,8.0
401531912,10,False,23,31,8.0
401531912,14,False,23,31,8.0
401531912,21,False,23,31,8.0
401531913,3,False,14,42,28.0
401531913,7,False,14,42,28.0
401531913,10,False,14,42,28.0
401531913,14,False,14,42,28.0
401531913,21,False,14,42,28.0
401531914,3,False,33,38,5.0
401531914,7,False,33,38,5.0
401531914,10,False,33,38,5.0
401531916,3,True,21,14,
401532437,3,False,17,20,3.0
401532437,7,False,17,20,3.0
401532438,3,True,38,28,
401532438,7,True,38,28,
401532439,3,True,20,10,
401532442,3,True,49,19,
401532613,3,False,13,27,14.0
401532613,7,False,13,27,14.0
401532613,10,False,13,27,14.0
401532613,14,False,13,27,14.0
401520402,3,True,44,20,
401520403,3,False,21,28,7.0
401520403,7,False,21,28,7.0
401520403,10,False,21,28,7.0
401520403,14,False,21,28,7.0
401520404,3,False,10,31,21.0
401520404,7,False,10,31,21.0
401520404,10,False,10,31,21.0
401520404,14,False,10,31,21.0
401520404,21,False,10,31,21.0
401520405,3,False,21,24,3.0
401520405,7,False,21,24,3.0
401520406,3,True,15,13,
401520409,3,True,56,14,
401520409,7,True,56,14,
401520410,3,True,31,24,
401520412,3,True,41,20,
401520412,7,True,41,20,
401520413,3,True,33,31,
401520417,3,True,27,6,
401520418,3,True,17,14,
401520419,3,True,38,10,
401520419,7,True,38,10,
401520422,3,True,24,17,
401520422,7,True,24,17,
401520422,10,True,24,17,
401520422,14,True,24,17,
401520423,3,True,28,23,
401524060,3,False,20,22,2.0
401524060,7,False,20,22,2.0
401524060,10,False,20,22,2.0
401524062,3,False,20,38,18.0
401524062,7,False,20,38,18.0
401524062,10,False,20,38,18.0
401524062,14,False,20,38,18.0
401524062,21,False,20,38,18.0
401525553,3,True,24,16,
401525554,3,True,31,20,
401525554,7,True,31,20,
401525555,3,False,27,30,3.0
401525555,7,False,27,30,3.0
401525555,10,False,27,30,3.0
401525555,14,False,27,30,3.0
401525557,3,True,31,22,
401525558,3,False,31,38,7.0
401525558,7,False,31,38,7.0
401525559,3,False,28,35,7.0
401525559,7,False,28,35,7.0
401525559,10,False,28,35,7.0
401525559,14,False,28,35,7.0
401525559,21,False,28,35,7.0
401525894,3,True,43,30,
401525894,7,True,43,30,
401525894,10,True,43,30,
401525894,14,True,43,30,
401525895,3,True,26,16,
401525896,3,True,31,27,
401525896,7,True,31,27,
401525896,10,True,31,27,
401525897,3,True,42,17,
401525897,7,True,42,17,
401525898,3,True,24,23,
401525898,7,True,24,23,
401525898,10,True,24,23,
401525898,14,True,24,23,
401531345,3,True,35,28,
401531345,7,True,35,28,
401531385,3,True,34,24,
401531385,7,True,34,24,
401531401,3,True,49,21,
401531401,7,True,49,21,
401531431,3,True,38,34,
401531917,3,False,17,20,3.0
401531917,7,False,17,20,3.0
401531917,10,False,17,20,3.0
401531918,3,False,23,26,3.0
401531918,7,False,23,26,3.0
401531918,10,False,23,26,3.0
401531919,3,False,31,77,46.0
401531919,7,False,31,77,46.0
401531919,10,False,31,77,46.0
401531919,14,False,31,77,46.0
401531919,21,False,31,77,46.0
401531921,3,True,31,24,
401531921,7,True,31,24,
401532443,3,True,32,31,
401532443,7,True,32,31,
401532443,10,True,32,31,
401532443,14,True,32,31,
401532445,3,True,30,27,
401532445,7,True,30,27,
401532619,3,True,45,10,
401532619,7,True,45,10,
401532619,10,True,45,10,
401532622,3,False,17,25,8.0
401532622,7,False,17,25,8.0
401532622,10,False,17,25,8.0
401532623,3,True,24,13,
401532623,7,True,24,13,
401532624,3,False,27,31,4.0
401532624,7,False,27,31,4.0
401520424,3,True,17,7,
401520425,3,False,10,13,3.0
401520425,7,False,10,13,3.0
401520425,10,False,10,13,3.0
401520427,3,True,27,24,
401520429,3,True,24,15,
401520429,7,True,24,15,
401520429,10,True,24,15,
401520430,3,True,31,23,
401520430,7,True,31,23,
401520431,3,False,43,45,2.0
401520431,7,False,43,45,2.0
401520431,10,False,43,45,2.0
401520432,3,False,31,38,7.0
401520432,7,False,31,38,7.0
401520433,3,True,42,30,
401520433,7,True,42,30,
401520433,10,True,42,30,
401520436,3,True,28,14,
401520436,7,True,28,14,
401520437,3,False,17,20,3.0
401520437,7,False,17,20,3.0
401520437,10,False,17,20,3.0
401520437,14,False,17,20,3.0
401520438,3,True,35,31,
401520438,7,True,35,31,
401520438,10,True,35,31,
401520440,3,False,20,23,3.0
401520443,3,False,18,31,13.0
401520443,7,False,18,31,13.0
401520443,10,False,18,31,13.0
401520443,14,False,18,31,13.0
401524064,3,True,59,23,
401524065,3,True,56,23,
401524066,3,False,7,33,26.0
401524066,7,False,7,33,26.0
401524066,10,False,7,33,26.0
401524066,14,False,7,33,26.0
401524066,21,False,7,33,26.0
401525560,3,True,45,20,
401525560,7,True,45,20,
401525561,3,True,30,19,
401525561,7,True,30,19,
401525562,3,False,20,39,19.0
401525562,7,False,20,39,19.0
401525562,10,False,20,39,19.0
401525562,14,False,20,39,19.0
401525562,21,False,20,39,19.0
401525902,3,True,34,31,
401525903,3,True,49,16,
401525904,3,False,35,42,7.0
401525904,7,False,35,42,7.0
401525905,3,True,40,34,
401525905,7,True,40,34,
401525905,10,True,40,34,
401525905,14,True,40,34,
401525906,3,True,27,13,
401525906,7,True,27,13,
401531346,3,False,27,29,2.0
401531376,3,True,29,16,
401531386,3,True,45,42,
401531386,7,True,45,42,
401531386,10,True,45,42,
401531386,14,True,45,42,
401531410,3,True,48,14,
401531410,7,True,48,14,
401531421,3,True,24,21,
401531421,7,True,24,21,
401531922,3,True,55,27,
401531922,7,True,55,27,
401531922,10,True,55,27,
401531924,3,False,21,35,14.0
401531924,7,False,21,35,14.0
401531924,10,False,21,35,14.0
401531924,14,False,21,35,14.0
401531924,21,False,21,35,14.0
401531925,3,True,25,24,
401531925,7,True,25,24,
401531925,10,True,25,24,
401531925,14,True,25,24,
401531925,21,True,25,24,
401531927,3,True,35,17,
401531928,3,False,44,52,8.0
401531928,7,False,44,52,8.0
401531928,10,False,44,52,8.0
401531928,14,False,44,52,8.0
401531928,21,False,44,52,8.0
401532449,3,False,11,24,13.0
401532449,7,False,11,24,13.0
401532449,10,False,11,24,13.0
401532449,14,False,11,24,13.0
401532449,21,False,11,24,13.0
401532452,3,True,25,14,
401532452,7,True,25,14,
401532452,10,True,25,14,
401532453,3,True,37,27,
401532453,7,True,37,27,
401532454,3,True,17,15,
401532626,3,False,24,27,3.0
401532626,7,False,24,27,3.0
401532626,10,False,24,27,3.0
401532626,14,False,24,27,3.0
401532627,3,False,18,33,15.0
401532627,7,False,18,33,15.0
401532627,10,False,18,33,15.0
401532627,14,False,18,33,15.0
401532628,3,False,31,37,6.0
401532628,7,False,31,37,6.0
401532628,10,False,31,37,6.0
401532628,14,False,31,37,6.0
401532629,3,True,44,41,
401539475,3,False,31,34,3.0
401539475,7,False,31,34,3.0
401539475,10,False,31,34,3.0
401539475,14,False,31,34,3.0
401539476,3,True,49,35,
401539476,7,True,49,35,
401539477,3,False,14,26,12.0
401539477,7,False,14,26,12.0
401539477,10,False,14,26,12.0
401539478,3,False,6,16,10.0
401539478,7,False,6,16,10.0
401539478,10,False,6,16,10.0
401539481,3,False,14,23,9.0
401539481,7,False,14,23,9.0
401539481,10,False,14,23,9.0
401539483,3,False,24,27,3.0
401539483,7,False,24,27,3.0
401539483,10,False,24,27,3.0
401520445,3,True,17,11,
401520445,7,True,17,11,
401520445,10,True,17,11,
401520445,14,True,17,11,
401677077,3,True,30,23,
401677077,7,True,30,23,
401677077,10,True,30,23,
401677079,3,True,27,17,
401677079,7,True,27,17,
401677081,3,True,24,13,
401677082,3,False,26,31,5.0
401677082,7,False,26,31,5.0
401677082,10,False,26,31,5.0
401677082,14,False,26,31,5.0
401677085,3,True,44,15,
401677085,7,True,44,15,
401677085,10,True,44,15,
401677085,14,True,44,15,
401677085,21,True,44,15,
401677086,3,True,28,20,
401677086,7,True,28,20,
401677086,10,True,28,20,
401677087,3,True,41,39,
401677088,3,True,44,41,
401677088,7,True,44,41,
401677088,10,True,44,41,
401677088,14,True,44,41,
401677089,3,False,31,38,7.0
401677089,7,False,31,38,7.0
401677089,10,False,31,38,7.0
401677089,14,False,31,38,7.0
401677090,3,False,20,21,1.0
401677090,7,False,20,21,1.0
401677091,3,False,27,35,8.0
401677091,7,False,27,35,8.0
401677091,10,False,27,35,8.0
401677091,14,False,27,35,8.0
401677091,21,False,27,35,8.0
401677092,3,False,26,39,13.0
401677092,7,False,26,39,13.0
401677092,10,False,26,39,13.0
401677092,14,False,26,39,13.0
401677093,3,False,31,35,4.0
401677093,7,False,31,35,4.0
401677093,10,False,31,35,4.0
401677093,14,False,31,35,4.0
401677094,3,False,14,27,13.0
401677094,7,False,14,27,13.0
401677094,10,False,14,27,13.0
401677094,14,False,14,27,13.0
401677097,3,False,41,42,1.0
401677097,7,False,41,42,1.0
401677098,3,False,21,26,5.0
401677098,7,False,21,26,5.0
401677098,10,False,21,26,5.0
401677099,3,False,14,36,22.0
401677099,7,False,14,36,22.0
401677099,10,False,14,36,22.0
401677099,14,False,14,36,22.0
401677099,21,False,14,36,22.0
401677101,3,True,27,24,
401677101,7,True,27,24,
401677101,10,True,27,24,
401677102,3,False,13,19,6.0
401677102,7,False,13,19,6.0
401677102,10,False,13,19,6.0
401677102,14,False,13,19,6.0
401677103,3,False,17,21,4.0
401677104,3,False,31,44,13.0
401677104,7,False,31,44,13.0
401677104,10,False,31,44,13.0
401677104,14,False,31,44,13.0
401677104,21,False,31,44,13.0
401677106,3,True,30,28,
401677106,7,True,30,28,
401677107,3,True,24,10,
401677107,7,True,24,10,
401677176,3,True,38,24,
401677176,7,True,38,24,
401677180,3,False,46,48,2.0
401677180,7,False,46,48,2.0
401677182,3,True,39,31,
401677184,3,True,23,10,
401677188,3,True,43,17,
401677189,3,False,24,27,3.0
401677189,7,False,24,27,3.0
401677190,3,False,34,35,1.0
401677190,7,False,34,35,1.0
401677190,10,False,34,35,1.0
401677190,14,False,34,35,1.0
401677192,3,True,34,23,
401677192,7,True,34,23,
401729867,3,True,52,35,
401729867,7,True,52,35,
401628329,3,True,23,19,
401628332,3,False,13,23,10.0
401628332,7,False,13,23,10.0
401628332,10,False,13,23,10.0
401628333,3,False,27,34,7.0
401628333,7,False,27,34,7.0
401628333,10,False,27,34,7.0
401628333,14,False,27,34,7.0
401628334,3,False,20,27,7.0
401628334,7,False,20,27,7.0
401628448,3,True,19,17,
401628448,7,True,19,17,
401628455,3,True,52,6,
401628459,3,True,16,13,
401628459,7,True,16,13,
401628459,10,True,16,13,
401629039,3,False,14,28,14.0
401629039,7,False,14,28,14.0
401629039,10,False,14,28,14.0
401629039,14,False,14,28,14.0
401629039,21,False,14,28,14.0
401634300,3,True,34,27,
401634300,7,True,34,27,
401634304,3,True,38,22,
401634306,3,False,13,28,15.0
401634306,7,False,13,28,15.0
401634306,10,False,13,28,15.0
401634306,14,False,13,28,15.0
401635525,3,False,21,24,3.0
401635525,7,False,21,24,3.0
401636608,3,True,61,39,
401636608,7,True,61,39,
401636611,3,False,7,27,20.0
401636611,7,False,7,27,20.0
401636611,10,False,7,27,20.0
401636611,14,False,7,27,20.0
401636611,21,False,7,27,20.0
401640998,3,False,27,55,28.0
401640998,7,False,27,55,28.0
401640998,10,False,27,55,28.0
401640998,14,False,27,55,28.0
401640998,21,False,27,55,28.0
401641039,3,False,14,34,20.0
401641039,7,False,14,34,20.0
401641039,10,False,14,34,20.0
401641039,14,False,14,34,20.0
401641039,21,False,14,34,20.0
401643696,3,True,29,24,
401643696,7,True,29,24,
401643696,10,True,29,24,
401643701,3,False,26,28,2.0
401643701,7,False,26,28,2.0
401643701,10,False,26,28,2.0
401643774,3,True,30,7,
401643775,3,False,38,52,14.0
401643775,7,False,38,52,14.0
401643775,10,False,38,52,14.0
401643775,14,False,38,52,14.0
401628335,3,True,42,16,
401628336,3,True,39,31,
401628336,7,True,39,31,
401628336,10,True,39,31,
401628336,14,True,39,31,
401628337,3,False,14,21,7.0
401628337,7,False,14,21,7.0
401628337,10,False,14,21,7.0
401628337,14,False,14,21,7.0
401628340,3,False,6,31,25.0
401628340,7,False,6,31,25.0
401628340,10,False,6,31,25.0
401628340,14,False,6,31,25.0
401628340,21,False,6,31,25.0
401628462,3,False,17,23,6.0
401628465,3,False,24,27,3.0
401628469,3,True,37,34,
401628469,7,True,37,34,
401628470,3,True,34,27,
401628470,7,True,34,27,
401628470,10,True,34,27,
401628473,3,True,30,9,
401628977,3,False,14,16,2.0
401634765,3,False,15,18,3.0
401634765,7,False,15,18,3.0
401635533,3,False,20,26,6.0
401635534,3,False,28,31,3.0
401635534,7,False,28,31,3.0
401635534,10,False,28,31,3.0
401635534,14,False,28,31,3.0
401635639,3,True,31,30,
401635639,7,True,31,30,
401635639,10,True,31,30,
401635639,14,True,31,30,
401636616,3,True,34,27,
401636616,7,True,34,27,
401636616,10,True,34,27,
401636616,14,True,34,27,
401636616,21,True,34,27,
401636859,3,False,16,37,21.0
401636859,7,False,16,37,21.0
401636859,10,False,16,37,21.0
401636859,14,False,16,37,21.0
401636859,21,False,16,37,21.0
401640979,3,False,16,52,36.0
401640979,7,False,16,52,36.0
401640979,10,False,16,52,36.0
401640979,14,False,16,52,36.0
401640979,21,False,16,52,36.0
401640989,3,True,30,24,
401640989,7,True,30,24,
401640989,10,True,30,24,
401640989,14,True,30,24,
401641016,3,True,34,10,
401641016,7,True,34,10,
401643705,3,False,7,17,10.0
401643705,7,False,7,17,10.0
401643705,10,False,7,17,10.0
401643708,3,True,20,17,
401643708,7,True,20,17,
401643778,3,False,14,20,6.0
401643778,7,False,14,20,6.0
401643778,10,False,14,20,6.0
401643779,3,True,28,24,
401643779,7,True,28,24,
401643779,10,True,28,24,
401643780,3,False,6,32,26.0
401643780,7,False,6,32,26.0
401643780,10,False,6,32,26.0
401643780,14,False,6,32,26.0
401643780,21,False,6,32,26.0
401645323,3,False,7,24,17.0
401645323,7,False,7,24,17.0
401645323,10,False,7,24,17.0
401645323,14,False,7,24,17.0
401628350,3,True,42,10,
401628351,3,True,37,27,
401628351,7,True,37,27,
401628351,10,True,37,27,
401628351,14,True,37,27,
401628352,3,True,45,19,
401628354,3,True,13,12,
401628356,3,False,17,41,24.0
401628356,7,False,17,41,24.0
401628356,10,False,17,41,24.0
401628356,14,False,17,41,24.0
401628356,21,False,17,41,24.0
401628357,3,True,27,21,
401628357,7,True,27,21,
401628357,10,True,27,21,
401628359,3,True,36,33,
401628359,7,True,36,33,
401628359,10,True,36,33,
401628359,14,True,36,33,
401628362,3,False,32,36,4.0
401628362,7,False,32,36,4.0
401628362,10,False,32,36,4.0
401628477,3,True,38,21,
401628478,3,False,13,27,14.0
401628478,7,False,13,27,14.0
401628478,10,False,13,27,14.0
401628478,14,False,13,27,14.0
401628484,3,False,19,24,5.0
401628484,7,False,19,24,5.0
401629030,3,True,26,21,
401635541,3,True,31,10,
401635542,3,False,12,20,8.0
401635542,7,False,12,20,8.0
401635542,10,False,12,20,8.0
401635542,14,False,12,20,8.0
401635546,3,True,30,20,
401635546,7,True,30,20,
401635546,10,True,30,20,
401635547,3,False,34,38,4.0
401635547,7,False,34,38,4.0
401636861,3,True,28,9,
401636863,3,False,20,23,3.0
401636864,3,True,31,7,
401636864,7,True,31,7,
401636867,3,False,28,31,3.0
401636867,7,False,28,31,3.0
401636868,3,True,66,21,
401636868,7,True,66,21,
401636870,3,True,38,21,
401636870,7,True,38,21,
401636870,10,True,38,21,
401640980,3,True,38,20,
401640980,7,True,38,20,
401640990,3,True,28,10,
401640999,3,False,34,37,3.0
401640999,7,False,34,37,3.0
401640999,10,False,34,37,3.0
401641017,3,True,31,10,
401643785,3,True,21,19,
401643785,7,True,21,19,
401643785,10,True,21,19,
401643785,14,True,21,19,
401643789,3,True,49,24,
401643789,7,True,49,24,
401643789,10,True,49,24,
401643789,14,True,49,24,
401628363,3,False,14,24,10.0
401628363,7,False,14,24,10.0
401628363,10,False,14,24,10.0
401628365,3,True,34,17,
401628368,3,True,30,27,
401628368,7,True,30,27,
401628485,3,False,24,31,7.0
401628485,7,False,24,31,7.0
401628487,3,True,31,14,
401628487,7,True,31,14,
401628489,3,False,24,27,3.0
401628489,7,False,24,27,3.0
401628489,10,False,24,27,3.0
401628489,14,False,24,27,3.0
401628490,3,True,23,19,
401628490,7,True,23,19,
401628492,3,True,49,14,
401628492,7,True,49,14,
401628494,3,False,23,26,3.0
401628494,7,False,23,26,3.0
401628494,10,False,23,26,3.0
401628494,14,False,23,26,3.0
401628979,3,True,28,3,
401634766,3,False,24,26,2.0
401634766,7,False,24,26,2.0
401634766,10,False,24,26,2.0
401635552,3,True,59,35,
401635552,7,True,59,35,
401635553,3,True,45,17,
401635553,7,True,45,17,
401635554,3,True,31,19,
401635554,7,True,31,19,
401635556,3,False,50,70,20.0
401635556,7,False,50,70,20.0
401635556,10,False,50,70,20.0
401635556,14,False,50,70,20.0
401635556,21,False,50,70,20.0
401635557,3,False,42,66,24.0
401635557,7,False,42,66,24.0
401635557,10,False,42,66,24.0
401635557,14,False,42,66,24.0
401635557,21,False,42,66,24.0
401636872,3,False,9,38,29.0
401636872,7,False,9,38,29.0
401636872,10,False,9,38,29.0
401636872,14,False,9,38,29.0
401636872,21,False,9,38,29.0
401636874,3,True,38,31,
401636874,7,True,38,31,
401636874,10,True,38,31,
401636874,14,True,38,31,
401636876,3,True,22,19,
401636879,3,True,32,28,
401636879,7,True,32,28,
401636879,10,True,32,28,
401640991,3,True,35,24,
401640991,7,True,35,24,
401640991,10,True,35,24,
401640991,14,True,35,24,
401641008,3,False,20,23,3.0
401641008,7,False,20,23,3.0
401641008,10,False,20,23,3.0
401641034,3,True,31,11,
401641037,3,False,21,26,5.0
401643714,3,True,54,52,
401643714,7,True,54,52,
401643714,10,True,54,52,
401643714,14,True,54,52,
401643715,3,False,29,45,16.0
401643715,7,False,29,45,16.0
401643715,10,False,29,45,16.0
401643715,14,False,29,45,16.0
401643716,3,True,44,17,
401643790,3,False,14,48,34.0
401643790,7,False,14,48,34.0
401643790,10,False,14,48,34.0
401643790,14,False,14,48,34.0
401643790,21,False,14,48,34.0
401643791,3,True,41,33,
401643791,7,True,41,33,
401644735,3,True,37,34,
401644735,7,True,37,34,
401644735,10,True,37,34,
401644736,3,False,20,23,3.0
401645329,3,False,44,56,12.0
401645329,7,False,44,56,12.0
401645329,10,False,44,56,12.0
401645329,14,False,44,56,12.0
401628373,3,True,21,17,
401628373,7,True,21,17,
401628374,3,False,34,41,7.0
401628374,7,False,34,41,7.0
401628374,10,False,34,41,7.0
401628374,14,False,34,41,7.0
401628374,21,False,34,41,7.0
401628375,3,False,21,27,6.0
401628375,7,False,21,27,6.0
401628377,3,False,17,20,3.0
401628495,3,True,21,7,
401628495,7,True,21,7,
401628499,3,True,28,10,
401628501,3,True,21,18,
401628502,3,True,38,21,
401628502,7,True,38,21,
401628502,10,True,38,21,
401628980,3,True,31,24,
401628980,7,True,31,24,
401629043,3,True,23,20,
401634767,3,True,38,34,
401634767,7,True,38,34,
401634767,10,True,38,34,
401635560,3,True,21,20,
401635560,7,True,21,20,
401635560,10,True,21,20,
401635560,14,True,21,20,
401635659,3,False,38,41,3.0
401635659,7,False,38,41,3.0
401635659,10,False,38,41,3.0
401636880,3,False,28,34,6.0
401636880,7,False,28,34,6.0
401636880,10,False,28,34,6.0
401636880,14,False,28,34,6.0
401636880,21,False,28,34,6.0
401636882,3,False,27,38,11.0
401636882,7,False,27,38,11.0
401636882,10,False,27,38,11.0
401636883,3,True,42,20,
401636884,3,True,44,41,
401636884,7,True,44,41,
401636884,10,True,44,41,
401636885,3,False,21,48,27.0
401636885,7,False,21,48,27.0
401636885,10,False,21,48,27.0
401636885,14,False,21,48,27.0
401636885,21,False,21,48,27.0
401636886,3,False,10,23,13.0
401636886,7,False,10,23,13.0
401636886,10,False,10,23,13.0
401640981,3,False,10,17,7.0
401640981,7,False,10,17,7.0
401640981,10,False,10,17,7.0
401640981,14,False,10,17,7.0
401643718,3,False,19,31,12.0
401643718,7,False,19,31,12.0
401643718,10,False,19,31,12.0
401643721,3,True,22,21,
401643721,7,True,22,21,
401643721,10,True,22,21,
401643792,3,False,21,38,17.0
401643792,7,False,21,38,17.0
401643792,10,False,21,38,17.0
401643792,14,False,21,38,17.0
401643795,3,False,27,30,3.0
401643795,7,False,27,30,3.0
401643796,3,False,9,13,4.0
401644738,3,True,30,10,
401645333,3,False,20,21,1.0
401645334,3,True,30,20,
401645334,7,True,30,20,
401645334,10,True,30,20,
401645336,3,True,52,20,
401628379,3,False,14,19,5.0
401628380,3,False,13,24,11.0
401628380,7,False,13,24,11.0
401628380,10,False,13,24,11.0
401628380,14,False,13,24,11.0
401628380,21,False,13,24,11.0
401628384,3,False,35,40,5.0
401628384,7,False,35,40,5.0
401628384,10,False,35,40,5.0
401628384,14,False,35,40,5.0
401628505,3,True,27,17,
401628507,3,False,17,24,7.0
401628507,7,False,17,24,7.0
401629033,3,True,29,20,
401629044,3,True,34,20,
401634779,3,False,41,44,3.0
401634779,7,False,41,44,3.0
401634779,10,False,41,44,3.0
401634779,14,False,41,44,3.0
401635567,3,True,24,14,
401635567,7,True,24,14,
401635567,10,True,24,14,
401635567,14,True,24,14,
401635568,3,True,39,38,
401635568,7,True,39,38,
401635568,10,True,39,38,
401635568,14,True,39,38,
401635568,21,True,39,38,
401635570,3,True,24,14,
401635571,3,False,27,34,7.0
401635571,7,False,27,34,7.0
401635571,10,False,27,34,7.0
401635572,3,True,34,24,
401635638,3,False,30,34,4.0
401635638,7,False,30,34,4.0
401635638,10,False,30,34,4.0
401636887,3,False,22,28,6.0
401636887,7,False,22,28,6.0
401636887,10,False,22,28,6.0
401636887,14,False,22,28,6.0
401636888,3,True,35,31,
401636888,7,True,35,31,
401636889,3,True,43,21,
401636889,7,True,43,21,
401636889,10,True,43,21,
401636890,3,False,14,38,24.0
401636890,7,False,14,38,24.0
401636890,10,False,14,38,24.0
401636890,14,False,14,38,24.0
401636890,21,False,14,38,24.0
401636891,3,False,19,30,11.0
401636891,7,False,19,30,11.0
401636891,10,False,19,30,11.0
401636891,14,False,19,30,11.0
401643724,3,True,39,31,
401643724,7,True,39,31,
401643725,3,True,27,24,
401643726,3,True,35,31,
401643726,7,True,35,31,
401643798,3,True,45,37,
401643798,7,True,45,37,
401643798,10,True,45,37,
401643799,3,True,52,37,
401643800,3,False,16,18,2.0
401643801,3,False,19,21,2.0
401643801,7,False,19,21,2.0
401644740,3,True,27,20,
401644741,3,True,45,42,
401644741,7,True,45,42,
401645340,3,False,24,55,31.0
401645340,7,False,24,55,31.0
401645340,10,False,24,55,31.0
401645340,14,False,24,55,31.0
401645340,21,False,24,55,31.0
401628385,3,True,27,25,
401628386,3,True,41,31,
401628387,3,False,13,20,7.0
401628387,7,False,13,20,7.0
401628387,10,False,13,20,7.0
401628390,3,True,34,3,
401628391,3,True,23,17,
401628391,7,True,23,17,
401628391,10,True,23,17,
401628511,3,True,50,49,
401628513,3,False,10,37,27.0
401628513,7,False,10,37,27.0
401628513,10,False,10,37,27.0
401628513,14,False,10,37,27.0
401628513,21,False,10,37,27.0
401628514,3,True,21,17,
401628514,7,True,21,17,
401628514,10,True,21,17,
401628516,3,True,33,30,
401628516,7,True,33,30,
401628516,10,True,33,30,
401628516,14,True,33,30,
401628517,3,False,7,42,35.0
401628517,7,False,7,42,35.0
401628517,10,False,7,42,35.0
401628517,14,False,7,42,35.0
401628517,21,False,7,42,35.0
401628981,3,True,49,7,
401628981,7,True,49,7,
401635575,3,True,17,15,
401635576,3,True,49,14,
401635576,7,True,49,14,
401635578,3,True,24,20,
401635578,7,True,24,20,
401636892,3,False,19,27,8.0
401636892,7,False,19,27,8.0
401636893,3,True,41,19,
401636893,7,True,41,19,
401636894,3,True,31,28,
401636894,7,True,31,28,
401636895,3,False,13,19,6.0
401636895,7,False,13,19,6.0
401636895,10,False,13,19,6.0
401636896,3,True,28,16,
401636896,7,True,28,16,
401640982,3,True,31,24,
401640982,7,True,31,24,
401641002,3,True,54,13,
401641009,3,True,48,21,
401641009,7,True,48,21,
401643727,3,True,52,37,
401643731,3,False,37,42,5.0
401643731,7,False,37,42,5.0
401643731,10,False,37,42,5.0
401643732,3,False,24,27,3.0
401643805,3,False,14,21,7.0
401643805,7,False,14,21,7.0
401643805,10,False,14,21,7.0
401643805,14,False,14,21,7.0
401643806,3,True,34,24,
401643807,3,True,38,21,
401643808,3,True,41,9,
401644742,3,True,34,24,
401644742,7,True,34,24,
401644742,10,True,34,24,
401644742,14,True,34,24,
401644744,3,False,7,17,10.0
401644744,7,False,7,17,10.0
401644744,10,False,7,17,10.0
401644745,3,False,15,30,15.0
401644745,7,False,15,30,15.0
401644745,10,False,15,30,15.0
401644745,14,False,15,30,15.0
401644745,21,False,15,30,15.0
401645343,3,True,41,37,
401645343,7,True,41,37,
401645343,10,True,41,37,
401645344,3,False,27,29,2.0
401645344,7,False,27,29,2.0
401645344,10,False,27,29,2.0
401628393,3,False,20,48,28.0
401628393,7,False,20,48,28.0
401628393,10,False,20,48,28.0
401628393,14,False,20,48,28.0
401628393,21,False,20,48,28.0
401628394,3,True,34,24,
401628394,7,True,34,24,
401628395,3,True,21,17,
401628395,7,True,21,17,
401628395,10,True,21,17,
401628395,14,True,21,17,
401628397,3,False,17,24,7.0
401628397,7,False,17,24,7.0
401628398,3,False,15,30,15.0
401628398,7,False,15,30,15.0
401628398,10,False,15,30,15.0
401628398,14,False,15,30,15.0
401628398,21,False,15,30,15.0
401628399,3,True,24,14,
401628399,7,True,24,14,
401628518,3,False,7,21,14.0
401628518,7,False,7,21,14.0
401628518,10,False,7,21,14.0
401628518,14,False,7,21,14.0
401628520,3,False,20,32,12.0
401628520,7,False,20,32,12.0
401628520,10,False,20,32,12.0
401628524,3,False,32,35,3.0
401628524,7,False,32,35,3.0
401628524,10,False,32,35,3.0
401628524,14,False,32,35,3.0
401628982,3,True,31,13,
401628982,7,True,31,13,
401634769,3,True,23,16,
401635587,3,False,23,24,1.0
401635588,3,True,48,31,
401635588,7,True,48,31,
401635589,3,True,52,45,
401636897,3,False,7,34,27.0
401636897,7,False,7,34,27.0
401636897,10,False,7,34,27.0
401636897,14,False,7,34,27.0
401636897,21,False,7,34,27.0
401636898,3,True,38,35,
401636898,7,True,38,35,
401636899,3,True,24,14,
401636899,7,True,24,14,
401636900,3,True,38,35,
401636900,7,True,38,35,
401636900,10,True,38,35,
401636900,14,True,38,35,
401636902,3,False,35,59,24.0
401636902,7,False,35,59,24.0
401636902,10,False,35,59,24.0
401636902,14,False,35,59,24.0
401636902,21,False,35,59,24.0
401636903,3,False,7,13,6.0
401636903,7,False,7,13,6.0
401636903,10,False,7,13,6.0
401640983,3,False,21,30,9.0
401640983,7,False,21,30,9.0
401641010,3,False,30,33,3.0
401641010,7,False,30,33,3.0
401641038,3,False,14,31,17.0
401641038,7,False,14,31,17.0
401641038,10,False,14,31,17.0
401641038,14,False,14,31,17.0
401643735,3,True,24,21,
401643735,7,True,24,21,
401643736,3,True,42,10,
401643737,3,True,50,45,
401643737,7,True,50,45,
401643737,10,True,50,45,
401643737,14,True,50,45,
401643739,3,True,33,25,
401643739,7,True,33,25,
401643739,10,True,33,25,
401643812,3,False,14,28,14.0
401643812,7,False,14,28,14.0
401643812,10,False,14,28,14.0
401643812,14,False,14,28,14.0
401643812,21,False,14,28,14.0
401643813,3,False,14,24,10.0
401643813,7,False,14,24,10.0
401643813,10,False,14,24,10.0
401643813,14,False,14,24,10.0
401644749,3,True,48,41,
401644749,7,True,48,41,
401644750,3,True,38,34,
401644750,7,True,38,34,
401644750,10,True,38,34,
401644750,14,True,38,34,
401644751,3,False,6,13,7.0
401644751,7,False,6,13,7.0
401645345,3,True,35,25,
401645345,7,True,35,25,
401645345,10,True,35,25,
401645348,3,True,38,24,
401645348,7,True,38,24,
401645349,3,True,52,44,
401645349,7,True,52,44,
401645350,3,True,24,10,
401628401,3,False,10,24,14.0
401628401,7,False,10,24,14.0
401628401,10,False,10,24,14.0
401628401,14,False,10,24,14.0
401628402,3,True,26,14,
401628404,3,True,38,23,
401628404,7,True,38,23,
401628404,10,True,38,23,
401628405,3,True,27,24,
401628405,7,True,27,24,
401628527,3,True,40,14,
401628527,7,True,40,14,
401628527,10,True,40,14,
401628529,3,True,24,17,
401628529,7,True,24,17,
401628530,3,True,21,17,
401628531,3,True,28,13,
401629035,3,True,17,10,
401634771,3,True,31,27,
401634771,7,True,31,27,
401634771,10,True,31,27,
401634771,14,True,31,27,
401635595,3,True,28,27,
401635595,7,True,28,27,
401635597,3,True,21,6,
401635598,3,False,14,41,27.0
401635598,7,False,14,41,27.0
401635598,10,False,14,41,27.0
401635598,14,False,14,41,27.0
401635598,21,False,14,41,27.0
401636905,3,False,26,31,5.0
401636905,7,False,26,31,5.0
401636905,10,False,26,31,5.0
401636905,14,False,26,31,5.0
401636906,3,True,38,28,
401636908,3,False,14,17,3.0
401636909,3,True,29,27,
401636909,7,True,29,27,
401636910,3,True,35,34,
401636910,7,True,35,34,
401636910,10,True,35,34,
401636910,14,True,35,34,
401636911,3,False,24,37,13.0
401636911,7,False,24,37,13.0
401636911,10,False,24,37,13.0
401636911,14,False,24,37,13.0
401636911,21,False,24,37,13.0
401640993,3,False,24,27,3.0
401640993,7,False,24,27,3.0
401640993,10,False,24,27,3.0
401641003,3,True,42,20,
401641003,7,True,42,20,
401641011,3,True,14,10,
401641011,7,True,14,10,
401643740,3,True,29,24,
401643740,7,True,29,24,
401643741,3,True,17,6,
401643742,3,True,33,10,
401643742,7,True,33,10,
401643744,3,True,29,26,
401643744,7,True,29,26,
401643744,10,True,29,26,
401643745,3,True,27,25,
401643815,3,False,19,47,28.0
401643815,7,False,19,47,28.0
401643815,10,False,19,47,28.0
401643815,14,False,19,47,28.0
401643815,21,False,19,47,28.0
401643817,3,True,32,15,
401643818,3,True,34,31,
401643819,3,True,46,17,
401643819,7,True,46,17,
401644687,3,True,46,7,
401644752,3,False,21,25,4.0
401644752,7,False,21,25,4.0
401644752,10,False,21,25,4.0
401644752,14,False,21,25,4.0
401644752,21,False,21,25,4.0
401644753,3,False,23,25,2.0
401644753,7,False,23,25,2.0
401644753,10,False,23,25,2.0
401644754,3,False,26,41,15.0
401644754,7,False,26,41,15.0
401644754,10,False,26,41,15.0
401644754,14,False,26,41,15.0
401644755,3,True,47,16,
401645352,3,True,56,34,
401645352,7,True,56,34,
401645353,3,True,33,28,
401645353,7,True,33,28,
401628407,3,False,7,17,10.0
401628407,7,False,7,17,10.0
401628407,10,False,7,17,10.0
401628408,3,True,34,20,
401628408,7,True,34,20,
401628409,3,True,45,20,
401628409,7,True,45,20,
401628409,10,True,45,20,
401628411,3,False,20,44,24.0
401628411,7,False,20,44,24.0
401628411,10,False,20,44,24.0
401628411,14,False,20,44,24.0
401628411,21,False,20,44,24.0
401628412,3,True,28,18,
401628412,7,True,28,18,
401628534,3,True,47,10,
401628534,7,True,47,10,
401628534,10,True,47,10,
401628535,3,True,42,10,
401628537,3,False,20,27,7.0
401628537,7,False,20,27,7.0
401628537,10,False,20,27,7.0
401628537,14,False,20,27,7.0
401628538,3,False,20,26,6.0
401628538,7,False,20,26,6.0
401628538,10,False,20,26,6.0
401628538,14,False,20,26,6.0
401628539,3,True,20,13,
401628539,7,True,20,13,
401628539,10,True,20,13,
401628540,3,False,21,26,5.0
401628540,7,False,21,26,5.0
401628540,10,False,21,26,5.0
401635600,3,False,21,33,12.0
401635600,7,False,21,33,12.0
401635600,10,False,21,33,12.0
401635600,14,False,21,33,12.0
401635601,3,True,53,31,
401635601,7,True,53,31,
401635601,10,True,53,31,
401635602,3,True,35,11,
401635604,3,False,31,38,7.0
401636912,3,True,37,34,
401636912,7,True,37,34,
401636913,3,False,19,24,5.0
401636913,7,False,19,24,5.0
401636914,3,False,22,23,1.0
401636914,7,False,22,23,1.0
401640985,3,True,34,13,
401640994,3,False,21,31,10.0
401640994,7,False,21,31,10.0
401640994,10,False,21,31,10.0
401641012,3,True,9,3,
401641026,3,False,13,20,7.0
401641026,7,False,13,20,7.0
401643749,3,False,20,21,1.0
401643749,7,False,20,21,1.0
401643750,3,False,45,49,4.0
401643750,7,False,45,49,4.0
401643820,3,False,17,23,6.0
401643820,7,False,17,23,6.0
401643821,3,False,20,28,8.0
401643821,7,False,20,28,8.0
401643822,3,True,28,23,
401643822,7,True,28,23,
401643823,3,False,30,34,4.0
401643823,7,False,30,34,4.0
401643823,10,False,30,34,4.0
401643824,3,False,24,38,14.0
401643824,7,False,24,38,14.0
401643824,10,False,24,38,14.0
401643824,14,False,24,38,14.0
401643824,21,False,24,38,14.0
401644757,3,True,41,30,
401644757,7,True,41,30,
401644758,3,True,29,28,
401644758,7,True,29,28,
401644758,10,True,29,28,
401645357,3,True,44,21,
401645357,7,True,44,21,
401645359,3,False,36,44,8.0
401645359,7,False,36,44,8.0
401645359,10,False,36,44,8.0
401645359,14,False,36,44,8.0
401645360,3,False,10,24,14.0
401645360,7,False,10,24,14.0
401645360,10,False,10,24,14.0
401645360,14,False,10,24,14.0
401628414,3,False,10,28,18.0
401628414,7,False,10,28,18.0
401628414,10,False,10,28,18.0
401628414,14,False,10,28,18.0
401628415,3,False,23,30,7.0
401628415,7,False,23,30,7.0
401628541,3,True,20,15,
401628542,3,False,17,20,3.0
401628542,7,False,17,20,3.0
401628543,3,True,39,18,
401628544,3,False,19,26,7.0
401628544,7,False,19,26,7.0
401628544,10,False,19,26,7.0
401629037,3,True,31,23,
401629037,7,True,31,23,
401629037,10,True,31,23,
401629037,14,True,31,23,
401629045,3,True,14,3,
401635606,3,True,37,31,
401635606,7,True,37,31,
401635607,3,True,24,14,
401635607,7,True,24,14,
401635608,3,False,19,29,10.0
401635608,7,False,19,29,10.0
401635608,10,False,19,29,10.0
401635608,14,False,19,29,10.0
401635609,3,False,23,28,5.0
401635609,7,False,23,28,5.0
401635609,10,False,23,28,5.0
401635610,3,False,19,24,5.0
401635610,7,False,19,24,5.0
401636917,3,True,35,31,
401636917,7,True,35,31,
401636917,10,True,35,31,
401636918,3,False,24,31,7.0
401636918,7,False,24,31,7.0
401636918,10,False,24,31,7.0
401636918,14,False,24,31,7.0
401636919,3,False,36,45,9.0
401636919,7,False,36,45,9.0
401636919,10,False,36,45,9.0
401636919,14,False,36,45,9.0
401636919,21,False,36,45,9.0
401636921,3,True,41,27,
401636921,7,True,41,27,
401636921,10,True,41,27,
401636922,3,True,22,21,
401636922,7,True,22,21,
401636922,10,True,22,21,
401640995,3,True,37,17,
401640995,7,True,37,17,
401641004,3,True,44,37,
401641004,7,True,44,37,
401643751,3,False,28,36,8.0
401643751,7,False,28,36,8.0
401643751,10,False,28,36,8.0
401643751,14,False,28,36,8.0
401643754,3,False,16,21,5.0
401643754,7,False,16,21,5.0
401643754,10,False,16,21,5.0
401643755,3,False,13,24,11.0
401643755,7,False,13,24,11.0
401643755,10,False,13,24,11.0
401643825,3,False,24,38,14.0
401643825,7,False,24,38,14.0
401643825,10,False,24,38,14.0
401643825,14,False,24,38,14.0
401643825,21,False,24,38,14.0
401644688,3,True,27,21,
401644688,7,True,27,21,
401644762,3,True,42,28,
401644762,7,True,42,28,
401645362,3,True,27,20,
401628420,3,False,16,27,11.0
401628420,7,False,16,27,11.0
401628420,10,False,16,27,11.0
401628421,3,True,31,17,
401628421,7,True,31,17,
401628421,10,True,31,17,
401628423,3,True,34,30,
401628548,3,False,17,31,14.0
401628548,7,False,17,31,14.0
401628548,10,False,17,31,14.0
401628548,14,False,17,31,14.0
401628549,3,True,28,20,
401628549,7,True,28,20,
401628549,10,True,28,20,
401628549,14,True,28,20,
401628550,3,True,31,7,
401628550,7,True,31,7,
401628551,3,True,16,13,
401628551,7,True,16,13,
401629046,3,True,35,34,
401629046,7,True,35,34,
401629046,10,True,35,34,
401635517,3,False,35,38,3.0
401635517,7,False,35,38,3.0
401635517,10,False,35,38,3.0
401635581,3,False,25,33,8.0
401635581,7,False,25,33,8.0
401635581,10,False,25,33,8.0
401635581,14,False,25,33,8.0
401635582,3,True,24,20,
401635583,3,True,31,24,
401636924,3,False,13,17,4.0
401636924,7,False,13,17,4.0
401636925,3,True,49,24,
401636926,3,True,34,17,
401636926,7,True,34,17,
401636927,3,False,14,24,10.0
401636927,7,False,14,24,10.0
401636927,10,False,14,24,10.0
401636927,14,False,14,24,10.0
401636927,21,False,14,24,10.0
401636929,3,True,49,35,
401636929,7,True,49,35,
401640986,3,True,34,31,
401640986,7,True,34,31,
401641013,3,False,7,12,5.0
401641022,3,True,23,17,
401643757,3,False,0,28,28.0
401643757,7,False,0,28,28.0
401643757,10,False,0,28,28.0
401643757,14,False,0,28,28.0
401643757,21,False,0,28,28.0
401643758,3,True,42,21,
401643758,7,True,42,21,
401643758,10,True,42,21,
401643758,14,True,42,21,
401643760,3,False,10,55,45.0
401643760,7,False,10,55,45.0
401643760,10,False,10,55,45.0
401643760,14,False,10,55,45.0
401643760,21,False,10,55,45.0
401643761,3,False,35,38,3.0
401643761,7,False,35,38,3.0
401643830,3,False,20,28,8.0
401643830,7,False,20,28,8.0
401643831,3,False,20,27,7.0
401643831,7,False,20,27,7.0
401643831,10,False,20,27,7.0
401643832,3,True,31,19,
401643832,7,True,31,19,
401643833,3,True,35,32,
401643834,3,False,22,24,2.0
401643834,7,False,22,24,2.0
401643834,10,False,22,24,2.0
401643834,14,False,22,24,2.0
401643834,21,False,22,24,2.0
401644689,3,True,34,7,
401644689,7,True,34,7,
401644763,3,True,51,48,
401644763,7,True,51,48,
401644763,10,True,51,48,
401644763,14,True,51,48,
401644764,3,True,31,13,
401644765,3,True,37,10,
401644766,3,True,29,16,
401644767,3,True,35,10,
401644767,7,True,35,10,
401645365,3,True,38,31,
401645365,7,True,38,31,
401645365,10,True,38,31,
401645368,3,False,24,59,35.0
401645368,7,False,24,59,35.0
401645368,10,False,24,59,35.0
401645368,14,False,24,59,35.0
401645368,21,False,24,59,35.0
401645369,3,True,18,15,
401628428,3,False,41,43,2.0
401628428,7,False,41,43,2.0
401628428,10,False,41,43,2.0
401628428,14,False,41,43,2.0
401628428,21,False,41,43,2.0
401628429,3,False,17,24,7.0
401628429,7,False,17,24,7.0
401628430,3,True,59,21,
401628430,7,True,59,21,
401628431,3,True,24,17,
401628431,7,True,24,17,
401628432,3,True,39,20,
401628433,3,False,3,24,21.0
401628433,7,False,3,24,21.0
401628433,10,False,3,24,21.0
401628433,14,False,3,24,21.0
401628433,21,False,3,24,21.0
401628554,3,False,31,38,7.0
401628554,7,False,31,38,7.0
401628555,3,True,38,15,
401628555,7,True,38,15,
401628558,3,True,24,17,
401628559,3,True,26,25,
401628559,7,True,26,25,
401628559,10,True,26,25,
401628561,3,True,19,13,
401628572,3,False,38,41,3.0
401628572,7,False,38,41,3.0
401634772,3,True,30,29,
401635612,3,False,21,41,20.0
401635612,7,False,21,41,20.0
401635612,10,False,21,41,20.0
401635612,14,False,21,41,20.0
401635612,21,False,21,41,20.0
401635613,3,True,24,21,
401635613,7,True,24,21,
401635613,10,True,24,21,
401635613,14,True,24,21,
401635615,3,False,28,31,3.0
401635615,7,False,28,31,3.0
401635615,10,False,28,31,3.0
401635615,14,False,28,31,3.0
401636932,3,False,21,37,16.0
401636932,7,False,21,37,16.0
401636932,10,False,21,37,16.0
401636932,14,False,21,37,16.0
401636936,3,True,31,28,
401636937,3,False,21,31,10.0
401636937,7,False,21,31,10.0
401636937,10,False,21,31,10.0
401636937,14,False,21,31,10.0
401636937,21,False,21,31,10.0
401640987,3,False,26,27,1.0
401640987,7,False,26,27,1.0
401640987,10,False,26,27,1.0
401640996,3,True,38,21,
401640996,7,True,38,21,
401641027,3,False,21,36,15.0
401641027,7,False,21,36,15.0
401641027,10,False,21,36,15.0
401641027,14,False,21,36,15.0
401643763,3,False,19,22,3.0
401643763,7,False,19,22,3.0
401643763,10,False,19,22,3.0
401643764,3,True,17,13,
401643765,3,True,28,22,
401643765,7,True,28,22,
401643766,3,True,41,20,
401643766,7,True,41,20,
401643766,10,True,41,20,
401643766,14,True,41,20,
401643767,3,True,27,16,
401643836,3,False,20,34,14.0
401643836,7,False,20,34,14.0
401643836,10,False,20,34,14.0
401643836,14,False,20,34,14.0
401643837,3,False,6,26,20.0
401643837,7,False,6,26,20.0
401643837,10,False,6,26,20.0
401643837,14,False,6,26,20.0
401643838,3,False,35,42,7.0
401643838,7,False,35,42,7.0
401643838,10,False,35,42,7.0
401643839,3,True,28,21,
401643839,7,True,28,21,
401643840,3,True,51,30,
401643840,7,True,51,30,
401643841,3,True,35,14,
401643841,7,True,35,14,
401643842,3,False,44,52,8.0
401643842,7,False,44,52,8.0
401643842,10,False,44,52,8.0
401643842,14,False,44,52,8.0
401643842,21,False,44,52,8.0
401644769,3,True,38,17,
401644769,7,True,38,17,
401644770,3,False,14,16,2.0
401644770,7,False,14,16,2.0
401644770,10,False,14,16,2.0
401644772,3,False,20,37,17.0
401644772,7,False,20,37,17.0
401644772,10,False,20,37,17.0
401644772,14,False,20,37,17.0
401644773,3,False,7,24,17.0
401644773,7,False,7,24,17.0
401644773,10,False,7,24,17.0
401644773,14,False,7,24,17.0
401645371,3,True,39,27,
401645372,3,False,28,40,12.0
401645372,7,False,28,40,12.0
401645372,10,False,28,40,12.0
401645373,3,False,14,40,26.0
401645373,7,False,14,40,26.0
401645373,10,False,14,40,26.0
401645373,14,False,14,40,26.0
401645373,21,False,14,40,26.0
401628439,3,True,44,42,
401628439,7,True,44,42,
401628439,10,True,44,42,
401628439,14,True,44,42,
401628441,3,True,37,17,
401628442,3,True,26,14,
401628443,3,True,28,21,
401628443,7,True,28,21,
401628444,3,False,14,17,3.0
401628446,3,True,36,23,
401628446,7,True,36,23,
401628446,10,True,36,23,
401628446,14,True,36,23,
401628562,3,True,13,10,
401628562,7,True,13,10,
401628562,10,True,13,10,
401628563,3,True,38,28,
401628565,3,True,44,7,
401628565,7,True,44,7,
401628566,3,False,10,13,3.0
401628566,7,False,10,13,3.0
401628567,3,False,14,41,27.0
401628567,7,False,14,41,27.0
401628567,10,False,14,41,27.0
401628567,14,False,14,41,27.0
401628567,21,False,14,41,27.0
401628570,3,True,20,13,
401629038,3,True,47,42,
401629038,7,True,47,42,
401635622,3,True,23,17,
401635622,7,True,23,17,
401635622,10,True,23,17,
401635622,14,True,23,17,
401635623,3,False,38,42,4.0
401635623,7,False,38,42,4.0
401635624,3,False,30,35,5.0
401635624,7,False,30,35,5.0
401635625,3,True,34,31,
401636939,3,False,14,28,14.0
401636939,7,False,14,28,14.0
401636939,10,False,14,28,14.0
401636939,14,False,14,28,14.0
401636939,21,False,14,28,14.0
401636941,3,True,45,17,
401636941,7,True,45,17,
401636942,3,True,30,18,
401636942,7,True,30,18,
401640997,3,False,18,20,2.0
401640997,7,False,18,20,2.0
401640997,10,False,18,20,2.0
401640997,14,False,18,20,2.0
401641006,3,False,17,19,2.0
401641006,7,False,17,19,2.0
401641031,3,False,35,42,7.0
401641031,7,False,35,42,7.0
401641031,10,False,35,42,7.0
401641031,14,False,35,42,7.0
401643770,3,True,42,37,
401643770,7,True,42,37,
401643770,10,True,42,37,
401643770,14,True,42,37,
401643771,3,False,30,38,8.0
401643771,7,False,30,38,8.0
401643771,10,False,30,38,8.0
401643771,14,False,30,38,8.0
401643843,3,True,45,38,
401643843,7,True,45,38,
401643845,3,True,48,27,
401643848,3,True,37,23,
401643849,3,True,52,20,
401643849,7,True,52,20,
401644691,3,False,12,28,16.0
401644691,7,False,12,28,16.0
401644691,10,False,12,28,16.0
401644691,14,False,12,28,16.0
401644775,3,False,14,21,7.0
401644775,7,False,14,21,7.0
401644775,10,False,14,21,7.0
401644775,14,False,14,21,7.0
401645376,3,False,24,34,10.0
401645376,7,False,24,34,10.0
401645376,10,False,24,34,10.0
401645376,14,False,24,34,10.0
401645377,3,True,29,27,
401645378,3,True,29,24,
401645379,3,False,20,34,14.0
401645379,7,False,20,34,14.0
401645379,10,False,20,34,14.0
401645379,14,False,20,34,14.0
401645379,21,False,20,34,14.0
401645380,3,False,16,63,47.0
401645380,7,False,16,63,47.0
401645380,10,False,16,63,47.0
401645380,14,False,16,63,47.0
401645380,21,False,16,63,47.0
401645382,3,False,28,35,7.0
401645382,7,False,28,35,7.0
401645382,10,False,28,35,7.0
401645382,14,False,28,35,7.0
401645382,21,False,28,35,7.0
401673462,3,False,14,35,21.0
401673462,7,False,14,35,21.0
401673462,10,False,14,35,21.0
401673462,14,False,14,35,21.0
401673462,21,False,14,35,21.0
401673463,3,False,31,34,3.0
401673463,7,False,31,34,3.0
401673463,10,False,31,34,3.0
401673463,14,False,31,34,3.0
401673465,3,True,45,19,
401673466,3,True,52,12,
401673467,3,False,3,38,35.0
401673467,7,False,3,38,35.0
401673467,10,False,3,38,35.0
401673467,14,False,3,38,35.0
401673467,21,False,3,38,35.0
401673469,3,False,19,22,3.0
401673469,7,False,19,22,3.0
401673470,3,False,3,31,28.0
401673470,7,False,3,31,28.0
401673470,10,False,3,31,28.0
401673470,14,False,3,31,28.0
401673470,21,False,3,31,28.0
401645383,3,False,13,31,18.0
401645383,7,False,13,31,18.0
401645383,10,False,13,31,18.0
401645383,14,False,13,31,18.0
